{
	"credit": "Made with Blockbench",
	"texture_size": [64, 64],
	"textures": {
		"0": "block/silver_vent",
		"particle": "block/silver_vent"
	},
	"elements": [
		{
			"from": [0, 0, 0],
			"to": [16, 16, 16],
			"faces": {
				"north": {"uv": [4, 0, 8, 3.75], "texture": "#0"},
				"east": {"uv": [4, 3.75, 8, 7.5], "texture": "#0"},
				"south": {"uv": [4, 7.5, 8, 11.25], "texture": "#0"},
				"west": {"uv": [0, 8, 4, 11.75], "texture": "#0"},
				"up": {"uv": [4, 4, 0, 0], "texture": "#0"},
				"down": {"uv": [4, 4, 0, 8], "texture": "#0"}
			}
		},
		{
			"from": [1, 15, 13],
			"to": [15, 17, 15],
			"faces": {
				"north": {"uv": [9, 7, 12.5, 7.25], "texture": "#0"},
				"east": {"uv": [9.5, 2.5, 10, 2.75], "texture": "#0"},
				"south": {"uv": [9, 7.25, 12.5, 7.5], "texture": "#0"},
				"west": {"uv": [9.5, 2.75, 10, 3], "texture": "#0"},
				"up": {"uv": [11.5, 0.5, 8, 0], "texture": "#0"},
				"down": {"uv": [11.5, 0.5, 8, 1], "texture": "#0"}
			}
		},
		{
			"from": [1, 15, 1],
			"to": [15, 17, 3],
			"faces": {
				"north": {"uv": [9, 7.5, 12.5, 7.75], "texture": "#0"},
				"east": {"uv": [9.5, 3, 10, 3.25], "texture": "#0"},
				"south": {"uv": [9, 7.75, 12.5, 8], "texture": "#0"},
				"west": {"uv": [9.5, 3.25, 10, 3.5], "texture": "#0"},
				"up": {"uv": [11.5, 1.5, 8, 1], "texture": "#0"},
				"down": {"uv": [11.5, 1.5, 8, 2], "texture": "#0"}
			}
		},
		{
			"from": [1, 15, 3],
			"to": [3, 17, 13],
			"faces": {
				"north": {"uv": [9.5, 3.5, 10, 3.75], "texture": "#0"},
				"east": {"uv": [9, 8, 11.5, 8.25], "texture": "#0"},
				"south": {"uv": [9.5, 3.75, 10, 4], "texture": "#0"},
				"west": {"uv": [9, 8.25, 11.5, 8.5], "texture": "#0"},
				"up": {"uv": [8.5, 4.5, 8, 2], "texture": "#0"},
				"down": {"uv": [8.5, 4.5, 8, 7], "texture": "#0"}
			}
		},
		{
			"from": [13, 15, 3],
			"to": [15, 17, 13],
			"faces": {
				"north": {"uv": [9.5, 4, 10, 4.25], "texture": "#0"},
				"east": {"uv": [9, 8.5, 11.5, 8.75], "texture": "#0"},
				"south": {"uv": [9.5, 4.25, 10, 4.5], "texture": "#0"},
				"west": {"uv": [9, 8.75, 11.5, 9], "texture": "#0"},
				"up": {"uv": [8.5, 9.5, 8, 7], "texture": "#0"},
				"down": {"uv": [9, 2, 8.5, 4.5], "texture": "#0"}
			}
		},
		{
			"from": [5, 15, 3],
			"to": [7, 17, 13],
			"faces": {
				"north": {"uv": [9.5, 4.5, 10, 4.75], "texture": "#0"},
				"east": {"uv": [9, 9, 11.5, 9.25], "texture": "#0"},
				"south": {"uv": [9.5, 4.75, 10, 5], "texture": "#0"},
				"west": {"uv": [9, 9.25, 11.5, 9.5], "texture": "#0"},
				"up": {"uv": [9, 7, 8.5, 4.5], "texture": "#0"},
				"down": {"uv": [9, 7, 8.5, 9.5], "texture": "#0"}
			}
		},
		{
			"from": [9, 15, 3],
			"to": [11, 17, 13],
			"faces": {
				"north": {"uv": [9.5, 5, 10, 5.25], "texture": "#0"},
				"east": {"uv": [9.5, 2, 12, 2.25], "texture": "#0"},
				"south": {"uv": [9.5, 5.25, 10, 5.5], "texture": "#0"},
				"west": {"uv": [9.5, 2.25, 12, 2.5], "texture": "#0"},
				"up": {"uv": [9.5, 4.5, 9, 2], "texture": "#0"},
				"down": {"uv": [9.5, 4.5, 9, 7], "texture": "#0"}
			}
		}
	],
	"display": {
		"thirdperson_righthand": {
			"scale": [0.4, 0.4, 0.4]
		},
		"thirdperson_lefthand": {
			"scale": [0.4, 0.4, 0.4]
		},
		"firstperson_righthand": {
			"scale": [0.4, 0.4, 0.4]
		},
		"firstperson_lefthand": {
			"scale": [0.4, 0.4, 0.4]
		},
		"ground": {
			"scale": [0.4, 0.4, 0.4]
		},
		"gui": {
			"rotation": [31, -45, 0],
			"scale": [0.6, 0.6, 0.6]
		},
		"fixed": {
			"scale": [0.4, 0.4, 0.4]
		}
	}
}