{
	"credit": "Made with Blockbench",
	"texture_size": [64, 64],
	"textures": {
		"0": "block/pickup",
		"particle": "block/pickup"
	},
	"elements": [
		{
			"from": [0, 0, 0],
			"to": [16, 16, 16],
			"faces": {
				"north": {"uv": [0, 0, 4, 4], "texture": "#0"},
				"east": {"uv": [0, 4, 4, 8], "texture": "#0"},
				"south": {"uv": [4, 0, 8, 4], "texture": "#0"},
				"west": {"uv": [4, 4, 8, 8], "texture": "#0"},
				"up": {"uv": [4, 12, 0, 8], "texture": "#0"},
				"down": {"uv": [12, 0, 8, 4], "texture": "#0"}
			}
		},
		{
			"from": [13, 16, 6],
			"to": [15, 17, 10],
			"faces": {
				"north": {"uv": [5.5, 8.25, 6, 8.5], "texture": "#0"},
				"east": {"uv": [8.5, 5.5, 9.5, 5.75], "texture": "#0"},
				"south": {"uv": [5.5, 8.5, 6, 8.75], "texture": "#0"},
				"west": {"uv": [8.5, 5.75, 9.5, 6], "texture": "#0"},
				"up": {"uv": [8.5, 5.75, 8, 4.75], "texture": "#0"},
				"down": {"uv": [8.5, 5.75, 8, 6.75], "texture": "#0"}
			}
		},
		{
			"from": [1, 16, 6],
			"to": [3, 17, 10],
			"faces": {
				"north": {"uv": [5.5, 8.75, 6, 9], "texture": "#0"},
				"east": {"uv": [8.5, 6, 9.5, 6.25], "texture": "#0"},
				"south": {"uv": [6.25, 9.75, 6.75, 10], "texture": "#0"},
				"west": {"uv": [8.5, 6.25, 9.5, 6.5], "texture": "#0"},
				"up": {"uv": [6.5, 9, 6, 8], "texture": "#0"},
				"down": {"uv": [7, 8, 6.5, 9], "texture": "#0"}
			}
		},
		{
			"from": [1, 16, 10],
			"to": [4, 17, 11],
			"faces": {
				"north": {"uv": [9, 8, 9.75, 8.25], "texture": "#0"},
				"east": {"uv": [9.5, 9.75, 9.75, 10], "texture": "#0"},
				"south": {"uv": [8.5, 9, 9.25, 9.25], "texture": "#0"},
				"west": {"uv": [9.75, 9.75, 10, 10], "texture": "#0"},
				"up": {"uv": [4.75, 9.5, 4, 9.25], "texture": "#0"},
				"down": {"uv": [5.5, 9.25, 4.75, 9.5], "texture": "#0"}
			}
		},
		{
			"from": [12, 16, 10],
			"to": [15, 17, 11],
			"faces": {
				"north": {"uv": [5.5, 9.25, 6.25, 9.5], "texture": "#0"},
				"east": {"uv": [4, 10, 4.25, 10.25], "texture": "#0"},
				"south": {"uv": [6.25, 9.25, 7, 9.5], "texture": "#0"},
				"west": {"uv": [10, 4, 10.25, 4.25], "texture": "#0"},
				"up": {"uv": [10, 6.75, 9.25, 6.5], "texture": "#0"},
				"down": {"uv": [7.75, 9.25, 7, 9.5], "texture": "#0"}
			}
		},
		{
			"from": [1, 16, 5],
			"to": [4, 17, 6],
			"faces": {
				"north": {"uv": [7.75, 9.25, 8.5, 9.5], "texture": "#0"},
				"east": {"uv": [4.25, 10, 4.5, 10.25], "texture": "#0"},
				"south": {"uv": [9.25, 8.25, 10, 8.5], "texture": "#0"},
				"west": {"uv": [10, 4.25, 10.25, 4.5], "texture": "#0"},
				"up": {"uv": [9.25, 9.5, 8.5, 9.25], "texture": "#0"},
				"down": {"uv": [10, 8.5, 9.25, 8.75], "texture": "#0"}
			}
		},
		{
			"from": [12, 16, 5],
			"to": [15, 17, 6],
			"faces": {
				"north": {"uv": [9.25, 8.75, 10, 9], "texture": "#0"},
				"east": {"uv": [4.5, 10, 4.75, 10.25], "texture": "#0"},
				"south": {"uv": [9.25, 9, 10, 9.25], "texture": "#0"},
				"west": {"uv": [10, 4.5, 10.25, 4.75], "texture": "#0"},
				"up": {"uv": [10, 9.5, 9.25, 9.25], "texture": "#0"},
				"down": {"uv": [4.75, 9.5, 4, 9.75], "texture": "#0"}
			}
		},
		{
			"from": [2, 16, 4],
			"to": [5, 17, 5],
			"faces": {
				"north": {"uv": [4.75, 9.5, 5.5, 9.75], "texture": "#0"},
				"east": {"uv": [4.75, 10, 5, 10.25], "texture": "#0"},
				"south": {"uv": [5.5, 9.5, 6.25, 9.75], "texture": "#0"},
				"west": {"uv": [10, 4.75, 10.25, 5], "texture": "#0"},
				"up": {"uv": [10.25, 5.75, 9.5, 5.5], "texture": "#0"},
				"down": {"uv": [10.25, 5.75, 9.5, 6], "texture": "#0"}
			}
		},
		{
			"from": [11, 16, 4],
			"to": [14, 17, 5],
			"faces": {
				"north": {"uv": [9.5, 6, 10.25, 6.25], "texture": "#0"},
				"east": {"uv": [5, 10, 5.25, 10.25], "texture": "#0"},
				"south": {"uv": [6.25, 9.5, 7, 9.75], "texture": "#0"},
				"west": {"uv": [10, 5, 10.25, 5.25], "texture": "#0"},
				"up": {"uv": [10.25, 6.5, 9.5, 6.25], "texture": "#0"},
				"down": {"uv": [7.75, 9.5, 7, 9.75], "texture": "#0"}
			}
		},
		{
			"from": [3, 16, 3],
			"to": [6, 17, 4],
			"faces": {
				"north": {"uv": [9.5, 7.5, 10.25, 7.75], "texture": "#0"},
				"east": {"uv": [5.25, 10, 5.5, 10.25], "texture": "#0"},
				"south": {"uv": [7.75, 9.5, 8.5, 9.75], "texture": "#0"},
				"west": {"uv": [10, 5.25, 10.25, 5.5], "texture": "#0"},
				"up": {"uv": [10.25, 8, 9.5, 7.75], "texture": "#0"},
				"down": {"uv": [9.25, 9.5, 8.5, 9.75], "texture": "#0"}
			}
		},
		{
			"from": [10, 16, 3],
			"to": [13, 17, 4],
			"faces": {
				"north": {"uv": [9.25, 9.5, 10, 9.75], "texture": "#0"},
				"east": {"uv": [5.5, 10, 5.75, 10.25], "texture": "#0"},
				"south": {"uv": [4, 9.75, 4.75, 10], "texture": "#0"},
				"west": {"uv": [5.75, 10, 6, 10.25], "texture": "#0"},
				"up": {"uv": [5.5, 10, 4.75, 9.75], "texture": "#0"},
				"down": {"uv": [6.25, 9.75, 5.5, 10], "texture": "#0"}
			}
		},
		{
			"from": [4, 16, 2],
			"to": [12, 17, 3],
			"faces": {
				"north": {"uv": [8, 6.75, 10, 7], "texture": "#0"},
				"east": {"uv": [6, 10, 6.25, 10.25], "texture": "#0"},
				"south": {"uv": [7, 8, 9, 8.25], "texture": "#0"},
				"west": {"uv": [6.25, 10, 6.5, 10.25], "texture": "#0"},
				"up": {"uv": [10, 7.25, 8, 7], "texture": "#0"},
				"down": {"uv": [10, 7.25, 8, 7.5], "texture": "#0"}
			}
		},
		{
			"from": [5, 16, 1],
			"to": [11, 17, 2],
			"faces": {
				"north": {"uv": [4, 8.5, 5.5, 8.75], "texture": "#0"},
				"east": {"uv": [6.5, 10, 6.75, 10.25], "texture": "#0"},
				"south": {"uv": [8.5, 4.75, 10, 5], "texture": "#0"},
				"west": {"uv": [10, 6.5, 10.25, 6.75], "texture": "#0"},
				"up": {"uv": [10, 5.25, 8.5, 5], "texture": "#0"},
				"down": {"uv": [10, 5.25, 8.5, 5.5], "texture": "#0"}
			}
		},
		{
			"from": [11, 16, 11],
			"to": [14, 17, 12],
			"rotation": {"angle": 0, "axis": "y", "origin": [0, 0, 16]},
			"faces": {
				"north": {"uv": [8.5, 6.5, 9.25, 6.75], "texture": "#0"},
				"east": {"uv": [6.75, 9.75, 7, 10], "texture": "#0"},
				"south": {"uv": [7, 8.5, 7.75, 8.75], "texture": "#0"},
				"west": {"uv": [7, 9.75, 7.25, 10], "texture": "#0"},
				"up": {"uv": [8.5, 8.75, 7.75, 8.5], "texture": "#0"},
				"down": {"uv": [9.25, 8.25, 8.5, 8.5], "texture": "#0"}
			}
		},
		{
			"from": [10, 16, 12],
			"to": [13, 17, 13],
			"rotation": {"angle": 0, "axis": "y", "origin": [0, 0, 16]},
			"faces": {
				"north": {"uv": [8.5, 8.5, 9.25, 8.75], "texture": "#0"},
				"east": {"uv": [7.25, 9.75, 7.5, 10], "texture": "#0"},
				"south": {"uv": [4, 8.75, 4.75, 9], "texture": "#0"},
				"west": {"uv": [7.5, 9.75, 7.75, 10], "texture": "#0"},
				"up": {"uv": [5.5, 9, 4.75, 8.75], "texture": "#0"},
				"down": {"uv": [7.75, 8.75, 7, 9], "texture": "#0"}
			}
		},
		{
			"from": [4, 16, 13],
			"to": [12, 17, 14],
			"rotation": {"angle": 0, "axis": "y", "origin": [0, 0, 16]},
			"faces": {
				"north": {"uv": [4, 8, 6, 8.25], "texture": "#0"},
				"east": {"uv": [7.75, 9.75, 8, 10], "texture": "#0"},
				"south": {"uv": [8, 4, 10, 4.25], "texture": "#0"},
				"west": {"uv": [8, 9.75, 8.25, 10], "texture": "#0"},
				"up": {"uv": [10, 4.5, 8, 4.25], "texture": "#0"},
				"down": {"uv": [10, 4.5, 8, 4.75], "texture": "#0"}
			}
		},
		{
			"from": [5, 16, 14],
			"to": [11, 17, 15],
			"rotation": {"angle": 0, "axis": "y", "origin": [0, 0, 16]},
			"faces": {
				"north": {"uv": [8, 7.5, 9.5, 7.75], "texture": "#0"},
				"east": {"uv": [9.75, 8, 10, 8.25], "texture": "#0"},
				"south": {"uv": [8, 7.75, 9.5, 8], "texture": "#0"},
				"west": {"uv": [8.25, 9.75, 8.5, 10], "texture": "#0"},
				"up": {"uv": [5.5, 8.5, 4, 8.25], "texture": "#0"},
				"down": {"uv": [8.5, 8.25, 7, 8.5], "texture": "#0"}
			}
		},
		{
			"from": [3, 16, 12],
			"to": [6, 17, 13],
			"rotation": {"angle": 0, "axis": "y", "origin": [0, 0, 16]},
			"faces": {
				"north": {"uv": [7.75, 8.75, 8.5, 9], "texture": "#0"},
				"east": {"uv": [8.5, 9.75, 8.75, 10], "texture": "#0"},
				"south": {"uv": [8.5, 8.75, 9.25, 9], "texture": "#0"},
				"west": {"uv": [8.75, 9.75, 9, 10], "texture": "#0"},
				"up": {"uv": [4.75, 9.25, 4, 9], "texture": "#0"},
				"down": {"uv": [5.5, 9, 4.75, 9.25], "texture": "#0"}
			}
		},
		{
			"from": [2, 16, 11],
			"to": [5, 17, 12],
			"rotation": {"angle": 0, "axis": "y", "origin": [0, 0, 16]},
			"faces": {
				"north": {"uv": [5.5, 9, 6.25, 9.25], "texture": "#0"},
				"east": {"uv": [9, 9.75, 9.25, 10], "texture": "#0"},
				"south": {"uv": [6.25, 9, 7, 9.25], "texture": "#0"},
				"west": {"uv": [9.25, 9.75, 9.5, 10], "texture": "#0"},
				"up": {"uv": [7.75, 9.25, 7, 9], "texture": "#0"},
				"down": {"uv": [8.5, 9, 7.75, 9.25], "texture": "#0"}
			}
		}
	],
	"groups": [
		{
			"name": "pickup",
			"origin": [0, 0, 16],
			"color": 0,
			"children": [0, 1, 2, 3, 4, 5, 6, 7, 8, 9, 10, 11, 12, 13, 14, 15, 16, 17, 18]
		}
	]
}