{
	"credit": "Made with Blockbench",
	"ambientocclusion": false,
	"textures": {
		"0": "block/redstone_dust_dot",
		"particle": "block/redstone_dust_dot"
	},
	"elements": [
		{
			"from": [5, 0, 5],
			"to": [11, 3, 11],
			"faces": {
				"north": {"uv": [6, 0, 12, 3], "texture": "#0"},
				"east": {"uv": [6, 3, 12, 6], "texture": "#0"},
				"south": {"uv": [6, 6, 12, 9], "texture": "#0"},
				"west": {"uv": [6, 9, 12, 12], "texture": "#0"},
				"up": {"uv": [6, 6, 0, 0], "texture": "#0"},
				"down": {"uv": [6, 6, 0, 12], "texture": "#0"}
			}
		}
	],
	"display": {}
}