{
	"credit": "Made with Blockbench",
	"ambientocclusion": false,
	"texture_size": [32, 32],
	"textures": {
		"0": "block/redstone_dust_side_alt",
		"particle": "block/redstone_dust_side_alt"
	},
	"elements": [
		{
			"from": [5, 0, 5],
			"to": [11, 3, 16],
			"faces": {
				"north": {"uv": [6, 0, 9, 1.5], "texture": "#0"},
				"east": {"uv": [0, 5.5, 5.5, 7], "texture": "#0"},
				"south": {"uv": [6, 1.5, 9, 3], "texture": "#0"},
				"west": {"uv": [5.5, 5.5, 11, 7], "texture": "#0"},
				"up": {"uv": [3, 5.5, 0, 0], "texture": "#0"},
				"down": {"uv": [6, 0, 3, 5.5], "texture": "#0"}
			}
		}
	]
}