{
	"credit": "Made with Blockbench",
	"ambientocclusion": false,
	"texture_size": [32, 32],
	"textures": {
		"0": "block/redstone_dust_up",
		"particle": "block/redstone_dust_up"
	},
	"elements": [
		{
			"from": [5, 3, 0],
			"to": [11, 19, 3],
			"faces": {
				"north": {"uv": [0, 0, 3, 8], "texture": "#0"},
				"east": {"uv": [6, 0, 7.5, 8], "texture": "#0"},
				"south": {"uv": [3, 0, 6, 8], "texture": "#0"},
				"west": {"uv": [7.5, 0, 9, 8], "texture": "#0"},
				"up": {"uv": [3, 9.5, 0, 8], "texture": "#0"},
				"down": {"uv": [6, 8, 3, 9.5], "texture": "#0"}
			}
		}
	]
}