{
	"credit": "Made with Blockbench",
	"textures": {
		"0": "slot_2:item/fn57/0",
		"particle": "slot_2:item/fn57/0"
	},
	"elements": [
		{
			"from": [7.35, 3.45405, 13.12523],
			"to": [8.65, 4.28405, 13.72523],
			"rotation": {"angle": -22.5, "axis": "x", "origin": [8, 4.35405, 9.22523]},
			"faces": {
				"north": {"uv": [0, 0, 4, 4], "texture": "#0"},
				"east": {"uv": [0, 0, 4, 4], "texture": "#0"},
				"south": {"uv": [0, 0, 4, 4], "texture": "#0"},
				"west": {"uv": [0, 0, 4, 4], "texture": "#0"},
				"up": {"uv": [0, 0, 4, 4], "texture": "#0"},
				"down": {"uv": [0, 0, 4, 4], "texture": "#0"}
			}
		},
		{
			"from": [7.9, 4.15405, 13.72523],
			"to": [8.1, 4.18405, 13.75523],
			"rotation": {"angle": -22.5, "axis": "x", "origin": [8, 4.35405, 9.22523]},
			"faces": {
				"north": {"uv": [12, 0, 16, 4], "texture": "#0"},
				"east": {"uv": [12, 0, 16, 4], "texture": "#0"},
				"south": {"uv": [12, 0, 16, 4], "texture": "#0"},
				"west": {"uv": [12, 0, 16, 4], "texture": "#0"},
				"up": {"uv": [12, 0, 16, 4], "texture": "#0"},
				"down": {"uv": [12, 0, 16, 4], "texture": "#0"}
			}
		},
		{
			"from": [7.75, 4.05405, 13.72523],
			"to": [8.25, 4.08405, 13.75523],
			"rotation": {"angle": -22.5, "axis": "x", "origin": [8, 4.35405, 9.22523]},
			"faces": {
				"north": {"uv": [12, 0, 16, 4], "texture": "#0"},
				"east": {"uv": [12, 0, 16, 4], "texture": "#0"},
				"south": {"uv": [12, 0, 16, 4], "texture": "#0"},
				"west": {"uv": [12, 0, 16, 4], "texture": "#0"},
				"up": {"uv": [12, 0, 16, 4], "texture": "#0"},
				"down": {"uv": [12, 0, 16, 4], "texture": "#0"}
			}
		},
		{
			"from": [7.68, 3.95405, 13.72523],
			"to": [8.32, 3.98405, 13.75523],
			"rotation": {"angle": -22.5, "axis": "x", "origin": [8, 4.35405, 9.22523]},
			"faces": {
				"north": {"uv": [12, 0, 16, 4], "texture": "#0"},
				"east": {"uv": [12, 0, 16, 4], "texture": "#0"},
				"south": {"uv": [12, 0, 16, 4], "texture": "#0"},
				"west": {"uv": [12, 0, 16, 4], "texture": "#0"},
				"up": {"uv": [12, 0, 16, 4], "texture": "#0"},
				"down": {"uv": [12, 0, 16, 4], "texture": "#0"}
			}
		},
		{
			"from": [7.65, 3.85405, 13.72523],
			"to": [8.35, 3.88405, 13.75523],
			"rotation": {"angle": -22.5, "axis": "x", "origin": [8, 4.35405, 9.22523]},
			"faces": {
				"north": {"uv": [12, 0, 16, 4], "texture": "#0"},
				"east": {"uv": [12, 0, 16, 4], "texture": "#0"},
				"south": {"uv": [12, 0, 16, 4], "texture": "#0"},
				"west": {"uv": [12, 0, 16, 4], "texture": "#0"},
				"up": {"uv": [12, 0, 16, 4], "texture": "#0"},
				"down": {"uv": [12, 0, 16, 4], "texture": "#0"}
			}
		},
		{
			"from": [7.68, 3.75405, 13.72523],
			"to": [8.32, 3.78405, 13.75523],
			"rotation": {"angle": -22.5, "axis": "x", "origin": [8, 4.35405, 9.22523]},
			"faces": {
				"north": {"uv": [12, 0, 16, 4], "texture": "#0"},
				"east": {"uv": [12, 0, 16, 4], "texture": "#0"},
				"south": {"uv": [12, 0, 16, 4], "texture": "#0"},
				"west": {"uv": [12, 0, 16, 4], "texture": "#0"},
				"up": {"uv": [12, 0, 16, 4], "texture": "#0"},
				"down": {"uv": [12, 0, 16, 4], "texture": "#0"}
			}
		},
		{
			"from": [7.75, 3.65405, 13.72523],
			"to": [8.25, 3.68405, 13.75523],
			"rotation": {"angle": -22.5, "axis": "x", "origin": [8, 4.35405, 9.22523]},
			"faces": {
				"north": {"uv": [12, 0, 16, 4], "texture": "#0"},
				"east": {"uv": [12, 0, 16, 4], "texture": "#0"},
				"south": {"uv": [12, 0, 16, 4], "texture": "#0"},
				"west": {"uv": [12, 0, 16, 4], "texture": "#0"},
				"up": {"uv": [12, 0, 16, 4], "texture": "#0"},
				"down": {"uv": [12, 0, 16, 4], "texture": "#0"}
			}
		},
		{
			"from": [7.9, 3.55405, 13.72523],
			"to": [8.1, 3.58405, 13.75523],
			"rotation": {"angle": -22.5, "axis": "x", "origin": [8, 4.35405, 9.22523]},
			"faces": {
				"north": {"uv": [12, 0, 16, 4], "texture": "#0"},
				"east": {"uv": [12, 0, 16, 4], "texture": "#0"},
				"south": {"uv": [12, 0, 16, 4], "texture": "#0"},
				"west": {"uv": [12, 0, 16, 4], "texture": "#0"},
				"up": {"uv": [12, 0, 16, 4], "texture": "#0"},
				"down": {"uv": [12, 0, 16, 4], "texture": "#0"}
			}
		},
		{
			"from": [7.35, 5.01502, 12.77277],
			"to": [8.65, 6.01502, 13.17277],
			"rotation": {"angle": 0, "axis": "y", "origin": [0, 0.01502, -0.02723]},
			"faces": {
				"north": {"uv": [0, 0, 4, 4], "texture": "#0"},
				"east": {"uv": [0, 0, 4, 4], "texture": "#0"},
				"south": {"uv": [0, 0, 4, 4], "texture": "#0"},
				"west": {"uv": [0, 0, 4, 4], "texture": "#0"},
				"up": {"uv": [0, 0, 4, 4], "texture": "#0"},
				"down": {"uv": [0, 0, 4, 4], "texture": "#0"}
			}
		},
		{
			"from": [7.35, 5, 7.5],
			"to": [8.65, 6, 13],
			"faces": {
				"north": {"uv": [0, 0, 4, 4], "texture": "#0"},
				"east": {"uv": [0, 0, 4, 4], "texture": "#0"},
				"south": {"uv": [0, 0, 4, 4], "texture": "#0"},
				"west": {"uv": [0, 0, 4, 4], "texture": "#0"},
				"up": {"uv": [0, 0, 4, 4], "texture": "#0"},
				"down": {"uv": [0, 0, 4, 4], "texture": "#0"}
			}
		},
		{
			"from": [8.7, 5.3, 9.1],
			"to": [8.8, 5.7, 9.5],
			"rotation": {"angle": 45, "axis": "x", "origin": [8.75, 5.5, 9.3]},
			"faces": {
				"north": {"uv": [4, 4, 8, 8], "rotation": 90, "texture": "#0"},
				"east": {"uv": [4, 4, 8, 8], "rotation": 90, "texture": "#0"},
				"south": {"uv": [4, 4, 8, 8], "rotation": 90, "texture": "#0"},
				"west": {"uv": [4, 4, 8, 8], "rotation": 90, "texture": "#0"},
				"up": {"uv": [4, 4, 8, 8], "rotation": 90, "texture": "#0"},
				"down": {"uv": [4, 4, 8, 8], "rotation": 90, "texture": "#0"}
			}
		},
		{
			"from": [8.7, 5.27847, 8.59176],
			"to": [8.8, 5.52847, 8.89176],
			"rotation": {"angle": 22.5, "axis": "x", "origin": [8.75, 5.47847, 9.19176]},
			"faces": {
				"north": {"uv": [4, 4, 8, 8], "rotation": 90, "texture": "#0"},
				"east": {"uv": [4, 4, 8, 8], "rotation": 90, "texture": "#0"},
				"south": {"uv": [4, 4, 8, 8], "rotation": 90, "texture": "#0"},
				"west": {"uv": [4, 4, 8, 8], "rotation": 90, "texture": "#0"},
				"up": {"uv": [4, 4, 8, 8], "rotation": 90, "texture": "#0"},
				"down": {"uv": [4, 4, 8, 8], "rotation": 90, "texture": "#0"}
			}
		},
		{
			"from": [8.6, 5.27847, 8.89176],
			"to": [8.7, 5.52847, 9.19176],
			"rotation": {"angle": 22.5, "axis": "x", "origin": [8.65, 5.47847, 9.19176]},
			"faces": {
				"north": {"uv": [4, 4, 8, 8], "rotation": 90, "texture": "#0"},
				"east": {"uv": [4, 4, 8, 8], "rotation": 180, "texture": "#0"},
				"south": {"uv": [4, 4, 8, 8], "rotation": 90, "texture": "#0"},
				"west": {"uv": [4, 4, 8, 8], "rotation": 90, "texture": "#0"},
				"up": {"uv": [4, 4, 8, 8], "rotation": 90, "texture": "#0"},
				"down": {"uv": [4, 4, 8, 8], "rotation": 90, "texture": "#0"}
			}
		},
		{
			"from": [8.7, 5.27847, 9.19176],
			"to": [8.8, 5.52847, 9.39176],
			"rotation": {"angle": 22.5, "axis": "x", "origin": [8.65, 5.47847, 9.19176]},
			"faces": {
				"north": {"uv": [4, 4, 8, 8], "rotation": 90, "texture": "#0"},
				"east": {"uv": [4, 4, 8, 8], "rotation": 270, "texture": "#0"},
				"south": {"uv": [4, 4, 8, 8], "rotation": 90, "texture": "#0"},
				"west": {"uv": [4, 4, 8, 8], "rotation": 90, "texture": "#0"},
				"up": {"uv": [4, 4, 8, 8], "rotation": 90, "texture": "#0"},
				"down": {"uv": [4, 4, 8, 8], "rotation": 90, "texture": "#0"}
			}
		},
		{
			"from": [7.9, 4.6, 9.3],
			"to": [8.1, 4.8, 9.8],
			"rotation": {"angle": -22.5, "axis": "x", "origin": [8, 4.75, 9.05]},
			"faces": {
				"north": {"uv": [12, 0, 16, 4], "rotation": 90, "texture": "#0"},
				"east": {"uv": [12, 0, 16, 4], "rotation": 90, "texture": "#0"},
				"south": {"uv": [12, 0, 16, 4], "rotation": 90, "texture": "#0"},
				"west": {"uv": [12, 0, 16, 4], "rotation": 90, "texture": "#0"},
				"up": {"uv": [12, 0, 16, 4], "rotation": 90, "texture": "#0"},
				"down": {"uv": [12, 0, 16, 4], "rotation": 90, "texture": "#0"}
			}
		},
		{
			"from": [7.9, 4.49186, 9.16184],
			"to": [8.1, 4.89186, 9.36184],
			"rotation": {"angle": 0, "axis": "x", "origin": [8, 4.64186, 9.31184]},
			"faces": {
				"north": {"uv": [12, 0, 16, 4], "texture": "#0"},
				"east": {"uv": [12, 0, 16, 4], "texture": "#0"},
				"south": {"uv": [12, 0, 16, 4], "texture": "#0"},
				"west": {"uv": [12, 0, 16, 4], "texture": "#0"},
				"up": {"uv": [12, 0, 16, 4], "texture": "#0"},
				"down": {"uv": [12, 0, 16, 4], "texture": "#0"}
			}
		},
		{
			"from": [7.9, 4.24916, 9.07378],
			"to": [8.1, 4.54916, 9.27378],
			"rotation": {"angle": 22.5, "axis": "x", "origin": [8, 4.29916, 9.17378]},
			"faces": {
				"north": {"uv": [12, 0, 16, 4], "texture": "#0"},
				"east": {"uv": [12, 0, 16, 4], "texture": "#0"},
				"south": {"uv": [12, 0, 16, 4], "texture": "#0"},
				"west": {"uv": [12, 0, 16, 4], "texture": "#0"},
				"up": {"uv": [12, 0, 16, 4], "texture": "#0"},
				"down": {"uv": [12, 0, 16, 4], "texture": "#0"}
			}
		},
		{
			"from": [7.9, 4.02935, 8.97025],
			"to": [8.1, 4.32935, 9.17025],
			"rotation": {"angle": 45, "axis": "x", "origin": [8, 4.17935, 9.07025]},
			"faces": {
				"north": {"uv": [12, 0, 16, 4], "texture": "#0"},
				"east": {"uv": [12, 0, 16, 4], "texture": "#0"},
				"south": {"uv": [12, 0, 16, 4], "texture": "#0"},
				"west": {"uv": [12, 0, 16, 4], "texture": "#0"},
				"up": {"uv": [12, 0, 16, 4], "texture": "#0"},
				"down": {"uv": [12, 0, 16, 4], "texture": "#0"}
			}
		},
		{
			"from": [7.4, 1.05, 10.35],
			"to": [8.6, 5.15, 12.35],
			"rotation": {"angle": -22.5, "axis": "x", "origin": [8, 3.5, 10.25]},
			"faces": {
				"north": {"uv": [0, 0, 4, 4], "rotation": 270, "texture": "#0"},
				"east": {"uv": [0, 0, 4, 4], "rotation": 270, "texture": "#0"},
				"south": {"uv": [0, 0, 4, 4], "rotation": 270, "texture": "#0"},
				"west": {"uv": [0, 0, 4, 4], "rotation": 270, "texture": "#0"},
				"up": {"uv": [0, 0, 4, 4], "rotation": 270, "texture": "#0"},
				"down": {"uv": [0, 0, 4, 4], "rotation": 270, "texture": "#0"}
			}
		},
		{
			"from": [7.4, 0.35, 12.05],
			"to": [8.6, 1.05, 12.35],
			"rotation": {"angle": -22.5, "axis": "x", "origin": [8, 3.5, 10.25]},
			"faces": {
				"north": {"uv": [0, 0, 4, 4], "rotation": 270, "texture": "#0"},
				"east": {"uv": [0, 0, 4, 4], "rotation": 270, "texture": "#0"},
				"south": {"uv": [0, 0, 4, 4], "rotation": 270, "texture": "#0"},
				"west": {"uv": [0, 0, 4, 4], "rotation": 270, "texture": "#0"},
				"up": {"uv": [0, 0, 4, 4], "rotation": 270, "texture": "#0"},
				"down": {"uv": [0, 0, 4, 4], "rotation": 270, "texture": "#0"}
			}
		},
		{
			"from": [7.45, 1.05, 10.25],
			"to": [8.55, 5.15, 10.35],
			"rotation": {"angle": -22.5, "axis": "x", "origin": [8, 3.5, 10.25]},
			"faces": {
				"north": {"uv": [12, 8, 16, 12], "rotation": 270, "texture": "#0"},
				"east": {"uv": [12, 8, 16, 12], "rotation": 270, "texture": "#0"},
				"south": {"uv": [12, 8, 16, 12], "rotation": 270, "texture": "#0"},
				"west": {"uv": [12, 8, 16, 12], "rotation": 270, "texture": "#0"},
				"up": {"uv": [12, 8, 16, 12], "rotation": 270, "texture": "#0"},
				"down": {"uv": [12, 8, 16, 12], "rotation": 270, "texture": "#0"}
			}
		},
		{
			"from": [7.7, 3.68227, 8.62315],
			"to": [8.3, 3.78227, 9.62315],
			"rotation": {"angle": 0, "axis": "x", "origin": [8, 3.53227, 11.37315]},
			"faces": {
				"north": {"uv": [0, 0, 4, 4], "rotation": 270, "texture": "#0"},
				"east": {"uv": [0, 0, 4, 4], "rotation": 270, "texture": "#0"},
				"south": {"uv": [0, 0, 4, 4], "rotation": 270, "texture": "#0"},
				"west": {"uv": [0, 0, 4, 4], "rotation": 270, "texture": "#0"},
				"up": {"uv": [0, 0, 4, 4], "rotation": 270, "texture": "#0"},
				"down": {"uv": [0, 0, 4, 4], "rotation": 270, "texture": "#0"}
			}
		},
		{
			"from": [7.7, 3.58227, 9.42315],
			"to": [8.3, 3.78227, 10.42315],
			"rotation": {"angle": 0, "axis": "x", "origin": [8, 3.53227, 11.37315]},
			"faces": {
				"north": {"uv": [0, 0, 4, 4], "rotation": 270, "texture": "#0"},
				"east": {"uv": [0, 0, 4, 4], "rotation": 270, "texture": "#0"},
				"south": {"uv": [0, 0, 4, 4], "rotation": 270, "texture": "#0"},
				"west": {"uv": [0, 0, 4, 4], "rotation": 270, "texture": "#0"},
				"up": {"uv": [0, 0, 4, 4], "rotation": 270, "texture": "#0"},
				"down": {"uv": [0, 0, 4, 4], "rotation": 270, "texture": "#0"}
			}
		},
		{
			"from": [7.7, 3.77741, 9.60422],
			"to": [8.3, 3.97741, 10.60422],
			"rotation": {"angle": -22.5, "axis": "x", "origin": [8, 3.92741, 10.10422]},
			"faces": {
				"north": {"uv": [0, 0, 4, 4], "rotation": 270, "texture": "#0"},
				"east": {"uv": [0, 0, 4, 4], "rotation": 270, "texture": "#0"},
				"south": {"uv": [0, 0, 4, 4], "rotation": 270, "texture": "#0"},
				"west": {"uv": [0, 0, 4, 4], "rotation": 270, "texture": "#0"},
				"up": {"uv": [0, 0, 4, 4], "rotation": 270, "texture": "#0"},
				"down": {"uv": [0, 0, 4, 4], "rotation": 270, "texture": "#0"}
			}
		},
		{
			"from": [7.7, 3.78227, 7.82315],
			"to": [8.3, 3.88227, 8.92315],
			"rotation": {"angle": 0, "axis": "x", "origin": [8, 3.53227, 11.67315]},
			"faces": {
				"north": {"uv": [0, 0, 4, 4], "rotation": 270, "texture": "#0"},
				"east": {"uv": [0, 0, 4, 4], "rotation": 270, "texture": "#0"},
				"south": {"uv": [0, 0, 4, 4], "rotation": 270, "texture": "#0"},
				"west": {"uv": [0, 0, 4, 4], "rotation": 270, "texture": "#0"},
				"up": {"uv": [0, 0, 4, 4], "rotation": 270, "texture": "#0"},
				"down": {"uv": [0, 0, 4, 4], "rotation": 270, "texture": "#0"}
			}
		},
		{
			"from": [7.7, 4.08227, 7.52315],
			"to": [8.3, 5.08227, 7.62315],
			"rotation": {"angle": 0, "axis": "x", "origin": [8, 4.53227, 7.57315]},
			"faces": {
				"north": {"uv": [0, 0, 4, 4], "texture": "#0"},
				"east": {"uv": [0, 0, 4, 4], "texture": "#0"},
				"south": {"uv": [0, 0, 4, 4], "texture": "#0"},
				"west": {"uv": [0, 0, 4, 4], "texture": "#0"},
				"up": {"uv": [0, 0, 4, 4], "texture": "#0"},
				"down": {"uv": [0, 0, 4, 4], "texture": "#0"}
			}
		},
		{
			"from": [7.7, 4.6223, 7.32315],
			"to": [8.3, 5.1223, 7.42315],
			"rotation": {"angle": 45, "axis": "x", "origin": [8, 4.43227, 7.57315]},
			"faces": {
				"north": {"uv": [0, 0, 4, 4], "texture": "#0"},
				"east": {"uv": [0, 0, 4, 4], "texture": "#0"},
				"south": {"uv": [0, 0, 4, 4], "texture": "#0"},
				"west": {"uv": [0, 0, 4, 4], "texture": "#0"},
				"up": {"uv": [0, 0, 4, 4], "texture": "#0"},
				"down": {"uv": [0, 0, 4, 4], "texture": "#0"}
			}
		},
		{
			"from": [7.7, 3.7444, 7.63173],
			"to": [8.3, 4.1644, 7.73173],
			"rotation": {"angle": -45, "axis": "x", "origin": [8, 3.9944, 7.68173]},
			"faces": {
				"north": {"uv": [0, 0, 4, 4], "texture": "#0"},
				"east": {"uv": [0, 0, 4, 4], "texture": "#0"},
				"south": {"uv": [0, 0, 4, 4], "texture": "#0"},
				"west": {"uv": [0, 0, 4, 4], "texture": "#0"},
				"up": {"uv": [0, 0, 4, 4], "texture": "#0"},
				"down": {"uv": [0, 0, 4, 4], "texture": "#0"}
			}
		},
		{
			"from": [7.7, 4.803, 7.2324],
			"to": [8.3, 5.103, 7.3524],
			"rotation": {"angle": 45, "axis": "x", "origin": [8, 4.50298, 7.50244]},
			"faces": {
				"north": {"uv": [0, 0, 4, 4], "texture": "#0"},
				"east": {"uv": [0, 0, 4, 4], "texture": "#0"},
				"south": {"uv": [0, 0, 4, 4], "texture": "#0"},
				"west": {"uv": [0, 0, 4, 4], "texture": "#0"},
				"up": {"uv": [0, 0, 4, 4], "texture": "#0"},
				"down": {"uv": [0, 0, 4, 4], "texture": "#0"}
			}
		},
		{
			"from": [7.4, 1.2365, 11.18757],
			"to": [8.6, 2.0365, 13.08757],
			"rotation": {"angle": 0, "axis": "x", "origin": [8, 3.2865, 12.23757]},
			"faces": {
				"north": {"uv": [0, 0, 4, 4], "rotation": 270, "texture": "#0"},
				"east": {"uv": [0, 0, 4, 4], "rotation": 270, "texture": "#0"},
				"south": {"uv": [0, 0, 4, 4], "rotation": 270, "texture": "#0"},
				"west": {"uv": [0, 0, 4, 4], "rotation": 270, "texture": "#0"},
				"up": {"uv": [0, 0, 4, 4], "rotation": 270, "texture": "#0"},
				"down": {"uv": [0, 0, 4, 4], "rotation": 270, "texture": "#0"}
			}
		},
		{
			"from": [7.4, 1.2365, 12.88757],
			"to": [8.6, 1.5365, 13.48757],
			"rotation": {"angle": 0, "axis": "x", "origin": [8, 3.1865, 12.13757]},
			"faces": {
				"north": {"uv": [12, 4, 16, 8], "rotation": 270, "texture": "#0"},
				"east": {"uv": [12, 4, 16, 8], "rotation": 270, "texture": "#0"},
				"south": {"uv": [12, 4, 16, 8], "rotation": 270, "texture": "#0"},
				"west": {"uv": [12, 4, 16, 8], "rotation": 270, "texture": "#0"},
				"up": {"uv": [12, 4, 16, 8], "rotation": 270, "texture": "#0"},
				"down": {"uv": [12, 4, 16, 8], "rotation": 270, "texture": "#0"}
			}
		},
		{
			"from": [8.6, 1.05, 10.35],
			"to": [8.61, 5.15, 12.35],
			"rotation": {"angle": -22.5, "axis": "x", "origin": [8.1, 3.5, 10.25]},
			"faces": {
				"north": {"uv": [12, 4, 16, 8], "rotation": 270, "texture": "#0"},
				"east": {"uv": [12, 4, 16, 8], "rotation": 270, "texture": "#0"},
				"south": {"uv": [12, 4, 16, 8], "rotation": 270, "texture": "#0"},
				"west": {"uv": [12, 4, 16, 8], "rotation": 270, "texture": "#0"},
				"up": {"uv": [12, 4, 16, 8], "rotation": 270, "texture": "#0"},
				"down": {"uv": [12, 4, 16, 8], "rotation": 270, "texture": "#0"}
			}
		},
		{
			"from": [8.6, 1.2365, 11.18757],
			"to": [8.61, 2.0365, 13.08757],
			"rotation": {"angle": 0, "axis": "x", "origin": [8.1, 3.2865, 12.23757]},
			"faces": {
				"north": {"uv": [12, 4, 16, 8], "rotation": 270, "texture": "#0"},
				"east": {"uv": [12, 4, 16, 8], "rotation": 270, "texture": "#0"},
				"south": {"uv": [12, 4, 16, 8], "rotation": 270, "texture": "#0"},
				"west": {"uv": [12, 4, 16, 8], "rotation": 270, "texture": "#0"},
				"up": {"uv": [12, 4, 16, 8], "rotation": 270, "texture": "#0"},
				"down": {"uv": [12, 4, 16, 8], "rotation": 270, "texture": "#0"}
			}
		},
		{
			"from": [8.6, 0.35, 12.05],
			"to": [8.61, 1.05, 12.35],
			"rotation": {"angle": -22.5, "axis": "x", "origin": [8.1, 3.5, 10.25]},
			"faces": {
				"north": {"uv": [12, 4, 16, 8], "rotation": 270, "texture": "#0"},
				"east": {"uv": [12, 4, 16, 8], "rotation": 270, "texture": "#0"},
				"south": {"uv": [12, 4, 16, 8], "rotation": 270, "texture": "#0"},
				"west": {"uv": [12, 4, 16, 8], "rotation": 270, "texture": "#0"},
				"up": {"uv": [12, 4, 16, 8], "rotation": 270, "texture": "#0"},
				"down": {"uv": [12, 4, 16, 8], "rotation": 270, "texture": "#0"}
			}
		},
		{
			"from": [8.6, 1.2365, 12.88757],
			"to": [8.61, 1.5365, 13.48757],
			"rotation": {"angle": 0, "axis": "x", "origin": [8.1, 3.1865, 12.13757]},
			"faces": {
				"north": {"uv": [12, 4, 16, 8], "rotation": 270, "texture": "#0"},
				"east": {"uv": [12, 4, 16, 8], "rotation": 270, "texture": "#0"},
				"south": {"uv": [12, 4, 16, 8], "rotation": 270, "texture": "#0"},
				"west": {"uv": [12, 4, 16, 8], "rotation": 270, "texture": "#0"},
				"up": {"uv": [12, 4, 16, 8], "rotation": 270, "texture": "#0"},
				"down": {"uv": [12, 4, 16, 8], "rotation": 270, "texture": "#0"}
			}
		},
		{
			"from": [7.39, 1.05, 10.35],
			"to": [7.4, 5.15, 12.35],
			"rotation": {"angle": -22.5, "axis": "x", "origin": [6.9, 3.5, 10.25]},
			"faces": {
				"north": {"uv": [12, 4, 16, 8], "rotation": 270, "texture": "#0"},
				"east": {"uv": [12, 4, 16, 8], "rotation": 270, "texture": "#0"},
				"south": {"uv": [12, 4, 16, 8], "rotation": 270, "texture": "#0"},
				"west": {"uv": [12, 4, 16, 8], "rotation": 270, "texture": "#0"},
				"up": {"uv": [12, 4, 16, 8], "rotation": 270, "texture": "#0"},
				"down": {"uv": [12, 4, 16, 8], "rotation": 270, "texture": "#0"}
			}
		},
		{
			"from": [7.39, 0.35, 12.05],
			"to": [7.4, 1.05, 12.35],
			"rotation": {"angle": -22.5, "axis": "x", "origin": [6.9, 3.5, 10.25]},
			"faces": {
				"north": {"uv": [12, 4, 16, 8], "rotation": 270, "texture": "#0"},
				"east": {"uv": [12, 4, 16, 8], "rotation": 270, "texture": "#0"},
				"south": {"uv": [12, 4, 16, 8], "rotation": 270, "texture": "#0"},
				"west": {"uv": [12, 4, 16, 8], "rotation": 270, "texture": "#0"},
				"up": {"uv": [12, 4, 16, 8], "rotation": 270, "texture": "#0"},
				"down": {"uv": [12, 4, 16, 8], "rotation": 270, "texture": "#0"}
			}
		},
		{
			"from": [7.39, 1.2365, 12.88757],
			"to": [7.4, 1.5365, 13.48757],
			"rotation": {"angle": 0, "axis": "x", "origin": [6.9, 3.1865, 12.13757]},
			"faces": {
				"north": {"uv": [12, 4, 16, 8], "rotation": 270, "texture": "#0"},
				"east": {"uv": [12, 4, 16, 8], "rotation": 270, "texture": "#0"},
				"south": {"uv": [12, 4, 16, 8], "rotation": 270, "texture": "#0"},
				"west": {"uv": [12, 4, 16, 8], "rotation": 270, "texture": "#0"},
				"up": {"uv": [12, 4, 16, 8], "rotation": 270, "texture": "#0"},
				"down": {"uv": [12, 4, 16, 8], "rotation": 270, "texture": "#0"}
			}
		},
		{
			"from": [7.39, 1.2365, 11.18757],
			"to": [7.4, 2.0365, 13.08757],
			"rotation": {"angle": 0, "axis": "x", "origin": [6.9, 3.2865, 12.23757]},
			"faces": {
				"north": {"uv": [12, 4, 16, 8], "rotation": 270, "texture": "#0"},
				"east": {"uv": [12, 4, 16, 8], "rotation": 270, "texture": "#0"},
				"south": {"uv": [12, 4, 16, 8], "rotation": 270, "texture": "#0"},
				"west": {"uv": [12, 4, 16, 8], "rotation": 270, "texture": "#0"},
				"up": {"uv": [12, 4, 16, 8], "rotation": 270, "texture": "#0"},
				"down": {"uv": [12, 4, 16, 8], "rotation": 270, "texture": "#0"}
			}
		},
		{
			"from": [7.45, 0.42416, 12.29547],
			"to": [8.55, 2.02416, 12.49547],
			"rotation": {"angle": -22.5, "axis": "x", "origin": [8, 3.47416, 10.19547]},
			"faces": {
				"north": {"uv": [12, 4, 16, 8], "rotation": 270, "texture": "#0"},
				"east": {"uv": [12, 4, 16, 8], "rotation": 270, "texture": "#0"},
				"south": {"uv": [12, 4, 16, 8], "rotation": 270, "texture": "#0"},
				"west": {"uv": [12, 4, 16, 8], "rotation": 270, "texture": "#0"},
				"up": {"uv": [12, 4, 16, 8], "rotation": 270, "texture": "#0"},
				"down": {"uv": [12, 4, 16, 8], "rotation": 270, "texture": "#0"}
			}
		},
		{
			"from": [7.45, 2.02416, 12.29547],
			"to": [8.55, 3.82416, 12.39547],
			"rotation": {"angle": -22.5, "axis": "x", "origin": [8, 3.47416, 10.19547]},
			"faces": {
				"north": {"uv": [12, 4, 16, 8], "rotation": 270, "texture": "#0"},
				"east": {"uv": [12, 4, 16, 8], "rotation": 270, "texture": "#0"},
				"south": {"uv": [12, 4, 16, 8], "rotation": 270, "texture": "#0"},
				"west": {"uv": [12, 4, 16, 8], "rotation": 270, "texture": "#0"},
				"up": {"uv": [12, 4, 16, 8], "rotation": 270, "texture": "#0"},
				"down": {"uv": [12, 4, 16, 8], "rotation": 270, "texture": "#0"}
			}
		},
		{
			"from": [7.4, 3.81464, 11.99682],
			"to": [8.6, 4.41464, 12.39682],
			"rotation": {"angle": 0, "axis": "x", "origin": [8, 3.81464, 12.44682]},
			"faces": {
				"north": {"uv": [0, 0, 4, 4], "rotation": 270, "texture": "#0"},
				"east": {"uv": [0, 0, 4, 4], "rotation": 270, "texture": "#0"},
				"south": {"uv": [0, 0, 4, 4], "rotation": 270, "texture": "#0"},
				"west": {"uv": [0, 0, 4, 4], "rotation": 270, "texture": "#0"},
				"up": {"uv": [0, 0, 4, 4], "rotation": 270, "texture": "#0"},
				"down": {"uv": [0, 0, 4, 4], "rotation": 270, "texture": "#0"}
			}
		},
		{
			"from": [7.4, 4.31474, 11.79629],
			"to": [8.6, 4.81474, 12.49629],
			"rotation": {"angle": 22.5, "axis": "x", "origin": [8, 4.56474, 12.44629]},
			"faces": {
				"north": {"uv": [0, 0, 4, 4], "rotation": 270, "texture": "#0"},
				"east": {"uv": [0, 0, 4, 4], "rotation": 270, "texture": "#0"},
				"south": {"uv": [0, 0, 4, 4], "rotation": 270, "texture": "#0"},
				"west": {"uv": [0, 0, 4, 4], "rotation": 270, "texture": "#0"},
				"up": {"uv": [0, 0, 4, 4], "rotation": 270, "texture": "#0"},
				"down": {"uv": [0, 0, 4, 4], "rotation": 270, "texture": "#0"}
			}
		},
		{
			"from": [7.4, 4.58322, 11.93233],
			"to": [8.6, 5.28322, 12.63233],
			"rotation": {"angle": 45, "axis": "x", "origin": [8, 4.73322, 12.58233]},
			"faces": {
				"north": {"uv": [0, 0, 4, 4], "rotation": 270, "texture": "#0"},
				"east": {"uv": [0, 0, 4, 4], "rotation": 270, "texture": "#0"},
				"south": {"uv": [0, 0, 4, 4], "rotation": 270, "texture": "#0"},
				"west": {"uv": [0, 0, 4, 4], "rotation": 270, "texture": "#0"},
				"up": {"uv": [0, 0, 4, 4], "rotation": 270, "texture": "#0"},
				"down": {"uv": [0, 0, 4, 4], "rotation": 270, "texture": "#0"}
			}
		},
		{
			"from": [7.4, 4.85753, 12.6932],
			"to": [8.6, 4.95753, 13.7832],
			"rotation": {"angle": -22.5, "axis": "x", "origin": [8, 4.90753, 12.8432]},
			"faces": {
				"north": {"uv": [0, 0, 4, 4], "rotation": 180, "texture": "#0"},
				"east": {"uv": [0, 0, 4, 4], "rotation": 180, "texture": "#0"},
				"south": {"uv": [0, 0, 4, 4], "rotation": 180, "texture": "#0"},
				"west": {"uv": [0, 0, 4, 4], "rotation": 180, "texture": "#0"},
				"up": {"uv": [0, 0, 4, 4], "rotation": 180, "texture": "#0"},
				"down": {"uv": [0, 0, 4, 4], "rotation": 180, "texture": "#0"}
			}
		},
		{
			"from": [7.35, 5.21145, 13.00947],
			"to": [8.65, 6.01145, 13.40947],
			"rotation": {"angle": 0, "axis": "y", "origin": [0, 0.01145, 0.20947]},
			"faces": {
				"north": {"uv": [0, 0, 4, 4], "texture": "#0"},
				"east": {"uv": [0, 0, 4, 4], "texture": "#0"},
				"south": {"uv": [0, 0, 4, 4], "texture": "#0"},
				"west": {"uv": [0, 0, 4, 4], "texture": "#0"},
				"up": {"uv": [0, 0, 4, 4], "texture": "#0"},
				"down": {"uv": [0, 0, 4, 4], "texture": "#0"}
			}
		},
		{
			"from": [7.4, 3.4426, 7.21575],
			"to": [8.6, 4.3726, 7.31575],
			"rotation": {"angle": -22.5, "axis": "x", "origin": [8, 4.3426, 3.31575]},
			"faces": {
				"north": {"uv": [0, 0, 4, 4], "texture": "#0"},
				"east": {"uv": [0, 0, 4, 4], "texture": "#0"},
				"south": {"uv": [0, 0, 4, 4], "texture": "#0"},
				"west": {"uv": [0, 0, 4, 4], "texture": "#0"},
				"up": {"uv": [0, 0, 4, 4], "texture": "#0"},
				"down": {"uv": [0, 0, 4, 4], "texture": "#0"}
			}
		},
		{
			"from": [7.4, 5.00357, 7.2633],
			"to": [8.6, 5.80357, 7.6633],
			"rotation": {"angle": 0, "axis": "y", "origin": [0, -0.19643, 0.4633]},
			"faces": {
				"north": {"uv": [0, 0, 4, 4], "texture": "#0"},
				"east": {"uv": [0, 0, 4, 4], "texture": "#0"},
				"south": {"uv": [0, 0, 4, 4], "texture": "#0"},
				"west": {"uv": [0, 0, 4, 4], "texture": "#0"},
				"up": {"uv": [0, 0, 4, 4], "texture": "#0"},
				"down": {"uv": [0, 0, 4, 4], "texture": "#0"}
			}
		},
		{
			"from": [7.4, 5.80357, 6.9633],
			"to": [8.6, 6.00357, 7.5633],
			"rotation": {"angle": 0, "axis": "y", "origin": [0, -0.19643, 0.4633]},
			"faces": {
				"north": {"uv": [0, 0, 4, 4], "texture": "#0"},
				"east": {"uv": [0, 0, 4, 4], "texture": "#0"},
				"south": {"uv": [0, 0, 4, 4], "texture": "#0"},
				"west": {"uv": [0, 0, 4, 4], "texture": "#0"},
				"up": {"uv": [0, 0, 4, 4], "texture": "#0"},
				"down": {"uv": [0, 0, 4, 4], "texture": "#0"}
			}
		},
		{
			"from": [7.4, 5.65357, 7.05],
			"to": [8.6, 5.95357, 7.35],
			"rotation": {"angle": 0, "axis": "x", "origin": [8, 5.90357, 7.2133]},
			"faces": {
				"north": {"uv": [0, 0, 4, 4], "rotation": 90, "texture": "#0"},
				"east": {"uv": [0, 0, 4, 4], "rotation": 90, "texture": "#0"},
				"south": {"uv": [0, 0, 4, 4], "rotation": 90, "texture": "#0"},
				"west": {"uv": [0, 0, 4, 4], "rotation": 90, "texture": "#0"},
				"up": {"uv": [0, 0, 4, 4], "rotation": 90, "texture": "#0"},
				"down": {"uv": [0, 0, 4, 4], "rotation": 90, "texture": "#0"}
			}
		},
		{
			"from": [7.4, 5.45357, 7.12],
			"to": [8.6, 5.65357, 7.32],
			"rotation": {"angle": 0, "axis": "x", "origin": [8, 5.90357, 7.2133]},
			"faces": {
				"north": {"uv": [0, 0, 4, 4], "rotation": 90, "texture": "#0"},
				"east": {"uv": [0, 0, 4, 4], "rotation": 90, "texture": "#0"},
				"south": {"uv": [0, 0, 4, 4], "rotation": 90, "texture": "#0"},
				"west": {"uv": [0, 0, 4, 4], "rotation": 90, "texture": "#0"},
				"up": {"uv": [0, 0, 4, 4], "rotation": 90, "texture": "#0"},
				"down": {"uv": [0, 0, 4, 4], "rotation": 90, "texture": "#0"}
			}
		},
		{
			"from": [7.4, 5.25357, 7.2],
			"to": [8.6, 5.45357, 7.3],
			"rotation": {"angle": 0, "axis": "x", "origin": [8, 5.90357, 7.2133]},
			"faces": {
				"north": {"uv": [0, 0, 4, 4], "rotation": 90, "texture": "#0"},
				"east": {"uv": [0, 0, 4, 4], "rotation": 90, "texture": "#0"},
				"south": {"uv": [0, 0, 4, 4], "rotation": 90, "texture": "#0"},
				"west": {"uv": [0, 0, 4, 4], "rotation": 90, "texture": "#0"},
				"up": {"uv": [0, 0, 4, 4], "rotation": 90, "texture": "#0"},
				"down": {"uv": [0, 0, 4, 4], "rotation": 90, "texture": "#0"}
			}
		},
		{
			"from": [7.75, 6.2, 3.3],
			"to": [8.25, 6.7, 7.8],
			"faces": {
				"north": {"uv": [12, 4, 16, 8], "texture": "#0"},
				"east": {"uv": [12, 4, 16, 8], "texture": "#0"},
				"south": {"uv": [12, 4, 16, 8], "texture": "#0"},
				"west": {"uv": [12, 4, 16, 8], "texture": "#0"},
				"up": {"uv": [12, 4, 16, 8], "texture": "#0"},
				"down": {"uv": [12, 4, 16, 8], "texture": "#0"}
			}
		},
		{
			"from": [7.4, 5.86278, 6.9074],
			"to": [8.6, 6.00578, 7.1074],
			"rotation": {"angle": 0, "axis": "y", "origin": [0, -0.13722, 0.5074]},
			"faces": {
				"north": {"uv": [0, 0, 4, 4], "texture": "#0"},
				"east": {"uv": [0, 0, 4, 4], "texture": "#0"},
				"south": {"uv": [0, 0, 4, 4], "texture": "#0"},
				"west": {"uv": [0, 0, 4, 4], "texture": "#0"},
				"up": {"uv": [0, 0, 4, 4], "texture": "#0"},
				"down": {"uv": [0, 0, 4, 4], "texture": "#0"}
			}
		},
		{
			"from": [7.5, 5.66278, 3.5074],
			"to": [8.5, 6.00578, 7.1074],
			"rotation": {"angle": 0, "axis": "y", "origin": [0, -0.13722, 0.5074]},
			"faces": {
				"north": {"uv": [0, 0, 4, 4], "texture": "#0"},
				"east": {"uv": [0, 0, 4, 4], "texture": "#0"},
				"south": {"uv": [0, 0, 4, 4], "texture": "#0"},
				"west": {"uv": [0, 0, 4, 4], "texture": "#0"},
				"up": {"uv": [0, 0, 4, 4], "texture": "#0"},
				"down": {"uv": [0, 0, 4, 4], "texture": "#0"}
			}
		},
		{
			"from": [7.8, 5.27978, 4.4074],
			"to": [8.2, 5.66278, 7.3074],
			"rotation": {"angle": 0, "axis": "y", "origin": [0.3, -0.02022, 0.5074]},
			"faces": {
				"north": {"uv": [0, 0, 4, 4], "texture": "#0"},
				"east": {"uv": [0, 0, 4, 4], "texture": "#0"},
				"south": {"uv": [0, 0, 4, 4], "texture": "#0"},
				"west": {"uv": [0, 0, 4, 4], "texture": "#0"},
				"up": {"uv": [0, 0, 4, 4], "texture": "#0"},
				"down": {"uv": [0, 0, 4, 4], "texture": "#0"}
			}
		},
		{
			"from": [7.8, 5.03678, 7.0074],
			"to": [8.2, 5.27978, 7.3074],
			"rotation": {"angle": 0, "axis": "y", "origin": [0.3, -0.16322, 0.5074]},
			"faces": {
				"north": {"uv": [12, 8, 16, 12], "texture": "#0"},
				"east": {"uv": [12, 8, 16, 12], "texture": "#0"},
				"south": {"uv": [12, 8, 16, 12], "texture": "#0"},
				"west": {"uv": [12, 8, 16, 12], "texture": "#0"},
				"up": {"uv": [12, 8, 16, 12], "texture": "#0"},
				"down": {"uv": [12, 8, 16, 12], "texture": "#0"}
			}
		},
		{
			"from": [7.8, 5.03678, 6.0074],
			"to": [8.2, 5.27978, 6.3074],
			"rotation": {"angle": 0, "axis": "y", "origin": [0.3, -0.16322, 0.5074]},
			"faces": {
				"north": {"uv": [12, 8, 16, 12], "texture": "#0"},
				"east": {"uv": [12, 8, 16, 12], "texture": "#0"},
				"south": {"uv": [12, 8, 16, 12], "texture": "#0"},
				"west": {"uv": [12, 8, 16, 12], "texture": "#0"},
				"up": {"uv": [12, 8, 16, 12], "texture": "#0"},
				"down": {"uv": [12, 8, 16, 12], "texture": "#0"}
			}
		},
		{
			"from": [7.8, 5.03678, 6.5074],
			"to": [8.2, 5.27978, 6.8074],
			"rotation": {"angle": 0, "axis": "y", "origin": [0.3, -0.16322, 0.5074]},
			"faces": {
				"north": {"uv": [12, 8, 16, 12], "texture": "#0"},
				"east": {"uv": [12, 8, 16, 12], "texture": "#0"},
				"south": {"uv": [12, 8, 16, 12], "texture": "#0"},
				"west": {"uv": [12, 8, 16, 12], "texture": "#0"},
				"up": {"uv": [12, 8, 16, 12], "texture": "#0"},
				"down": {"uv": [12, 8, 16, 12], "texture": "#0"}
			}
		},
		{
			"from": [7.8, 5.03678, 5.5074],
			"to": [8.2, 5.27978, 5.8074],
			"rotation": {"angle": 0, "axis": "y", "origin": [0.3, -0.16322, 0.5074]},
			"faces": {
				"north": {"uv": [12, 8, 16, 12], "texture": "#0"},
				"east": {"uv": [12, 8, 16, 12], "texture": "#0"},
				"south": {"uv": [12, 8, 16, 12], "texture": "#0"},
				"west": {"uv": [12, 8, 16, 12], "texture": "#0"},
				"up": {"uv": [12, 8, 16, 12], "texture": "#0"},
				"down": {"uv": [12, 8, 16, 12], "texture": "#0"}
			}
		},
		{
			"from": [7.8, 5.03678, 5.0074],
			"to": [8.2, 5.27978, 5.3074],
			"rotation": {"angle": 0, "axis": "y", "origin": [0.3, -0.16322, 0.5074]},
			"faces": {
				"north": {"uv": [12, 8, 16, 12], "texture": "#0"},
				"east": {"uv": [12, 8, 16, 12], "texture": "#0"},
				"south": {"uv": [12, 8, 16, 12], "texture": "#0"},
				"west": {"uv": [12, 8, 16, 12], "texture": "#0"},
				"up": {"uv": [12, 8, 16, 12], "texture": "#0"},
				"down": {"uv": [12, 8, 16, 12], "texture": "#0"}
			}
		},
		{
			"from": [7.8, 5.03678, 4.5074],
			"to": [8.2, 5.27978, 4.8074],
			"rotation": {"angle": 0, "axis": "y", "origin": [0.3, -0.16322, 0.5074]},
			"faces": {
				"north": {"uv": [12, 8, 16, 12], "texture": "#0"},
				"east": {"uv": [12, 8, 16, 12], "texture": "#0"},
				"south": {"uv": [12, 8, 16, 12], "texture": "#0"},
				"west": {"uv": [12, 8, 16, 12], "texture": "#0"},
				"up": {"uv": [12, 8, 16, 12], "texture": "#0"},
				"down": {"uv": [12, 8, 16, 12], "texture": "#0"}
			}
		},
		{
			"from": [7.45, 0.9365, 10.98757],
			"to": [8.55, 1.0665, 13.18757],
			"rotation": {"angle": 0, "axis": "x", "origin": [8, 3.0865, 12.33757]},
			"faces": {
				"north": {"uv": [12, 4, 16, 8], "rotation": 270, "texture": "#0"},
				"east": {"uv": [12, 4, 16, 8], "rotation": 270, "texture": "#0"},
				"south": {"uv": [12, 4, 16, 8], "rotation": 270, "texture": "#0"},
				"west": {"uv": [12, 4, 16, 8], "rotation": 270, "texture": "#0"},
				"up": {"uv": [12, 4, 16, 8], "rotation": 270, "texture": "#0"},
				"down": {"uv": [12, 4, 16, 8], "rotation": 270, "texture": "#0"}
			}
		},
		{
			"from": [7.45, 0.99089, 11.01889],
			"to": [8.55, 1.12089, 11.19889],
			"rotation": {"angle": -45, "axis": "x", "origin": [8, 1.05589, 11.06889]},
			"faces": {
				"north": {"uv": [12, 4, 16, 8], "rotation": 270, "texture": "#0"},
				"east": {"uv": [12, 4, 16, 8], "rotation": 270, "texture": "#0"},
				"south": {"uv": [12, 4, 16, 8], "rotation": 270, "texture": "#0"},
				"west": {"uv": [12, 4, 16, 8], "rotation": 270, "texture": "#0"},
				"up": {"uv": [12, 4, 16, 8], "rotation": 270, "texture": "#0"},
				"down": {"uv": [12, 4, 16, 8], "rotation": 270, "texture": "#0"}
			}
		},
		{
			"from": [7.45, 1.0665, 11.1176],
			"to": [8.55, 1.1965, 13.4876],
			"rotation": {"angle": 0, "axis": "x", "origin": [8, 3.1165, 12.33757]},
			"faces": {
				"north": {"uv": [12, 4, 16, 8], "rotation": 270, "texture": "#0"},
				"east": {"uv": [12, 4, 16, 8], "rotation": 270, "texture": "#0"},
				"south": {"uv": [12, 4, 16, 8], "rotation": 270, "texture": "#0"},
				"west": {"uv": [12, 4, 16, 8], "rotation": 270, "texture": "#0"},
				"up": {"uv": [12, 4, 16, 8], "rotation": 270, "texture": "#0"},
				"down": {"uv": [12, 4, 16, 8], "rotation": 270, "texture": "#0"}
			}
		},
		{
			"from": [7.5, 0.75, 10.55],
			"to": [8.5, 4.95, 12.45],
			"rotation": {"angle": -22.5, "axis": "x", "origin": [8, 3.3, 10.35]},
			"faces": {
				"north": {"uv": [12, 8, 16, 12], "rotation": 270, "texture": "#0"},
				"east": {"uv": [12, 8, 16, 12], "rotation": 270, "texture": "#0"},
				"south": {"uv": [12, 8, 16, 12], "rotation": 270, "texture": "#0"},
				"west": {"uv": [12, 8, 16, 12], "rotation": 270, "texture": "#0"},
				"up": {"uv": [12, 12, 16, 16], "rotation": 270, "texture": "#0"},
				"down": {"uv": [12, 8, 16, 12], "rotation": 270, "texture": "#0"}
			}
		},
		{
			"from": [7.45, 0.03854, 12.07326],
			"to": [8.55, 0.16854, 12.47326],
			"rotation": {"angle": -22.5, "axis": "x", "origin": [8, 3.28854, 10.37326]},
			"faces": {
				"north": {"uv": [12, 4, 16, 8], "rotation": 270, "texture": "#0"},
				"east": {"uv": [12, 4, 16, 8], "rotation": 270, "texture": "#0"},
				"south": {"uv": [12, 4, 16, 8], "rotation": 270, "texture": "#0"},
				"west": {"uv": [12, 4, 16, 8], "rotation": 270, "texture": "#0"},
				"up": {"uv": [12, 4, 16, 8], "rotation": 270, "texture": "#0"},
				"down": {"uv": [12, 4, 16, 8], "rotation": 270, "texture": "#0"}
			}
		},
		{
			"from": [7.5, 1.0365, 11.48757],
			"to": [8.5, 1.8365, 13.18757],
			"rotation": {"angle": 0, "axis": "x", "origin": [8, 3.0865, 12.33757]},
			"faces": {
				"north": {"uv": [12, 8, 16, 12], "rotation": 270, "texture": "#0"},
				"east": {"uv": [12, 8, 16, 12], "rotation": 270, "texture": "#0"},
				"south": {"uv": [12, 8, 16, 12], "rotation": 270, "texture": "#0"},
				"west": {"uv": [12, 8, 16, 12], "rotation": 270, "texture": "#0"},
				"up": {"uv": [12, 8, 16, 12], "rotation": 270, "texture": "#0"},
				"down": {"uv": [12, 8, 16, 12], "rotation": 270, "texture": "#0"}
			}
		},
		{
			"from": [7.5, 0.15, 12.05],
			"to": [8.5, 0.85, 12.45],
			"rotation": {"angle": -22.5, "axis": "x", "origin": [8, 3.3, 10.35]},
			"faces": {
				"north": {"uv": [12, 8, 16, 12], "rotation": 270, "texture": "#0"},
				"east": {"uv": [12, 8, 16, 12], "rotation": 270, "texture": "#0"},
				"south": {"uv": [12, 8, 16, 12], "rotation": 270, "texture": "#0"},
				"west": {"uv": [12, 8, 16, 12], "rotation": 270, "texture": "#0"},
				"up": {"uv": [12, 8, 16, 12], "rotation": 270, "texture": "#0"},
				"down": {"uv": [12, 8, 16, 12], "rotation": 270, "texture": "#0"}
			}
		},
		{
			"from": [8.3, 6.2, 8],
			"to": [8.3, 6.8, 9.7],
			"faces": {
				"north": {"uv": [8, 0, 12, 4], "texture": "#0"},
				"east": {"uv": [8, 0, 12, 4], "texture": "#0"},
				"south": {"uv": [8, 0, 12, 4], "texture": "#0"},
				"west": {"uv": [8, 0, 12, 4], "texture": "#0"},
				"up": {"uv": [8, 0, 12, 4], "texture": "#0"},
				"down": {"uv": [8, 0, 12, 4], "texture": "#0"}
			}
		},
		{
			"from": [8.65, 5.4, 8.2],
			"to": [8.75, 5.6, 8.4],
			"faces": {
				"north": {"uv": [8, 8, 9, 9], "texture": "#0"},
				"east": {"uv": [8, 8, 12, 12], "texture": "#0"},
				"south": {"uv": [8, 8, 9, 9], "texture": "#0"},
				"west": {"uv": [8, 8, 9, 9], "texture": "#0"},
				"up": {"uv": [8, 8, 9, 9], "texture": "#0"},
				"down": {"uv": [8, 8, 9, 9], "texture": "#0"}
			}
		},
		{
			"from": [8.65, 5.1, 7.6],
			"to": [8.75, 5.3, 7.8],
			"faces": {
				"north": {"uv": [8, 8, 9, 9], "texture": "#0"},
				"east": {"uv": [8, 8, 12, 12], "texture": "#0"},
				"south": {"uv": [8, 8, 9, 9], "texture": "#0"},
				"west": {"uv": [8, 8, 9, 9], "texture": "#0"},
				"up": {"uv": [8, 8, 9, 9], "texture": "#0"},
				"down": {"uv": [8, 8, 9, 9], "texture": "#0"}
			}
		},
		{
			"from": [8.65, 5.1, 9.6],
			"to": [8.75, 5.3, 9.8],
			"faces": {
				"north": {"uv": [8, 8, 9, 9], "texture": "#0"},
				"east": {"uv": [8, 8, 12, 12], "texture": "#0"},
				"south": {"uv": [8, 8, 9, 9], "texture": "#0"},
				"west": {"uv": [8, 8, 9, 9], "texture": "#0"},
				"up": {"uv": [8, 8, 9, 9], "texture": "#0"},
				"down": {"uv": [8, 8, 9, 9], "texture": "#0"}
			}
		},
		{
			"from": [8.65, 5.4, 13.1],
			"to": [8.75, 5.6, 13.3],
			"faces": {
				"north": {"uv": [8, 8, 9, 9], "texture": "#0"},
				"east": {"uv": [8, 8, 12, 12], "texture": "#0"},
				"south": {"uv": [8, 8, 9, 9], "texture": "#0"},
				"west": {"uv": [8, 8, 9, 9], "texture": "#0"},
				"up": {"uv": [8, 8, 9, 9], "texture": "#0"},
				"down": {"uv": [8, 8, 9, 9], "texture": "#0"}
			}
		},
		{
			"from": [8.65, 5.5, 12.2],
			"to": [8.75, 5.7, 12.4],
			"faces": {
				"north": {"uv": [8, 8, 9, 9], "texture": "#0"},
				"east": {"uv": [8, 8, 12, 12], "texture": "#0"},
				"south": {"uv": [8, 8, 9, 9], "texture": "#0"},
				"west": {"uv": [8, 8, 9, 9], "texture": "#0"},
				"up": {"uv": [8, 8, 9, 9], "texture": "#0"},
				"down": {"uv": [8, 8, 9, 9], "texture": "#0"}
			}
		},
		{
			"from": [7.25, 5.4, 13.1],
			"to": [7.35, 5.6, 13.3],
			"faces": {
				"north": {"uv": [8, 8, 9, 9], "texture": "#0"},
				"east": {"uv": [8, 8, 9, 9], "texture": "#0"},
				"south": {"uv": [8, 8, 9, 9], "texture": "#0"},
				"west": {"uv": [8, 8, 12, 12], "texture": "#0"},
				"up": {"uv": [8, 8, 9, 9], "texture": "#0"},
				"down": {"uv": [8, 8, 9, 9], "texture": "#0"}
			}
		},
		{
			"from": [7.25, 5.5, 12.2],
			"to": [7.35, 5.7, 12.4],
			"faces": {
				"north": {"uv": [8, 8, 9, 9], "texture": "#0"},
				"east": {"uv": [8, 8, 9, 9], "texture": "#0"},
				"south": {"uv": [8, 8, 9, 9], "texture": "#0"},
				"west": {"uv": [8, 8, 12, 12], "texture": "#0"},
				"up": {"uv": [8, 8, 9, 9], "texture": "#0"},
				"down": {"uv": [8, 8, 9, 9], "texture": "#0"}
			}
		},
		{
			"from": [7.25, 5.1, 9.6],
			"to": [7.35, 5.3, 9.8],
			"faces": {
				"north": {"uv": [8, 8, 9, 9], "texture": "#0"},
				"east": {"uv": [8, 8, 9, 9], "texture": "#0"},
				"south": {"uv": [8, 8, 9, 9], "texture": "#0"},
				"west": {"uv": [8, 8, 12, 12], "texture": "#0"},
				"up": {"uv": [8, 8, 9, 9], "texture": "#0"},
				"down": {"uv": [8, 8, 9, 9], "texture": "#0"}
			}
		},
		{
			"from": [7.25, 5.4, 8.2],
			"to": [7.35, 5.6, 8.4],
			"faces": {
				"north": {"uv": [8, 8, 9, 9], "texture": "#0"},
				"east": {"uv": [8, 8, 9, 9], "texture": "#0"},
				"south": {"uv": [8, 8, 9, 9], "texture": "#0"},
				"west": {"uv": [8, 8, 12, 12], "texture": "#0"},
				"up": {"uv": [8, 8, 9, 9], "texture": "#0"},
				"down": {"uv": [8, 8, 9, 9], "texture": "#0"}
			}
		},
		{
			"from": [7.25, 5.1, 7.6],
			"to": [7.35, 5.3, 7.8],
			"faces": {
				"north": {"uv": [8, 8, 9, 9], "texture": "#0"},
				"east": {"uv": [8, 8, 9, 9], "texture": "#0"},
				"south": {"uv": [8, 8, 9, 9], "texture": "#0"},
				"west": {"uv": [8, 8, 12, 12], "texture": "#0"},
				"up": {"uv": [8, 8, 9, 9], "texture": "#0"},
				"down": {"uv": [8, 8, 9, 9], "texture": "#0"}
			}
		},
		{
			"from": [7.9, 6.8, 5.7],
			"to": [8.1, 7.1, 6.2],
			"rotation": {"angle": 0, "axis": "y", "origin": [0, -0.1, 2]},
			"faces": {
				"north": {"uv": [12, 4, 16, 8], "texture": "#0"},
				"east": {"uv": [12, 4, 16, 8], "texture": "#0"},
				"south": {"uv": [12, 4, 16, 8], "texture": "#0"},
				"west": {"uv": [12, 4, 16, 8], "texture": "#0"},
				"up": {"uv": [12, 4, 16, 8], "texture": "#0"},
				"down": {"uv": [12, 4, 16, 8], "texture": "#0"}
			}
		},
		{
			"from": [7.6, 6, 5.4],
			"to": [8.4, 6.9, 9.8],
			"rotation": {"angle": 0, "axis": "y", "origin": [0, 0, 2]},
			"faces": {
				"north": {"uv": [8, 0, 12, 4], "texture": "#0"},
				"east": {"uv": [8, 0, 12, 4], "texture": "#0"},
				"south": {"uv": [8, 0, 12, 4], "texture": "#0"},
				"west": {"uv": [8, 0, 12, 4], "texture": "#0"},
				"up": {"uv": [8, 0, 12, 4], "texture": "#0"},
				"down": {"uv": [8, 0, 12, 4], "texture": "#0"}
			}
		},
		{
			"from": [7.9, 6.58085, 6.05759],
			"to": [8.1, 7.38085, 6.25759],
			"rotation": {"angle": -22.5, "axis": "x", "origin": [8, 6.98085, 6.15759]},
			"faces": {
				"north": {"uv": [12, 4, 16, 8], "rotation": 180, "texture": "#0"},
				"east": {"uv": [12, 4, 16, 8], "rotation": 180, "texture": "#0"},
				"south": {"uv": [12, 4, 16, 8], "rotation": 180, "texture": "#0"},
				"west": {"uv": [12, 4, 16, 8], "rotation": 180, "texture": "#0"},
				"up": {"uv": [12, 4, 16, 8], "texture": "#0"},
				"down": {"uv": [12, 4, 16, 8], "texture": "#0"}
			}
		},
		{
			"from": [7.9, 6.98536, 5.77678],
			"to": [8.1, 7.28536, 6.07678],
			"rotation": {"angle": 45, "axis": "x", "origin": [8, 7.13536, 5.87678]},
			"faces": {
				"north": {"uv": [12, 4, 16, 8], "texture": "#0"},
				"east": {"uv": [12, 4, 16, 8], "texture": "#0"},
				"south": {"uv": [12, 4, 16, 8], "texture": "#0"},
				"west": {"uv": [12, 4, 16, 8], "texture": "#0"},
				"up": {"uv": [12, 4, 16, 8], "texture": "#0"},
				"down": {"uv": [12, 4, 16, 8], "texture": "#0"}
			}
		},
		{
			"from": [8.3, 6.2, 9.8],
			"to": [8.5, 6.8, 10],
			"rotation": {"angle": 0, "axis": "y", "origin": [0, 0, 2]},
			"faces": {
				"north": {"uv": [12, 0, 16, 4], "texture": "#0"},
				"east": {"uv": [12, 0, 16, 4], "texture": "#0"},
				"south": {"uv": [12, 0, 16, 4], "texture": "#0"},
				"west": {"uv": [12, 0, 16, 4], "texture": "#0"},
				"up": {"uv": [12, 0, 16, 4], "texture": "#0"},
				"down": {"uv": [12, 0, 16, 4], "texture": "#0"}
			}
		},
		{
			"from": [7.5, 6, 9],
			"to": [8.5, 7, 9.8],
			"rotation": {"angle": 0, "axis": "y", "origin": [0, 0, 2]},
			"faces": {
				"north": {"uv": [12, 0, 16, 4], "texture": "#0"},
				"east": {"uv": [12, 0, 16, 4], "texture": "#0"},
				"south": {"uv": [12, 0, 16, 4], "texture": "#0"},
				"west": {"uv": [12, 0, 16, 4], "texture": "#0"},
				"up": {"uv": [12, 0, 16, 4], "texture": "#0"},
				"down": {"uv": [12, 0, 16, 4], "texture": "#0"}
			}
		},
		{
			"from": [7.5, 6.00567, 8.94187],
			"to": [8.5, 6.90567, 9.04187],
			"rotation": {"angle": 0, "axis": "y", "origin": [0, 0.00567, 1.84187]},
			"faces": {
				"north": {"uv": [12, 0, 16, 4], "texture": "#0"},
				"east": {"uv": [12, 0, 16, 4], "texture": "#0"},
				"south": {"uv": [12, 0, 16, 4], "texture": "#0"},
				"west": {"uv": [12, 0, 16, 4], "texture": "#0"},
				"up": {"uv": [12, 0, 16, 4], "texture": "#0"},
				"down": {"uv": [12, 0, 16, 4], "texture": "#0"}
			}
		},
		{
			"from": [7.5, 6.2757, 8.74187],
			"to": [8.5, 6.7057, 8.84187],
			"rotation": {"angle": 0, "axis": "y", "origin": [0, 0.00567, 1.84187]},
			"faces": {
				"north": {"uv": [12, 0, 16, 4], "texture": "#0"},
				"east": {"uv": [12, 0, 16, 4], "texture": "#0"},
				"south": {"uv": [12, 0, 16, 4], "texture": "#0"},
				"west": {"uv": [12, 0, 16, 4], "texture": "#0"},
				"up": {"uv": [12, 0, 16, 4], "texture": "#0"},
				"down": {"uv": [12, 0, 16, 4], "texture": "#0"}
			}
		},
		{
			"from": [7.5, 6.00567, 8.84187],
			"to": [8.5, 6.80567, 8.94187],
			"rotation": {"angle": 0, "axis": "y", "origin": [0, 0.00567, 1.84187]},
			"faces": {
				"north": {"uv": [12, 0, 16, 4], "texture": "#0"},
				"east": {"uv": [12, 0, 16, 4], "texture": "#0"},
				"south": {"uv": [12, 0, 16, 4], "texture": "#0"},
				"west": {"uv": [12, 0, 16, 4], "texture": "#0"},
				"up": {"uv": [12, 0, 16, 4], "texture": "#0"},
				"down": {"uv": [12, 0, 16, 4], "texture": "#0"}
			}
		},
		{
			"from": [7.5, 6.73787, 8.53858],
			"to": [8.5, 6.83787, 9.10858],
			"rotation": {"angle": -45, "axis": "x", "origin": [8, 6.78787, 8.85858]},
			"faces": {
				"north": {"uv": [12, 0, 16, 4], "rotation": 180, "texture": "#0"},
				"east": {"uv": [12, 0, 16, 4], "rotation": 270, "texture": "#0"},
				"south": {"uv": [12, 0, 16, 4], "texture": "#0"},
				"west": {"uv": [12, 0, 16, 4], "rotation": 90, "texture": "#0"},
				"up": {"uv": [12, 0, 16, 4], "rotation": 180, "texture": "#0"},
				"down": {"uv": [12, 0, 16, 4], "texture": "#0"}
			}
		},
		{
			"from": [7.5, 4.54018, 9.27438],
			"to": [8.5, 5.18018, 9.37438],
			"rotation": {"angle": -22.5, "axis": "x", "origin": [8.1, 4.18572, 5.37438]},
			"faces": {
				"north": {"uv": [12, 0, 16, 4], "texture": "#0"},
				"east": {"uv": [12, 0, 16, 4], "texture": "#0"},
				"south": {"uv": [12, 0, 16, 4], "texture": "#0"},
				"west": {"uv": [12, 0, 16, 4], "texture": "#0"},
				"up": {"uv": [12, 0, 16, 4], "texture": "#0"},
				"down": {"uv": [12, 0, 16, 4], "texture": "#0"}
			}
		},
		{
			"from": [7.5, 6.4957, 8.64187],
			"to": [8.5, 6.6257, 8.74187],
			"rotation": {"angle": 0, "axis": "y", "origin": [0, 0.00567, 1.84187]},
			"faces": {
				"north": {"uv": [12, 0, 16, 4], "texture": "#0"},
				"east": {"uv": [12, 0, 16, 4], "texture": "#0"},
				"south": {"uv": [12, 0, 16, 4], "texture": "#0"},
				"west": {"uv": [12, 0, 16, 4], "texture": "#0"},
				"up": {"uv": [12, 0, 16, 4], "texture": "#0"},
				"down": {"uv": [12, 0, 16, 4], "texture": "#0"}
			}
		},
		{
			"from": [7.5, 6, 9.8],
			"to": [8.3, 7, 11.7],
			"rotation": {"angle": 0, "axis": "y", "origin": [0, 0, 2]},
			"faces": {
				"north": {"uv": [12, 0, 16, 4], "texture": "#0"},
				"east": {"uv": [12, 4, 16, 8], "texture": "#0"},
				"south": {"uv": [12, 0, 16, 4], "texture": "#0"},
				"west": {"uv": [12, 0, 16, 4], "texture": "#0"},
				"up": {"uv": [12, 0, 16, 4], "texture": "#0"},
				"down": {"uv": [12, 0, 16, 4], "texture": "#0"}
			}
		},
		{
			"from": [8.3, 6.8, 9.8],
			"to": [8.5, 7, 11.7],
			"rotation": {"angle": 0, "axis": "y", "origin": [0, 0, 2]},
			"faces": {
				"north": {"uv": [12, 0, 16, 4], "texture": "#0"},
				"east": {"uv": [12, 0, 16, 4], "texture": "#0"},
				"south": {"uv": [12, 0, 16, 4], "texture": "#0"},
				"west": {"uv": [12, 0, 16, 4], "texture": "#0"},
				"up": {"uv": [12, 0, 16, 4], "texture": "#0"},
				"down": {"uv": [12, 0, 16, 4], "texture": "#0"}
			}
		},
		{
			"from": [8.3, 6, 9.8],
			"to": [8.5, 6.2, 11.7],
			"rotation": {"angle": 0, "axis": "y", "origin": [0, 0, 2]},
			"faces": {
				"north": {"uv": [12, 0, 16, 4], "texture": "#0"},
				"east": {"uv": [12, 0, 16, 4], "texture": "#0"},
				"south": {"uv": [12, 0, 16, 4], "texture": "#0"},
				"west": {"uv": [12, 0, 16, 4], "texture": "#0"},
				"up": {"uv": [12, 0, 16, 4], "texture": "#0"},
				"down": {"uv": [12, 0, 16, 4], "texture": "#0"}
			}
		},
		{
			"from": [7.5, 6, 11.7],
			"to": [8.5, 7, 13],
			"rotation": {"angle": 0, "axis": "y", "origin": [0, 0, 2]},
			"faces": {
				"north": {"uv": [12, 0, 16, 4], "texture": "#0"},
				"east": {"uv": [12, 0, 16, 4], "texture": "#0"},
				"south": {"uv": [12, 0, 16, 4], "texture": "#0"},
				"west": {"uv": [12, 0, 16, 4], "texture": "#0"},
				"up": {"uv": [12, 0, 16, 4], "texture": "#0"},
				"down": {"uv": [12, 0, 16, 4], "texture": "#0"}
			}
		},
		{
			"from": [7.5, 6, 13],
			"to": [8.5, 7, 15],
			"rotation": {"angle": 0, "axis": "y", "origin": [0, 0, 2]},
			"faces": {
				"north": {"uv": [8, 4, 12, 8], "texture": "#0"},
				"east": {"uv": [8, 4, 12, 8], "texture": "#0"},
				"south": {"uv": [8, 4, 12, 8], "texture": "#0"},
				"west": {"uv": [8, 4, 12, 8], "texture": "#0"},
				"up": {"uv": [8, 4, 12, 8], "texture": "#0"},
				"down": {"uv": [8, 4, 12, 8], "texture": "#0"}
			}
		},
		{
			"from": [7.45, 6.2, 13.5],
			"to": [8.55, 6.8, 13.6],
			"rotation": {"angle": 0, "axis": "y", "origin": [0, 0, 2]},
			"faces": {
				"north": {"uv": [12, 4, 16, 8], "texture": "#0"},
				"east": {"uv": [12, 4, 16, 8], "texture": "#0"},
				"south": {"uv": [12, 4, 16, 8], "texture": "#0"},
				"west": {"uv": [12, 4, 16, 8], "texture": "#0"},
				"up": {"uv": [12, 4, 16, 8], "texture": "#0"},
				"down": {"uv": [12, 4, 16, 8], "texture": "#0"}
			}
		},
		{
			"from": [7.45, 6.2, 13.7],
			"to": [8.55, 6.8, 13.8],
			"rotation": {"angle": 0, "axis": "y", "origin": [0, 0, 2]},
			"faces": {
				"north": {"uv": [12, 4, 16, 8], "texture": "#0"},
				"east": {"uv": [12, 4, 16, 8], "texture": "#0"},
				"south": {"uv": [12, 4, 16, 8], "texture": "#0"},
				"west": {"uv": [12, 4, 16, 8], "texture": "#0"},
				"up": {"uv": [12, 4, 16, 8], "texture": "#0"},
				"down": {"uv": [12, 4, 16, 8], "texture": "#0"}
			}
		},
		{
			"from": [7.45, 6.2, 14.1],
			"to": [8.55, 6.8, 14.2],
			"rotation": {"angle": 0, "axis": "y", "origin": [0, 0, 2]},
			"faces": {
				"north": {"uv": [12, 4, 16, 8], "texture": "#0"},
				"east": {"uv": [12, 4, 16, 8], "texture": "#0"},
				"south": {"uv": [12, 4, 16, 8], "texture": "#0"},
				"west": {"uv": [12, 4, 16, 8], "texture": "#0"},
				"up": {"uv": [12, 4, 16, 8], "texture": "#0"},
				"down": {"uv": [12, 4, 16, 8], "texture": "#0"}
			}
		},
		{
			"from": [7.45, 6.2, 13.9],
			"to": [8.55, 6.8, 14],
			"rotation": {"angle": 0, "axis": "y", "origin": [0, 0, 2]},
			"faces": {
				"north": {"uv": [12, 4, 16, 8], "texture": "#0"},
				"east": {"uv": [12, 4, 16, 8], "texture": "#0"},
				"south": {"uv": [12, 4, 16, 8], "texture": "#0"},
				"west": {"uv": [12, 4, 16, 8], "texture": "#0"},
				"up": {"uv": [12, 4, 16, 8], "texture": "#0"},
				"down": {"uv": [12, 4, 16, 8], "texture": "#0"}
			}
		},
		{
			"from": [7.45, 6.2, 14.5],
			"to": [8.55, 6.8, 14.6],
			"rotation": {"angle": 0, "axis": "y", "origin": [0, 0, 2]},
			"faces": {
				"north": {"uv": [12, 4, 16, 8], "texture": "#0"},
				"east": {"uv": [12, 4, 16, 8], "texture": "#0"},
				"south": {"uv": [12, 4, 16, 8], "texture": "#0"},
				"west": {"uv": [12, 4, 16, 8], "texture": "#0"},
				"up": {"uv": [12, 4, 16, 8], "texture": "#0"},
				"down": {"uv": [12, 4, 16, 8], "texture": "#0"}
			}
		},
		{
			"from": [7.45, 6.3, 14.7],
			"to": [8.55, 6.7, 14.8],
			"rotation": {"angle": 0, "axis": "y", "origin": [0, 0, 2]},
			"faces": {
				"north": {"uv": [12, 4, 16, 8], "texture": "#0"},
				"east": {"uv": [12, 4, 16, 8], "texture": "#0"},
				"south": {"uv": [12, 4, 16, 8], "texture": "#0"},
				"west": {"uv": [12, 4, 16, 8], "texture": "#0"},
				"up": {"uv": [12, 4, 16, 8], "texture": "#0"},
				"down": {"uv": [12, 4, 16, 8], "texture": "#0"}
			}
		},
		{
			"from": [7.45, 6.3, 13.3],
			"to": [8.55, 6.7, 13.4],
			"rotation": {"angle": 0, "axis": "y", "origin": [0, 0, 2]},
			"faces": {
				"north": {"uv": [12, 4, 16, 8], "texture": "#0"},
				"east": {"uv": [12, 4, 16, 8], "texture": "#0"},
				"south": {"uv": [12, 4, 16, 8], "texture": "#0"},
				"west": {"uv": [12, 4, 16, 8], "texture": "#0"},
				"up": {"uv": [12, 4, 16, 8], "texture": "#0"},
				"down": {"uv": [12, 4, 16, 8], "texture": "#0"}
			}
		},
		{
			"from": [7.45, 6.2, 14.3],
			"to": [8.55, 6.8, 14.4],
			"rotation": {"angle": 0, "axis": "y", "origin": [0, 0, 2]},
			"faces": {
				"north": {"uv": [12, 4, 16, 8], "texture": "#0"},
				"east": {"uv": [12, 4, 16, 8], "texture": "#0"},
				"south": {"uv": [12, 4, 16, 8], "texture": "#0"},
				"west": {"uv": [12, 4, 16, 8], "texture": "#0"},
				"up": {"uv": [12, 4, 16, 8], "texture": "#0"},
				"down": {"uv": [12, 4, 16, 8], "texture": "#0"}
			}
		},
		{
			"from": [7.9, 7, 13],
			"to": [8.1, 7.1, 14.6],
			"rotation": {"angle": 0, "axis": "y", "origin": [0, 0, 2]},
			"faces": {
				"north": {"uv": [8, 0, 12, 4], "texture": "#0"},
				"east": {"uv": [8, 0, 12, 4], "texture": "#0"},
				"south": {"uv": [12, 4, 16, 8], "texture": "#0"},
				"west": {"uv": [8, 0, 12, 4], "texture": "#0"},
				"up": {"uv": [8, 0, 12, 4], "texture": "#0"},
				"down": {"uv": [8, 0, 12, 4], "texture": "#0"}
			}
		},
		{
			"from": [8.1, 7, 13.9],
			"to": [8.3, 7.2, 14.6],
			"rotation": {"angle": 0, "axis": "y", "origin": [0, 0, 2]},
			"faces": {
				"north": {"uv": [8, 0, 12, 4], "texture": "#0"},
				"east": {"uv": [8, 0, 12, 4], "texture": "#0"},
				"south": {"uv": [8, 0, 12, 4], "texture": "#0"},
				"west": {"uv": [8, 0, 12, 4], "texture": "#0"},
				"up": {"uv": [8, 0, 12, 4], "texture": "#0"},
				"down": {"uv": [0, 0, 4, 4], "texture": "#0"}
			}
		},
		{
			"from": [7.9, 7.1, 14.4],
			"to": [8.1, 7.4, 14.6],
			"rotation": {"angle": 0, "axis": "y", "origin": [0, 0, 2]},
			"faces": {
				"north": {"uv": [12, 4, 16, 8], "texture": "#0"},
				"east": {"uv": [12, 4, 16, 8], "texture": "#0"},
				"south": {"uv": [12, 4, 16, 8], "texture": "#0"},
				"west": {"uv": [12, 4, 16, 8], "texture": "#0"},
				"up": {"uv": [12, 4, 16, 8], "texture": "#0"},
				"down": {"uv": [12, 4, 16, 8], "texture": "#0"}
			}
		},
		{
			"from": [7.5, 4.22087, 14.8076],
			"to": [8.5, 5.29087, 15.4076],
			"rotation": {"angle": -22.5, "axis": "x", "origin": [8, 5.12087, 10.9076]},
			"faces": {
				"north": {"uv": [8, 4, 12, 8], "texture": "#0"},
				"east": {"uv": [8, 4, 12, 8], "texture": "#0"},
				"south": {"uv": [8, 4, 12, 8], "texture": "#0"},
				"west": {"uv": [8, 4, 12, 8], "texture": "#0"},
				"up": {"uv": [8, 4, 12, 8], "texture": "#0"},
				"down": {"uv": [8, 4, 12, 8], "texture": "#0"}
			}
		},
		{
			"from": [7.7, 7, 13.9],
			"to": [7.9, 7.2, 14.6],
			"rotation": {"angle": 0, "axis": "y", "origin": [0, 0, 2]},
			"faces": {
				"north": {"uv": [8, 0, 12, 4], "texture": "#0"},
				"east": {"uv": [8, 0, 12, 4], "texture": "#0"},
				"south": {"uv": [8, 0, 12, 4], "texture": "#0"},
				"west": {"uv": [8, 0, 12, 4], "texture": "#0"},
				"up": {"uv": [8, 0, 12, 4], "texture": "#0"},
				"down": {"uv": [0, 0, 4, 4], "texture": "#0"}
			}
		}
	],
	"display": {
		"thirdperson_righthand": {
			"translation": [0, 2, -0.5],
			"scale": [0.7, 0.7, 0.7]
		},
		"thirdperson_lefthand": {
			"scale": [0, 0, 0]
		},
		"firstperson_righthand": {
			"rotation": [-5, -15, 0],
			"translation": [6.5, 14.2, -1]
		},
		"firstperson_lefthand": {
			"scale": [0, 0, 0]
		},
		"ground": {
			"rotation": [0, 0, 90],
			"translation": [-3, 0, -1.25]
		},
		"gui": {
			"rotation": [0, 90, 0],
			"translation": [-0.5, 4.5, 0],
			"scale": [1.4, 1.4, 1.4]
		},
		"head": {
			"rotation": [0, 0, 90],
			"translation": [-3, -41.75, 0]
		},
		"fixed": {
			"rotation": [0, -90, 0],
			"translation": [1, 3.5, 0]
		}
	},
	"groups": [
		{
			"name": "group",
			"origin": [0.3, -0.16322, 0.5074],
			"color": 0,
			"children": [0, 1, 2, 3, 4, 5, 6, 7, 8, 9, 10, 11, 12, 13, 14, 15, 16, 17, 18, 19, 20, 21, 22, 23, 24, 25, 26, 27, 28, 29, 30, 31, 32, 33, 34, 35, 36, 37, 38, 39, 40, 41, 42, 43, 44, 45, 46, 47, 48, 49, 50, 51, 52, 53, 54, 55, 56, 57, 58, 59, 60, 61]
		},
		{
			"name": "group",
			"origin": [8, 3.5, 10.25],
			"color": 0,
			"children": [62, 63, 64, 65, 66, 67, 68]
		},
		69,
		{
			"name": "group",
			"origin": [0, 0, 0],
			"color": 0,
			"children": []
		},
		{
			"name": "group",
			"origin": [8, 8, 8],
			"color": 0,
			"children": [70, 71, 72, 73, 74, 75, 76, 77, 78, 79]
		},
		{
			"name": "group",
			"origin": [0, 0, 0],
			"color": 0,
			"children": [80, 81, 82, 83, 84, 85, 86, 87, 88, 89, 90, 91, 92, 93, 94, 95, 96, 97, 98, 99, 100, 101, 102, 103, 104, 105, 106, 107, 108, 109]
		}
	]
}