{
	"__credit": "Generated using Animated Java (https://animated-java.dev/)",
	"textures": {
		"0": "minecraft:gc/objects/at-at/at_st"
	},
	"elements": [
		{
			"faces": {
				"north": {"uv": [0.75, 9.75, 1, 10.5], "texture": "#0"},
				"east": {"uv": [1, 9.75, 1.25, 10.5], "texture": "#0"},
				"south": {"uv": [1.25, 9.75, 1.5, 10.5], "texture": "#0"},
				"west": {"uv": [1.5, 9.75, 1.75, 10.5], "texture": "#0"},
				"up": {"uv": [2.5, 10.5, 2.25, 10.25], "texture": "#0"},
				"down": {"uv": [10.5, 2.25, 10.25, 2.5], "texture": "#0"}
			},
			"to": [8.48, 10.9375, 16.40685],
			"from": [7.52, 8.0575, 15.44685],
			"rotation": {"angle": 45, "axis": "x", "origin": [8, 17.552, 4.912]}
		},
		{
			"faces": {
				"north": {"uv": [9.5, 7.75, 10.25, 8], "texture": "#0"},
				"east": {"uv": [4.5, 9.25, 5.5, 9.5], "texture": "#0"},
				"south": {"uv": [9.5, 8.75, 10.25, 9], "texture": "#0"},
				"west": {"uv": [9.25, 6.5, 10.25, 6.75], "texture": "#0"},
				"up": {"uv": [8.25, 3.25, 7.5, 2.25], "texture": "#0"},
				"down": {"uv": [8.25, 3.25, 7.5, 4.25], "texture": "#0"}
			},
			"to": [9.44, 3.5551, 6.39885],
			"from": [6.56, 2.5951, 1.35885],
			"rotation": {"angle": 0, "axis": "y", "origin": [8, 17.552, 4.912]}
		}
	],
	"display": {
		"head": {
			"translation": [0, 5.6, 0],
			"scale": [4, 4, 4],
			"rotation": [0, 0, 0]
		}
	}
}