{
	"__credit": "Generated using Animated Java (https://animated-java.dev/)",
	"textures": {
		"0": "minecraft:gc/objects/at-at/at_st"
	},
	"elements": [
		{
			"faces": {
				"north": {"uv": [1.75, 9.75, 2, 10.5], "texture": "#0"},
				"east": {"uv": [2.5, 9.75, 2.75, 10.5], "texture": "#0"},
				"south": {"uv": [2.75, 9.75, 3, 10.5], "texture": "#0"},
				"west": {"uv": [3, 9.75, 3.25, 10.5], "texture": "#0"},
				"up": {"uv": [10.5, 2.75, 10.25, 2.5], "texture": "#0"},
				"down": {"uv": [10.5, 2.75, 10.25, 3], "texture": "#0"}
			},
			"to": [8.48, 10.93752, 16.40684],
			"from": [7.52, 8.05752, 15.44684],
			"rotation": {"angle": 45, "axis": "x", "origin": [8, 17.55202, 4.91199]}
		},
		{
			"faces": {
				"north": {"uv": [3.25, 9.75, 4, 10], "texture": "#0"},
				"east": {"uv": [9.25, 6.75, 10.25, 7], "texture": "#0"},
				"south": {"uv": [9.75, 4.25, 10.5, 4.5], "texture": "#0"},
				"west": {"uv": [9.25, 7, 10.25, 7.25], "texture": "#0"},
				"up": {"uv": [8.25, 5.25, 7.5, 4.25], "texture": "#0"},
				"down": {"uv": [5.25, 7.5, 4.5, 8.5], "texture": "#0"}
			},
			"to": [9.44, 3.55512, 6.39884],
			"from": [6.56, 2.59512, 1.35884],
			"rotation": {"angle": 0, "axis": "y", "origin": [8, 17.55202, 4.91199]}
		}
	],
	"display": {
		"head": {
			"translation": [0, 5.6, 0],
			"scale": [4, 4, 4],
			"rotation": [0, 0, 0]
		}
	}
}