{
	"__credit": "Generated using Animated Java (https://animated-java.dev/)",
	"textures": {
		"0": "minecraft:gc/objects/at-at/at_st"
	},
	"elements": [
		{
			"faces": {
				"north": {"uv": [0, 0, 2, 2], "texture": "#0"},
				"east": {"uv": [0, 2, 2, 4], "texture": "#0"},
				"south": {"uv": [2, 0, 4, 2], "texture": "#0"},
				"west": {"uv": [2, 2, 4, 4], "texture": "#0"},
				"up": {"uv": [2, 6, 0, 4], "texture": "#0"},
				"down": {"uv": [6, 0, 4, 2], "texture": "#0"}
			},
			"to": [11.84, 13.664, 11.3702],
			"from": [4.16, 5.984, 3.6902],
			"rotation": {"angle": 0, "axis": "y", "origin": [4.16, -10.528, 10.432]}
		},
		{
			"faces": {
				"north": {"uv": [2, 4, 4, 5.75], "texture": "#0"},
				"east": {"uv": [6.5, 8, 6.75, 9.75], "texture": "#0"},
				"west": {"uv": [7.75, 8.25, 8, 10], "texture": "#0"},
				"up": {"uv": [10.25, 1.5, 8.25, 1.25], "texture": "#0"},
				"down": {"uv": [10.25, 1.5, 8.25, 1.75], "texture": "#0"}
			},
			"to": [11.84, 11.744, 3.6902],
			"from": [4.16, 5.024, 2.7302],
			"rotation": {"angle": 0, "axis": "y", "origin": [4.16, -10.528, 10.432]}
		},
		{
			"faces": {
				"north": {"uv": [8.25, 2.25, 10.25, 2.5], "texture": "#0"},
				"east": {"uv": [6, 1.75, 7, 2], "texture": "#0"},
				"south": {"uv": [8.25, 2.5, 10.25, 2.75], "texture": "#0"},
				"west": {"uv": [8.75, 4.25, 9.75, 4.5], "texture": "#0"},
				"down": {"uv": [7.5, 5.5, 5.5, 6.5], "texture": "#0"}
			},
			"to": [11.84, 5.984, 7.5302],
			"from": [4.16, 5.024, 3.6902],
			"rotation": {"angle": 0, "axis": "y", "origin": [4.16, -10.528, 10.432]}
		},
		{
			"faces": {
				"north": {"uv": [4, 2, 5.5, 4], "texture": "#0"},
				"east": {"uv": [6, 8, 6.25, 10], "texture": "#0"},
				"south": {"uv": [4, 4, 5.5, 6], "texture": "#0"},
				"west": {"uv": [6.25, 8, 6.5, 10], "texture": "#0"},
				"up": {"uv": [10, 2.25, 8.5, 2], "texture": "#0"},
				"down": {"uv": [10, 8, 8.5, 8.25], "texture": "#0"}
			},
			"to": [10.88, 10.784, 2.7302],
			"from": [5.12, 3.104, 1.7702],
			"rotation": {"angle": 0, "axis": "y", "origin": [4.16, -10.528, 10.432]}
		},
		{
			"faces": {
				"north": {"uv": [5, 8.5, 5.25, 8.75], "texture": "#0"},
				"east": {"uv": [9.25, 7.25, 10, 7.5], "texture": "#0"},
				"south": {"uv": [10, 8, 10.25, 8.25], "texture": "#0"},
				"west": {"uv": [9.25, 9.25, 10, 9.5], "texture": "#0"},
				"up": {"uv": [0.25, 10.25, 0, 9.5], "texture": "#0"},
				"down": {"uv": [0.5, 9.5, 0.25, 10.25], "texture": "#0"}
			},
			"to": [7.04, 5.024, 1.7702],
			"from": [6.08, 4.064, -1.1098],
			"rotation": {"angle": 0, "axis": "y", "origin": [4.16, -10.528, 10.432]}
		},
		{
			"faces": {
				"north": {"uv": [10, 8.25, 10.25, 8.5], "texture": "#0"},
				"east": {"uv": [0.5, 9.5, 1.25, 9.75], "texture": "#0"},
				"south": {"uv": [8.5, 10, 8.75, 10.25], "texture": "#0"},
				"west": {"uv": [1.25, 9.5, 2, 9.75], "texture": "#0"},
				"up": {"uv": [2.25, 10.25, 2, 9.5], "texture": "#0"},
				"down": {"uv": [2.5, 9.5, 2.25, 10.25], "texture": "#0"}
			},
			"to": [9.92, 5.024, 1.7702],
			"from": [8.96, 4.064, -1.1098],
			"rotation": {"angle": 0, "axis": "y", "origin": [4.16, -10.528, 10.432]}
		},
		{
			"faces": {
				"north": {"uv": [8.75, 6, 9.75, 6.25], "texture": "#0"},
				"east": {"uv": [10, 8.5, 10.25, 8.75], "texture": "#0"},
				"south": {"uv": [8.75, 6.25, 9.75, 6.5], "texture": "#0"},
				"west": {"uv": [8.75, 10, 9, 10.25], "texture": "#0"},
				"up": {"uv": [9.5, 9, 8.5, 8.75], "texture": "#0"},
				"down": {"uv": [1, 9, 0, 9.25], "texture": "#0"}
			},
			"to": [9.92, 13.664, 3.6902],
			"from": [6.08, 12.704, 2.7302],
			"rotation": {"angle": 0, "axis": "y", "origin": [4.16, -10.528, 10.432]}
		},
		{
			"faces": {
				"north": {"uv": [9.75, 5, 10.25, 5.25], "texture": "#0"},
				"east": {"uv": [9, 10, 9.25, 10.25], "texture": "#0"},
				"south": {"uv": [5.5, 9.75, 6, 10], "texture": "#0"},
				"west": {"uv": [10, 9.25, 10.25, 9.5], "texture": "#0"},
				"up": {"uv": [10.25, 6, 9.75, 5.75], "texture": "#0"},
				"down": {"uv": [10.25, 6, 9.75, 6.25], "texture": "#0"}
			},
			"to": [8.96, 11.744, 2.7302],
			"from": [7.04, 10.784, 1.7702],
			"rotation": {"angle": 0, "axis": "y", "origin": [4.16, -10.528, 10.432]}
		},
		{
			"faces": {
				"north": {"uv": [8.5, 8.25, 10, 8.5], "texture": "#0"},
				"east": {"uv": [9.75, 6.25, 10.25, 6.5], "texture": "#0"},
				"south": {"uv": [8.5, 8.5, 10, 8.75], "texture": "#0"},
				"west": {"uv": [8.75, 9.75, 9.25, 10], "texture": "#0"},
				"up": {"uv": [8.5, 7, 7, 6.5], "texture": "#0"},
				"down": {"uv": [8.5, 7, 7, 7.5], "texture": "#0"}
			},
			"to": [10.88, 12.704, 3.6902],
			"from": [5.12, 11.744, 1.7702],
			"rotation": {"angle": 0, "axis": "y", "origin": [4.16, -10.528, 10.432]}
		},
		{
			"faces": {
				"north": {"uv": [0, 8.75, 1.5, 9], "texture": "#0"},
				"east": {"uv": [1, 9, 2, 9.25], "texture": "#0"},
				"south": {"uv": [8.75, 0, 10.25, 0.25], "texture": "#0"},
				"west": {"uv": [5, 9, 6, 9.25], "texture": "#0"},
				"down": {"uv": [1.5, 6, 0, 7], "texture": "#0"}
			},
			"to": [10.88, 5.984, 11.3702],
			"from": [5.12, 5.024, 7.5302],
			"rotation": {"angle": 0, "axis": "y", "origin": [4.16, -10.528, 10.432]}
		},
		{
			"faces": {
				"north": {"uv": [8.25, 2.75, 10.25, 3], "texture": "#0"},
				"east": {"uv": [2.5, 9.5, 3.25, 9.75], "texture": "#0"},
				"south": {"uv": [8.25, 3, 10.25, 3.25], "texture": "#0"},
				"west": {"uv": [3.25, 9.5, 4, 9.75], "texture": "#0"},
				"down": {"uv": [8, 0, 6, 0.75], "texture": "#0"}
			},
			"to": [11.84, 5.024, 5.6102],
			"from": [4.16, 4.064, 2.7302],
			"rotation": {"angle": 0, "axis": "y", "origin": [4.16, -10.528, 10.432]}
		},
		{
			"faces": {
				"north": {"uv": [8.75, 0.25, 10.25, 0.5], "texture": "#0"},
				"east": {"uv": [9.75, 9, 10.25, 9.25], "texture": "#0"},
				"south": {"uv": [8.75, 0.5, 10.25, 0.75], "texture": "#0"},
				"west": {"uv": [9.75, 9.5, 10.25, 9.75], "texture": "#0"},
				"up": {"uv": [1.5, 8, 0, 7.5], "texture": "#0"}
			},
			"to": [10.88, 14.624, 10.4102],
			"from": [5.12, 13.664, 8.4902],
			"rotation": {"angle": 0, "axis": "y", "origin": [4.16, -10.528, 10.432]}
		},
		{
			"faces": {
				"north": {"uv": [9.75, 9.75, 10.25, 10], "texture": "#0"},
				"east": {"uv": [9.75, 10, 10, 10.25], "texture": "#0"},
				"south": {"uv": [10, 1.75, 10.5, 2], "texture": "#0"},
				"west": {"uv": [10, 10, 10.25, 10.25], "texture": "#0"},
				"up": {"uv": [10.5, 2.25, 10, 2], "texture": "#0"},
				"down": {"uv": [3.75, 10, 3.25, 10.25], "texture": "#0"}
			},
			"to": [10.88, 12.704, 1.7702],
			"from": [8.96, 11.744, 0.8102],
			"rotation": {"angle": 0, "axis": "y", "origin": [4.16, -10.528, 10.432]}
		},
		{
			"faces": {
				"north": {"uv": [3.75, 10, 4.25, 10.25], "texture": "#0"},
				"east": {"uv": [0, 10.25, 0.25, 10.5], "texture": "#0"},
				"south": {"uv": [10, 3.75, 10.5, 4], "texture": "#0"},
				"west": {"uv": [10.25, 0, 10.5, 0.25], "texture": "#0"},
				"up": {"uv": [10.5, 4.25, 10, 4], "texture": "#0"},
				"down": {"uv": [4.75, 10, 4.25, 10.25], "texture": "#0"}
			},
			"to": [7.04, 12.704, 1.7702],
			"from": [5.12, 11.744, 0.8102],
			"rotation": {"angle": 0, "axis": "y", "origin": [4.16, -10.528, 10.432]}
		},
		{
			"faces": {
				"north": {"uv": [9, 6.5, 9.25, 7.5], "texture": "#0"},
				"south": {"uv": [6.75, 9, 7, 10], "texture": "#0"},
				"west": {"uv": [5, 6.5, 6, 7.5], "texture": "#0"},
				"up": {"uv": [7.25, 10, 7, 9], "texture": "#0"},
				"down": {"uv": [7.5, 9, 7.25, 10], "texture": "#0"}
			},
			"to": [4.16, 10.784, 7.5302],
			"from": [3.2, 6.944, 3.6902],
			"rotation": {"angle": 0, "axis": "y", "origin": [4.16, -10.528, 10.432]}
		},
		{
			"faces": {
				"north": {"uv": [5, 9.75, 5.25, 10.25], "texture": "#0"},
				"south": {"uv": [6.5, 9.75, 6.75, 10.25], "texture": "#0"},
				"west": {"uv": [9, 5.25, 9.5, 5.75], "texture": "#0"},
				"up": {"uv": [5, 10.5, 4.75, 10], "texture": "#0"},
				"down": {"uv": [5.75, 10, 5.5, 10.5], "texture": "#0"}
			},
			"to": [3.2, 9.824, 6.5702],
			"from": [2.24, 7.904, 4.6502],
			"rotation": {"angle": 0, "axis": "y", "origin": [4.16, -10.528, 10.432]}
		},
		{
			"faces": {
				"north": {"uv": [0.25, 10.25, 0.5, 10.5], "texture": "#0"},
				"east": {"uv": [4.5, 9.5, 5.25, 9.75], "texture": "#0"},
				"south": {"uv": [10.25, 0.25, 10.5, 0.5], "texture": "#0"},
				"west": {"uv": [9.5, 5.25, 10.25, 5.5], "texture": "#0"},
				"up": {"uv": [5.5, 10.25, 5.25, 9.5], "texture": "#0"},
				"down": {"uv": [9.5, 9.5, 9.25, 10.25], "texture": "#0"}
			},
			"to": [3.2, 9.824, 4.6502],
			"from": [2.24, 8.864, 1.7702],
			"rotation": {"angle": 0, "axis": "y", "origin": [4.16, -10.528, 10.432]}
		},
		{
			"faces": {
				"north": {"uv": [5.75, 10, 6, 10.5], "texture": "#0"},
				"east": {"uv": [9, 7.5, 9.5, 8], "texture": "#0"},
				"south": {"uv": [6, 10, 6.25, 10.5], "texture": "#0"},
				"up": {"uv": [6.5, 10.5, 6.25, 10], "texture": "#0"},
				"down": {"uv": [7, 10, 6.75, 10.5], "texture": "#0"}
			},
			"to": [13.76, 9.824, 6.5702],
			"from": [12.8, 7.904, 4.6502],
			"rotation": {"angle": 0, "axis": "y", "origin": [11.84, -10.528, 10.432]}
		},
		{
			"faces": {
				"north": {"uv": [7.5, 9, 7.75, 10], "texture": "#0"},
				"east": {"uv": [6, 6.5, 7, 7.5], "texture": "#0"},
				"south": {"uv": [8, 9, 8.25, 10], "texture": "#0"},
				"up": {"uv": [8.5, 10, 8.25, 9], "texture": "#0"},
				"down": {"uv": [8.75, 9, 8.5, 10], "texture": "#0"}
			},
			"to": [12.8, 10.784, 7.5302],
			"from": [11.84, 6.944, 3.6902],
			"rotation": {"angle": 0, "axis": "y", "origin": [11.84, -10.528, 10.432]}
		},
		{
			"faces": {
				"north": {"uv": [10.25, 0.5, 10.5, 0.75], "texture": "#0"},
				"east": {"uv": [9.5, 5.5, 10.25, 5.75], "texture": "#0"},
				"south": {"uv": [10.25, 1.25, 10.5, 1.5], "texture": "#0"},
				"west": {"uv": [9.5, 7.5, 10.25, 7.75], "texture": "#0"},
				"up": {"uv": [9.75, 10.25, 9.5, 9.5], "texture": "#0"},
				"down": {"uv": [0.75, 9.75, 0.5, 10.5], "texture": "#0"}
			},
			"to": [13.76, 9.824, 4.6502],
			"from": [12.8, 8.864, 1.7702],
			"rotation": {"angle": 0, "axis": "y", "origin": [11.84, -10.528, 10.432]}
		}
	],
	"display": {
		"head": {
			"translation": [0, 5.6, 0],
			"scale": [4, 4, 4],
			"rotation": [0, 0, 0]
		}
	}
}