{
	"__credit": "Generated using Animated Java (https://animated-java.dev/)",
	"textures": {
		"0": "minecraft:gc/objects/at-at/at_st"
	},
	"elements": [
		{
			"faces": {
				"north": {"uv": [8.25, 5, 9.75, 5.25], "texture": "#0"},
				"east": {"uv": [8.25, 3.75, 10, 4], "texture": "#0"},
				"south": {"uv": [8.5, 1.75, 10, 2], "texture": "#0"},
				"west": {"uv": [8.25, 4, 10, 4.25], "texture": "#0"},
				"up": {"uv": [7, 3.75, 5.5, 2], "texture": "#0"},
				"down": {"uv": [7, 3.75, 5.5, 5.5], "texture": "#0"}
			},
			"to": [10.88, 5.352, 12.4582],
			"from": [5.12, 4.392, 5.7382],
			"rotation": {"angle": 0, "axis": "y", "origin": [4.16, -8.28, 10.56]}
		},
		{
			"faces": {
				"north": {"uv": [8.5, 6.5, 9, 7.25], "texture": "#0"},
				"east": {"uv": [0, 8, 0.75, 8.75], "texture": "#0"},
				"south": {"uv": [8.5, 7.25, 9, 8], "texture": "#0"},
				"west": {"uv": [8, 0, 8.75, 0.75], "texture": "#0"}
			},
			"to": [8.96, 8.232, 9.5782],
			"from": [7.04, 5.352, 6.6982],
			"rotation": {"angle": 0, "axis": "y", "origin": [4.16, -8.28, 10.56]}
		},
		{
			"faces": {
				"north": {"uv": [8.25, 0.75, 10.5, 1], "texture": "#0"},
				"east": {"uv": [9.75, 4.5, 10.25, 4.75], "texture": "#0"},
				"south": {"uv": [8.25, 1, 10.5, 1.25], "texture": "#0"},
				"west": {"uv": [9.75, 4.75, 10.25, 5], "texture": "#0"},
				"up": {"uv": [8.25, 1.25, 6, 0.75], "texture": "#0"},
				"down": {"uv": [8.25, 1.25, 6, 1.75], "texture": "#0"}
			},
			"to": [12.8, 4.392, 8.6182],
			"from": [4.16, 3.432, 6.6982],
			"rotation": {"angle": 0, "axis": "y", "origin": [4.16, -8.28, 10.56]}
		},
		{
			"faces": {
				"north": {"uv": [8.75, 4.5, 9.75, 4.75], "texture": "#0"},
				"east": {"uv": [8.75, 4.75, 9.75, 5], "texture": "#0"},
				"south": {"uv": [5, 8.75, 6, 9], "texture": "#0"},
				"west": {"uv": [8.75, 5.75, 9.75, 6], "texture": "#0"},
				"down": {"uv": [5, 6, 4, 7], "texture": "#0"}
			},
			"to": [9.92, 4.392, 12.4582],
			"from": [6.08, 3.432, 8.6182],
			"rotation": {"angle": 0, "axis": "y", "origin": [4.16, -8.28, 10.56]}
		},
		{
			"faces": {
				"north": {"uv": [8.75, 9, 9.75, 9.25], "texture": "#0"},
				"east": {"uv": [7, 10, 7.5, 10.25], "texture": "#0"},
				"south": {"uv": [0, 9.25, 1, 9.5], "texture": "#0"},
				"west": {"uv": [10, 7.25, 10.5, 7.5], "texture": "#0"},
				"up": {"uv": [9.25, 3.75, 8.25, 3.25], "texture": "#0"}
			},
			"to": [9.92, 6.312, 12.4582],
			"from": [6.08, 5.352, 10.5382],
			"rotation": {"angle": 0, "axis": "y", "origin": [4.16, -8.28, 10.56]}
		},
		{
			"faces": {
				"north": {"uv": [1, 9.25, 2, 9.5], "texture": "#0"},
				"east": {"uv": [10.25, 1.5, 10.5, 1.75], "texture": "#0"},
				"south": {"uv": [9.25, 3.25, 10.25, 3.5], "texture": "#0"},
				"west": {"uv": [2, 10.25, 2.25, 10.5], "texture": "#0"},
				"down": {"uv": [10.25, 3.5, 9.25, 3.75], "texture": "#0"}
			},
			"to": [9.92, 4.392, 6.6982],
			"from": [6.08, 3.432, 5.7382],
			"rotation": {"angle": 0, "axis": "y", "origin": [4.16, -8.28, 10.56]}
		}
	],
	"display": {
		"head": {
			"translation": [0, 5.6, 0],
			"scale": [4, 4, 4],
			"rotation": [0, 0, 0]
		}
	}
}