{
	"__credit": "Generated using Animated Java (https://animated-java.dev/)",
	"textures": {
		"0": "minecraft:gc/objects/at-at/at_st"
	},
	"elements": [
		{
			"faces": {
				"north": {"uv": [5, 6, 5.5, 6.5], "texture": "#0"},
				"east": {"uv": [4, 14, 6, 14.5], "texture": "#0"},
				"south": {"uv": [4.5, 7, 5, 7.5], "texture": "#0"},
				"west": {"uv": [4, 13.5, 6, 14], "texture": "#0"},
				"up": {"uv": [4, 14.5, 3.5, 12.5], "texture": "#0"},
				"down": {"uv": [3.5, 12.5, 3, 14.5], "texture": "#0"}
			},
			"to": [8.96, 5.9935, 17.07885],
			"from": [7.04, 4.0735, 9.39885],
			"rotation": {"angle": 22.5, "axis": "x", "origin": [8, 5.024, 7.984]}
		},
		{
			"faces": {
				"north": {"uv": [8.25, 4.25, 8.75, 5], "texture": "#0"},
				"east": {"uv": [7.5, 5.75, 8.25, 6.5], "texture": "#0"},
				"south": {"uv": [8.25, 5.75, 8.75, 6.5], "texture": "#0"},
				"west": {"uv": [7.75, 7.5, 8.5, 8.25], "texture": "#0"},
				"up": {"uv": [8.5, 9, 8, 8.25], "texture": "#0"},
				"down": {"uv": [5, 8.5, 4.5, 9.25], "texture": "#0"}
			},
			"to": [8.96096, 6.46405, 9.42398],
			"from": [7.03904, 3.58405, 6.54398],
			"rotation": {"angle": 22.5, "axis": "x", "origin": [8, 5.02405, 7.98398]}
		}
	],
	"display": {
		"head": {
			"translation": [0, 5.6, 0],
			"scale": [4, 4, 4],
			"rotation": [0, 0, 0]
		}
	}
}