{
	"__credit": "Generated using Animated Java (https://animated-java.dev/)",
	"textures": {
		"0": "minecraft:gc/objects/at-at/at_st"
	},
	"elements": [
		{
			"faces": {
				"north": {"uv": [5.5, 9.25, 6, 9.75], "texture": "#0"},
				"east": {"uv": [4, 12, 6, 12.5], "texture": "#0"},
				"south": {"uv": [8.75, 9.25, 9.25, 9.75], "texture": "#0"},
				"west": {"uv": [4, 11.5, 6, 12], "texture": "#0"},
				"up": {"uv": [3.5, 12.5, 3, 10.5], "texture": "#0"},
				"down": {"uv": [4, 10.5, 3.5, 12.5], "texture": "#0"}
			},
			"to": [8.96, 5.99352, 17.07884],
			"from": [7.04, 4.07352, 9.39884],
			"rotation": {"angle": 22.5, "axis": "x", "origin": [8, 5.02402, 7.98399]}
		},
		{
			"faces": {
				"north": {"uv": [2, 8.75, 2.5, 9.5], "texture": "#0"},
				"east": {"uv": [0.75, 8, 1.5, 8.75], "texture": "#0"},
				"south": {"uv": [2.5, 8.75, 3, 9.5], "texture": "#0"},
				"west": {"uv": [5.25, 8, 6, 8.75], "texture": "#0"},
				"up": {"uv": [3.5, 9.5, 3, 8.75], "texture": "#0"},
				"down": {"uv": [4, 8.75, 3.5, 9.5], "texture": "#0"}
			},
			"to": [8.96096, 6.46406, 9.42397],
			"from": [7.03904, 3.58406, 6.54397],
			"rotation": {"angle": 22.5, "axis": "x", "origin": [8, 5.02406, 7.98397]}
		}
	],
	"display": {
		"head": {
			"translation": [0, 5.6, 0],
			"scale": [4, 4, 4],
			"rotation": [0, 0, 0]
		}
	}
}