{
	"__credit": "Generated using Animated Java (https://animated-java.dev/)",
	"textures": {
		"0": "minecraft:gc/objects/at-at/at_st"
	},
	"elements": [
		{
			"faces": {
				"north": {"uv": [1.5, 10.5, 2, 14.75], "texture": "#0"},
				"east": {"uv": [2.5, 10.5, 2.75, 14.75], "texture": "#0"},
				"south": {"uv": [2, 10.5, 2.5, 14.75], "texture": "#0"},
				"west": {"uv": [2.75, 10.5, 3, 14.75], "texture": "#0"},
				"up": {"uv": [8, 10.25, 7.5, 10], "texture": "#0"},
				"down": {"uv": [8.5, 10, 8, 10.25], "texture": "#0"}
			},
			"to": [8.96, 9.4815, 9.60685],
			"from": [7.04, -6.8385, 8.64685],
			"rotation": {"angle": 22.5, "axis": "x", "origin": [8, 8.512, -0.448]}
		}
	],
	"display": {
		"head": {
			"translation": [0, 5.6, 0],
			"scale": [4, 4, 4],
			"rotation": [0, 0, 0]
		}
	}
}