{
	"__credit": "Generated using Animated Java (https://animated-java.dev/)",
	"textures": {
		"0": "minecraft:gc/objects/at-at/at_st"
	},
	"elements": [
		{
			"faces": {
				"north": {"uv": [0.5, 10.5, 1, 14.75], "texture": "#0"},
				"east": {"uv": [0, 10.5, 0.25, 14.75], "texture": "#0"},
				"south": {"uv": [1, 10.5, 1.5, 14.75], "texture": "#0"},
				"west": {"uv": [0.25, 10.5, 0.5, 14.75], "texture": "#0"},
				"up": {"uv": [7.5, 5.5, 7, 5.25], "texture": "#0"},
				"down": {"uv": [5, 9.75, 4.5, 10], "texture": "#0"}
			},
			"to": [8.96, 9.48152, 9.60684],
			"from": [7.04, -6.83848, 8.64684],
			"rotation": {"angle": 22.5, "axis": "x", "origin": [8, 8.51202, -0.44801]}
		}
	],
	"display": {
		"head": {
			"translation": [0, 5.6, 0],
			"scale": [4, 4, 4],
			"rotation": [0, 0, 0]
		}
	}
}