{
	"credit": "Made with Blockbench",
	"textures": {
		"0": "slot_4:item/smoke/0",
		"particle": "slot_4:item/smoke/0"
	},
	"elements": [
		{
			"from": [4, 0, 4],
			"to": [13, 17, 13],
			"rotation": {"angle": 0, "axis": "y", "origin": [4, 2, 4]},
			"faces": {
				"north": {"uv": [0, 0, 12, 16], "texture": "#0"},
				"east": {"uv": [0, 0, 12, 16], "texture": "#0"},
				"south": {"uv": [0, 0, 12, 16], "texture": "#0"},
				"west": {"uv": [0, 0, 12, 16], "texture": "#0"},
				"up": {"uv": [0, 0, 2, 2], "texture": "#0"},
				"down": {"uv": [0, 0, 2, 2], "texture": "#0"}
			}
		},
		{
			"from": [6, 17, 6],
			"to": [11, 17.9, 11],
			"rotation": {"angle": 0, "axis": "y", "origin": [4, 2, 4]},
			"faces": {
				"north": {"uv": [12, 0, 14, 2], "texture": "#0"},
				"east": {"uv": [12, 0, 14, 2], "texture": "#0"},
				"south": {"uv": [12, 0, 14, 2], "texture": "#0"},
				"west": {"uv": [12, 0, 14, 2], "texture": "#0"},
				"up": {"uv": [12, 0, 14, 2], "texture": "#0"},
				"down": {"uv": [12, 0, 14, 2], "texture": "#0"}
			}
		},
		{
			"from": [6, 19.8, 5.5],
			"to": [11, 20.7, 11.5],
			"rotation": {"angle": 0, "axis": "y", "origin": [4, 2, 4]},
			"faces": {
				"north": {"uv": [12, 0, 14, 2], "texture": "#0"},
				"east": {"uv": [12, 0, 14, 2], "texture": "#0"},
				"south": {"uv": [12, 0, 14, 2], "texture": "#0"},
				"west": {"uv": [12, 0, 14, 2], "texture": "#0"},
				"up": {"uv": [12, 0, 14, 2], "texture": "#0"},
				"down": {"uv": [12, 0, 14, 2], "texture": "#0"}
			}
		},
		{
			"from": [6.6, 19.3318, 11.1818],
			"to": [10.4, 20.8318, 16.0818],
			"rotation": {"angle": 45, "axis": "x", "origin": [8.3, 20.3818, 11.1818]},
			"faces": {
				"north": {"uv": [12, 0, 14, 2], "texture": "#0"},
				"east": {"uv": [12, 0, 14, 2], "texture": "#0"},
				"south": {"uv": [12, 0, 14, 2], "texture": "#0"},
				"west": {"uv": [12, 0, 14, 2], "texture": "#0"},
				"up": {"uv": [12, 0, 14, 2], "texture": "#0"},
				"down": {"uv": [12, 0, 14, 2], "texture": "#0"}
			}
		},
		{
			"from": [7, 12.73518, 14.06482],
			"to": [10, 17.23518, 14.96482],
			"rotation": {"angle": 0, "axis": "x", "origin": [8.3, 21.23518, 10.51482]},
			"faces": {
				"north": {"uv": [12, 0, 14, 2], "rotation": 90, "texture": "#0"},
				"east": {"uv": [12, 0, 14, 2], "rotation": 90, "texture": "#0"},
				"south": {"uv": [12, 0, 14, 2], "rotation": 90, "texture": "#0"},
				"west": {"uv": [12, 0, 14, 2], "rotation": 90, "texture": "#0"},
				"up": {"uv": [12, 0, 14, 2], "rotation": 90, "texture": "#0"},
				"down": {"uv": [12, 0, 14, 2], "rotation": 90, "texture": "#0"}
			}
		},
		{
			"from": [7.4, 7.93518, 14.06482],
			"to": [9.6, 12.73518, 14.96482],
			"rotation": {"angle": 0, "axis": "y", "origin": [8.3, 21.23518, 10.51482]},
			"faces": {
				"north": {"uv": [12, 0, 14, 2], "rotation": 90, "texture": "#0"},
				"east": {"uv": [12, 0, 14, 2], "rotation": 90, "texture": "#0"},
				"south": {"uv": [12, 0, 14, 2], "rotation": 90, "texture": "#0"},
				"west": {"uv": [12, 0, 14, 2], "rotation": 90, "texture": "#0"},
				"up": {"uv": [12, 0, 14, 2], "rotation": 90, "texture": "#0"},
				"down": {"uv": [12, 0, 14, 2], "rotation": 90, "texture": "#0"}
			}
		},
		{
			"from": [6.5, 17.9, 6.5],
			"to": [10.5, 19.8, 10.5],
			"rotation": {"angle": 0, "axis": "y", "origin": [4, 2, 4]},
			"faces": {
				"north": {"uv": [12, 0, 14, 2], "texture": "#0"},
				"east": {"uv": [12, 0, 14, 2], "texture": "#0"},
				"south": {"uv": [12, 0, 14, 2], "texture": "#0"},
				"west": {"uv": [12, 0, 14, 2], "texture": "#0"},
				"up": {"uv": [12, 0, 14, 2], "texture": "#0"},
				"down": {"uv": [12, 0, 14, 2], "texture": "#0"}
			}
		},
		{
			"from": [3.8, 19.90109, 9.5],
			"to": [4.2, 20.20109, 13.5],
			"rotation": {"angle": -22.5, "axis": "z", "origin": [4.1, 17.48687, 11.7]},
			"faces": {
				"north": {"uv": [12, 8, 15, 11], "texture": "#0"},
				"east": {"uv": [12, 8, 15, 11], "texture": "#0"},
				"south": {"uv": [12, 8, 15, 11], "texture": "#0"},
				"west": {"uv": [12, 8, 15, 11], "texture": "#0"},
				"up": {"uv": [12, 8, 15, 11], "texture": "#0"},
				"down": {"uv": [12, 8, 15, 11], "texture": "#0"}
			}
		},
		{
			"from": [3.8, 16.08687, 9.38579],
			"to": [4.2, 20.08687, 9.68579],
			"rotation": {"angle": -22.5, "axis": "z", "origin": [4.1, 17.48687, 11.7]},
			"faces": {
				"north": {"uv": [12, 8, 15, 11], "rotation": 180, "texture": "#0"},
				"east": {"uv": [12, 8, 15, 11], "rotation": 180, "texture": "#0"},
				"south": {"uv": [12, 8, 15, 11], "rotation": 180, "texture": "#0"},
				"west": {"uv": [12, 8, 15, 11], "rotation": 180, "texture": "#0"},
				"up": {"uv": [12, 8, 15, 11], "rotation": 180, "texture": "#0"},
				"down": {"uv": [12, 8, 15, 11], "rotation": 180, "texture": "#0"}
			}
		},
		{
			"from": [3.8, 15.97266, 9.5],
			"to": [4.2, 16.27266, 13.5],
			"rotation": {"angle": -22.5, "axis": "z", "origin": [4.1, 17.48687, 11.7]},
			"faces": {
				"north": {"uv": [12, 8, 15, 11], "rotation": 180, "texture": "#0"},
				"east": {"uv": [12, 8, 15, 11], "rotation": 180, "texture": "#0"},
				"south": {"uv": [12, 8, 15, 11], "rotation": 180, "texture": "#0"},
				"west": {"uv": [12, 8, 15, 11], "rotation": 180, "texture": "#0"},
				"up": {"uv": [12, 8, 15, 11], "rotation": 180, "texture": "#0"},
				"down": {"uv": [12, 8, 15, 11], "rotation": 180, "texture": "#0"}
			}
		},
		{
			"from": [3.8, 16.08687, 13.31421],
			"to": [4.2, 20.08687, 13.61421],
			"rotation": {"angle": -22.5, "axis": "z", "origin": [4.1, 17.48687, 11.7]},
			"faces": {
				"north": {"uv": [12, 8, 15, 11], "rotation": 180, "texture": "#0"},
				"east": {"uv": [12, 8, 15, 11], "rotation": 180, "texture": "#0"},
				"south": {"uv": [12, 8, 15, 11], "rotation": 180, "texture": "#0"},
				"west": {"uv": [12, 8, 15, 11], "rotation": 180, "texture": "#0"},
				"up": {"uv": [12, 8, 15, 11], "rotation": 180, "texture": "#0"},
				"down": {"uv": [12, 8, 15, 11], "rotation": 180, "texture": "#0"}
			}
		},
		{
			"from": [4.9, 19.9, 11.6],
			"to": [9.9, 20.1, 11.8],
			"rotation": {"angle": 0, "axis": "y", "origin": [3.9, 1.8, 7.2]},
			"faces": {
				"north": {"uv": [12, 8, 15, 11], "texture": "#0"},
				"east": {"uv": [12, 8, 15, 11], "texture": "#0"},
				"south": {"uv": [12, 8, 15, 11], "texture": "#0"},
				"west": {"uv": [12, 8, 15, 11], "texture": "#0"},
				"up": {"uv": [12, 8, 15, 11], "texture": "#0"},
				"down": {"uv": [12, 8, 15, 11], "texture": "#0"}
			}
		}
	],
	"display": {
		"thirdperson_righthand": {
			"rotation": [0, 90, 0],
			"scale": [0.3, 0.3, 0.3]
		},
		"thirdperson_lefthand": {
			"scale": [0, 0, 0]
		},
		"firstperson_righthand": {
			"rotation": [0, 10, 0],
			"translation": [-6, 9.5, 0],
			"scale": [0.35, 0.35, 0.35]
		},
		"ground": {
			"rotation": [0, 0, 90],
			"scale": [0.5, 0.5, 0.5]
		},
		"gui": {
			"rotation": [0, 90, 0],
			"translation": [-0.5, -1.5, 0],
			"scale": [0.7, 0.7, 0.7]
		},
		"head": {
			"rotation": [90, 90, 0],
			"translation": [0, -42.5, -1.5],
			"scale": [0.5, 0.5, 0.5]
		},
		"fixed": {
			"rotation": [0, -90, 0],
			"translation": [0, -2.5, -3],
			"scale": [0.7, 0.7, 0.7]
		}
	},
	"groups": [
		0,
		1,
		2,
		3,
		4,
		5,
		6,
		{
			"name": "group",
			"origin": [0, 0, 0],
			"color": 0,
			"children": [7, 8, 9, 10, 11]
		}
	]
}