{
    "providers": [
        {
            "type": "bitmap",
            "file": "gameui:other/air.png",
            "ascent": -4,
            "height": -4,
            "chars": [","]
        },
    
        {
            "type": "bitmap",
            "file": "generic:ingame/c4.png",
            "ascent": 100,
            "height": 130,
            "chars": [
				"包" 
			]
					
        },

        {
            "type": "bitmap",
            "file": "generic:ingame/money.png",
            "ascent": 7,
            "height": 8,
            "chars": [
				"金" 
			]
					
        },

        {
            "type": "bitmap",
            "file": "generic:ingame/screen.png",
            "ascent": 300,
            "height": 500,
            "chars": [
                "闪烟死一二三"
            ]
        }
    ]
}