{
    "providers": [
        {
            "type": "bitmap",
            "file": "gameui:other/air.png",
            "ascent": -4,
            "height": -4,
            "chars": [","]
        },
    
        {
            "type": "bitmap",
            "file": "generic:lobby/directions.png",
            "ascent": 47,
            "height": 80,
            "chars": [
				"右左上下" 
			]
					
        },

        {
            "type": "bitmap",
            "file": "generic:lobby/start.png",
            "ascent": 64,
            "height": 128,
            "chars": [
				"开始" 
			]
					
        },
        {
            "type": "bitmap",
            "file": "generic:lobby/setting.png",
            "ascent": 217,
            "height": 441,
            "chars": [
				"设" 
			]
					
        },

        {
            "type": "bitmap",
            "file": "generic:lobby/lock.png",
            "ascent": 47,
            "height": 80,
            "chars": [
				"锁解问" 
			]
					
        },

        {
            "type": "bitmap",
            "file": "generic:lobby/zh_cn/recoil_performance.png",
            "ascent": 75,
            "height": 150,
            "chars": [
				"a" 
			]
					
        },
        {
            "type": "bitmap",
            "file": "generic:lobby/zh_cn/recoil_performance_no_vibration.png",
            "ascent": 75,
            "height": 150,
            "chars": [
				"b" 
			]
					
        },        {
            "type": "bitmap",
            "file": "generic:lobby/zh_cn/recoil_performance_default.png",
            "ascent": 75,
            "height": 150,
            "chars": [
				"c" 
			]
					
        },
        {
            "type": "bitmap",
            "file": "generic:lobby/zh_cn/recoil_performance_best.png",
            "ascent": 75,
            "height": 150,
            "chars": [
				"d" 
			]
					
        },
        {
            "type": "bitmap",
            "file": "generic:lobby/zh_cn/target_score.png",
            "ascent": 75,
            "height": 150,
            "chars": [
				"e" 
			]
					
        },        {
            "type": "bitmap",
            "file": "generic:lobby/zh_cn/team_damage.png",
            "ascent": 75,
            "height": 150,
            "chars": [
				"f" 
			]
					
        },
        {
            "type": "bitmap",
            "file": "generic:lobby/zh_cn/disabled.png",
            "ascent": 75,
            "height": 150,
            "chars": [
				"g" 
			]
					
        },
        {
            "type": "bitmap",
            "file": "generic:lobby/zh_cn/activated.png",
            "ascent": 75,
            "height": 150,
            "chars": [
				"h" 
			]
					
        },
        {
            "type": "bitmap",
            "file": "generic:lobby/zh_cn/settings.png",
            "ascent": 75,
            "height": 150,
            "chars": [
				"i" 
			]
					
        },
        {
            "type": "bitmap",
            "file": "generic:lobby/zh_cn/maps.png",
            "ascent": 75,
            "height": 150,
            "chars": [
				"j" 
			]
					
        },
        {
            "type": "bitmap",
            "file": "generic:lobby/zh_cn/delay_compensation.png",
            "ascent": 75,
            "height": 150,
            "chars": [
				"u" 
			]
					
        },
        {
            "type": "bitmap",
            "file": "generic:lobby/zh_cn/show_trajectory.png",
            "ascent": 75,
            "height": 150,
            "chars": [
				"v" 
			]
					
        },
        {
            "type": "bitmap",
            "file": "generic:lobby/zh_cn/interaction_amount.png",
            "ascent": 75,
            "height": 150,
            "chars": [
				"y" 
			]
					
        },
        {
            "type": "bitmap",
            "file": "generic:lobby/zh_cn/interaction_size.png",
            "ascent": 75,
            "height": 150,
            "chars": [
				"z" 
			]
					
        },
        {
            "type": "bitmap",
            "file": "generic:lobby/zh_cn/god_spectator.png",
            "ascent": 75,
            "height": 150,
            "chars": [
				"A" 
			]
					
        },


        {
            "type": "bitmap",
            "file": "generic:lobby/en/recoil_performance.png",
            "ascent": 190,
            "height": 380,
            "chars": [
				"k" 
			]
					
        },
        {
            "type": "bitmap",
            "file": "generic:lobby/en/recoil_performance_no_vibration.png",
            "ascent": 125,
            "height": 250,
            "chars": [
				"l" 
			]
					
        },        {
            "type": "bitmap",
            "file": "generic:lobby/en/recoil_performance_default.png",
            "ascent": 75,
            "height": 150,
            "chars": [
				"m" 
			]
					
        },
        {
            "type": "bitmap",
            "file": "generic:lobby/en/recoil_performance_best.png",
            "ascent": 150,
            "height": 300,
            "chars": [
				"n" 
			]
					
        },
        {
            "type": "bitmap",
            "file": "generic:lobby/en/target_score.png",
            "ascent": 135,
            "height": 270,
            "chars": [
				"o" 
			]
					
        },        {
            "type": "bitmap",
            "file": "generic:lobby/en/team_damage.png",
            "ascent": 120,
            "height": 240,
            "chars": [
				"p" 
			]
					
        },
        {
            "type": "bitmap",
            "file": "generic:lobby/en/disabled.png",
            "ascent": 100,
            "height": 200,
            "chars": [
				"q" 
			]
					
        },
        {
            "type": "bitmap",
            "file": "generic:lobby/en/activated.png",
            "ascent": 100,
            "height": 200,
            "chars": [
				"r" 
			]
					
        },
        {
            "type": "bitmap",
            "file": "generic:lobby/en/settings.png",
            "ascent": 100,
            "height": 200,
            "chars": [
				"s" 
			]
					
        },
        {
            "type": "bitmap",
            "file": "generic:lobby/en/maps.png",
            "ascent": 75,
            "height": 150,
            "chars": [
				"t" 
			]
					
        },
        {
            "type": "bitmap",
            "file": "generic:lobby/en/delay_compensation.png",
            "ascent": 165,
            "height": 330,
            "chars": [
				"w" 
			]
					
        },
        {
            "type": "bitmap",
            "file": "generic:lobby/en/show_trajectory.png",
            "ascent": 175,
            "height": 350,
            "chars": [
				"x" 
			]
					
        },
        {
            "type": "bitmap",
            "file": "generic:lobby/en/interaction_amount.png",
            "ascent": 150,
            "height": 300,
            "chars": [
				"B" 
			]
					
        },
        {
            "type": "bitmap",
            "file": "generic:lobby/en/interaction_size.png",
            "ascent": 125,
            "height": 250,
            "chars": [
				"C" 
			]
					
        },
        {
            "type": "bitmap",
            "file": "generic:lobby/en/god_spectator.png",
            "ascent": 100,
            "height": 200,
            "chars": [
				"D" 
			]
					
        }
		
    ]
}