{
    "providers": [
        {
            "type": "bitmap",
            "file": "gameui:other/air.png",
            "ascent": -4,
            "height": -4,
            "chars": [","]
        },
    
        {
            "type": "bitmap",
            "file": "generic:lobby/maps/inferno.png",
            "ascent": 217,
            "height": 441,
            "chars": [
				"1" 
			]
					
        },

        {
            "type": "bitmap",
            "file": "generic:lobby/maps/mirage.png",
            "ascent": 217,
            "height": 441,
            "chars": [
				"2" 
			]
					
        },

        {
            "type": "bitmap",
            "file": "generic:lobby/maps/dust2.png",
            "ascent": 217,
            "height": 441,
            "chars": [
				"3" 
			]
					
        },

        {
            "type": "bitmap",
            "file": "generic:lobby/maps/vertigo.png",
            "ascent": 217,
            "height": 441,
            "chars": [
				"4" 
			]
					
        },

        {
            "type": "bitmap",
            "file": "generic:lobby/maps/ancient.png",
            "ascent": 217,
            "height": 441,
            "chars": [
				"5" 
			]
					
        },

        {
            "type": "bitmap",
            "file": "generic:lobby/maps/cache.png",
            "ascent": 217,
            "height": 441,
            "chars": [
				"6" 
			]
					
        },

        {
            "type": "bitmap",
            "file": "generic:lobby/maps/festival.png",
            "ascent": 217,
            "height": 441,
            "chars": [
				"7" 
			]
					
        }
		
    ]
}