{
    "providers": [
        {
            "type": "bitmap",
            "file": "generic:item/air.png",
            "ascent": -65335,
            "height": -3,
            "chars": [
                ","
            ]
        },
        {
            "type": "bitmap",
            "file": "generic:item/air.png",
            "ascent": -65335,
            "height": -3,
            "chars": [
                " "
            ]
        },
        {
            "type": "bitmap",
            "file": "generic:bossbar/number.png",
            "ascent": -65535,
            "height": -110,
            "chars": [
                "1234567890/+-()_:"
            ]
        },
        {
            "type": "bitmap",
            "file": "generic:bossbar/scoreboard.png",
            "ascent":-65535,
            "height": -50,
            "chars": [
                "框"
            ]
        },
        {
            "type": "bitmap",
            "file": "generic:bossbar/player.png",
            "ascent": -65535,
            "height": -20,
            "chars": [
                "一二三四五"
            ]
        },
        {
            "type": "bitmap",
            "file": "generic:bossbar/vs.png",
            "ascent": -65535,
            "height": -20,
            "chars": [
                "对"
            ]
        }
    ]
}