{
    "providers": [
        {
            "type": "bitmap",
            "file": "generic:item/air.png",
            "ascent": -65335,
            "height": 0,
            "chars": [
                ","
            ]
        },
        {
            "type": "bitmap",
            "file": "generic:item/air.png",
            "ascent": -65335,
            "height": 0,
            "chars": [
                " "
            ]
        },
        {
            "type": "bitmap",
            "file": "generic:bossbar/number.png",
            "ascent": 22.5,
            "height": 100,
            "chars": [
                "1234567890/+-()_:"
            ]
        },
        {
            "type": "bitmap",
            "file": "generic:bossbar/scoreboard.png",
            "ascent": 10,
            "height": 50,
            "chars": [
                "框"
            ]
        },
        {
            "type": "bitmap",
            "file": "generic:bossbar/player.png",
            "ascent": 11,
            "height": 20,
            "chars": [
                "一二三四五"
            ]
        },
        {
            "type": "bitmap",
            "file": "generic:bossbar/vs.png",
            "ascent": 11,
            "height": 70,
            "chars": [
                "对"
            ]
        }
    ]
}