{
    "providers": [
        {
            "type": "bitmap",
            "file": "generic:font/text.png",
            "ascent": 20,
            "height": 40,
            "chars": [
                "1234567890/+-()_?!,.ABCDEFGHIJKLMNOPQRSTUVWXYZabcdefghijklmnopqrstuvwxyz"
            ]
        },
        {
            "type": "bitmap",
            "file": "generic:font/space.png",
            "ascent": -65535,
            "height": 40,
            "chars": [" "]
        }
    ]
}
