{
	"credit": "Made with Blockbench",
	"texture_size": [64, 64],
	"textures": {
		"0": "gc/planets/deathstar",
		"particle": "gc/planets/deathstar"
	},
	"elements": [
		{
			"name": "voxel",
			"from": [12.5, 3.5, 24.5],
			"to": [15.5, 12.5, 27.5],
			"rotation": {"angle": 0, "axis": "y", "origin": [-16, -16, -16]},
			"faces": {
				"north": {"uv": [3.25, 5.5, 3.5, 6.25], "texture": "#0"},
				"east": {"uv": [3.5, 5.5, 3.75, 6.25], "texture": "#0"},
				"south": {"uv": [6.5, 8.25, 6.75, 9], "texture": "#0"},
				"west": {"uv": [9.75, 1.25, 10, 2], "texture": "#0"},
				"up": {"uv": [14.25, 7.5, 14, 7.25], "texture": "#0"},
				"down": {"uv": [8.5, 14, 8.25, 14.25], "texture": "#0"}
			}
		},
		{
			"name": "voxel",
			"from": [0.5, 3.5, 24.5],
			"to": [3.5, 12.5, 27.5],
			"rotation": {"angle": 0, "axis": "y", "origin": [-16, -16, -16]},
			"faces": {
				"north": {"uv": [10, 1.25, 10.25, 2], "texture": "#0"},
				"east": {"uv": [4.75, 13.25, 5, 14], "texture": "#0"},
				"south": {"uv": [5, 13.25, 5.25, 14], "texture": "#0"},
				"west": {"uv": [13.25, 5, 13.5, 5.75], "texture": "#0"},
				"up": {"uv": [8.75, 14.25, 8.5, 14], "texture": "#0"},
				"down": {"uv": [14.25, 8.5, 14, 8.75], "texture": "#0"}
			}
		},
		{
			"name": "voxel",
			"from": [18.5, 3.5, 21.5],
			"to": [21.5, 12.5, 24.5],
			"rotation": {"angle": 0, "axis": "y", "origin": [-16, -16, -16]},
			"faces": {
				"north": {"uv": [5.25, 13.25, 5.5, 14], "texture": "#0"},
				"east": {"uv": [13.25, 5.75, 13.5, 6.5], "texture": "#0"},
				"south": {"uv": [6, 13.25, 6.25, 14], "texture": "#0"},
				"west": {"uv": [6.25, 13.25, 6.5, 14], "texture": "#0"},
				"up": {"uv": [9, 14.25, 8.75, 14], "texture": "#0"},
				"down": {"uv": [14.25, 8.75, 14, 9], "texture": "#0"}
			}
		},
		{
			"name": "voxel",
			"from": [-5.5, 3.5, 21.5],
			"to": [-2.5, 12.5, 24.5],
			"rotation": {"angle": 0, "axis": "y", "origin": [-16, -16, -16]},
			"faces": {
				"north": {"uv": [13.25, 6.5, 13.5, 7.25], "texture": "#0"},
				"east": {"uv": [13.25, 7.25, 13.5, 8], "texture": "#0"},
				"south": {"uv": [13.25, 8, 13.5, 8.75], "texture": "#0"},
				"west": {"uv": [8.5, 13.25, 8.75, 14], "texture": "#0"},
				"up": {"uv": [14.25, 9.25, 14, 9], "texture": "#0"},
				"down": {"uv": [14.25, 9.25, 14, 9.5], "texture": "#0"}
			}
		},
		{
			"name": "voxel",
			"from": [21.5, 3.5, 18.5],
			"to": [24.5, 12.5, 21.5],
			"rotation": {"angle": 0, "axis": "y", "origin": [-16, -16, -16]},
			"faces": {
				"north": {"uv": [8.75, 13.25, 9, 14], "texture": "#0"},
				"east": {"uv": [13.25, 8.75, 13.5, 9.5], "texture": "#0"},
				"south": {"uv": [9.5, 13.25, 9.75, 14], "texture": "#0"},
				"west": {"uv": [13.25, 9.5, 13.5, 10.25], "texture": "#0"},
				"up": {"uv": [9.75, 14.25, 9.5, 14], "texture": "#0"},
				"down": {"uv": [14.25, 9.5, 14, 9.75], "texture": "#0"}
			}
		},
		{
			"name": "voxel",
			"from": [-8.5, 3.5, 18.5],
			"to": [-5.5, 12.5, 21.5],
			"rotation": {"angle": 0, "axis": "y", "origin": [-16, -16, -16]},
			"faces": {
				"north": {"uv": [9.75, 13.25, 10, 14], "texture": "#0"},
				"east": {"uv": [10, 13.25, 10.25, 14], "texture": "#0"},
				"south": {"uv": [13.25, 10.25, 13.5, 11], "texture": "#0"},
				"west": {"uv": [13.25, 11, 13.5, 11.75], "texture": "#0"},
				"up": {"uv": [10, 14.25, 9.75, 14], "texture": "#0"},
				"down": {"uv": [14.25, 9.75, 14, 10], "texture": "#0"}
			}
		},
		{
			"name": "voxel",
			"from": [24.5, 3.5, 12.5],
			"to": [27.5, 12.5, 15.5],
			"rotation": {"angle": 0, "axis": "y", "origin": [-16, -16, -16]},
			"faces": {
				"north": {"uv": [13.25, 11.75, 13.5, 12.5], "texture": "#0"},
				"east": {"uv": [12.5, 13.25, 12.75, 14], "texture": "#0"},
				"south": {"uv": [13.25, 12.5, 13.5, 13.25], "texture": "#0"},
				"west": {"uv": [12.75, 13.25, 13, 14], "texture": "#0"},
				"up": {"uv": [10.25, 14.25, 10, 14], "texture": "#0"},
				"down": {"uv": [14.25, 10, 14, 10.25], "texture": "#0"}
			}
		},
		{
			"name": "voxel",
			"from": [-11.5, 3.5, 12.5],
			"to": [-8.5, 12.5, 15.5],
			"rotation": {"angle": 0, "axis": "y", "origin": [-16, -16, -16]},
			"faces": {
				"north": {"uv": [13, 13.25, 13.25, 14], "texture": "#0"},
				"east": {"uv": [13.25, 13.25, 13.5, 14], "texture": "#0"},
				"south": {"uv": [13.5, 0, 13.75, 0.75], "texture": "#0"},
				"west": {"uv": [13.5, 0.75, 13.75, 1.5], "texture": "#0"},
				"up": {"uv": [14.25, 10.5, 14, 10.25], "texture": "#0"},
				"down": {"uv": [14.25, 10.5, 14, 10.75], "texture": "#0"}
			}
		},
		{
			"name": "voxel",
			"from": [24.5, 3.5, 0.5],
			"to": [27.5, 12.5, 3.5],
			"rotation": {"angle": 0, "axis": "y", "origin": [-16, -16, -16]},
			"faces": {
				"north": {"uv": [13.5, 1.5, 13.75, 2.25], "texture": "#0"},
				"east": {"uv": [13.5, 2.25, 13.75, 3], "texture": "#0"},
				"south": {"uv": [13.5, 3, 13.75, 3.75], "texture": "#0"},
				"west": {"uv": [13.5, 3.75, 13.75, 4.5], "texture": "#0"},
				"up": {"uv": [14.25, 11, 14, 10.75], "texture": "#0"},
				"down": {"uv": [14.25, 11, 14, 11.25], "texture": "#0"}
			}
		},
		{
			"name": "voxel",
			"from": [-11.5, 3.5, 0.5],
			"to": [-8.5, 12.5, 3.5],
			"rotation": {"angle": 0, "axis": "y", "origin": [-16, -16, -16]},
			"faces": {
				"north": {"uv": [13.5, 4.5, 13.75, 5.25], "texture": "#0"},
				"east": {"uv": [13.5, 5.25, 13.75, 6], "texture": "#0"},
				"south": {"uv": [13.5, 6, 13.75, 6.75], "texture": "#0"},
				"west": {"uv": [6.5, 13.5, 6.75, 14.25], "texture": "#0"},
				"up": {"uv": [14.25, 11.5, 14, 11.25], "texture": "#0"},
				"down": {"uv": [11.75, 14, 11.5, 14.25], "texture": "#0"}
			}
		},
		{
			"name": "voxel",
			"from": [21.5, 3.5, -5.5],
			"to": [24.5, 12.5, -2.5],
			"rotation": {"angle": 0, "axis": "y", "origin": [-16, -16, -16]},
			"faces": {
				"north": {"uv": [6.75, 13.5, 7, 14.25], "texture": "#0"},
				"east": {"uv": [13.5, 6.75, 13.75, 7.5], "texture": "#0"},
				"south": {"uv": [7, 13.5, 7.25, 14.25], "texture": "#0"},
				"west": {"uv": [7.25, 13.5, 7.5, 14.25], "texture": "#0"},
				"up": {"uv": [14.25, 11.75, 14, 11.5], "texture": "#0"},
				"down": {"uv": [12, 14, 11.75, 14.25], "texture": "#0"}
			}
		},
		{
			"name": "voxel",
			"from": [-8.5, 3.5, -5.5],
			"to": [-5.5, 12.5, -2.5],
			"rotation": {"angle": 0, "axis": "y", "origin": [-16, -16, -16]},
			"faces": {
				"north": {"uv": [7.5, 13.5, 7.75, 14.25], "texture": "#0"},
				"east": {"uv": [13.5, 7.5, 13.75, 8.25], "texture": "#0"},
				"south": {"uv": [7.75, 13.5, 8, 14.25], "texture": "#0"},
				"west": {"uv": [8, 13.5, 8.25, 14.25], "texture": "#0"},
				"up": {"uv": [14.25, 12, 14, 11.75], "texture": "#0"},
				"down": {"uv": [12.25, 14, 12, 14.25], "texture": "#0"}
			}
		},
		{
			"name": "voxel",
			"from": [18.5, 3.5, -8.5],
			"to": [21.5, 12.5, -5.5],
			"rotation": {"angle": 0, "axis": "y", "origin": [-16, -16, -16]},
			"faces": {
				"north": {"uv": [13.5, 8.25, 13.75, 9], "texture": "#0"},
				"east": {"uv": [9, 13.5, 9.25, 14.25], "texture": "#0"},
				"south": {"uv": [13.5, 9, 13.75, 9.75], "texture": "#0"},
				"west": {"uv": [13.5, 9.75, 13.75, 10.5], "texture": "#0"},
				"up": {"uv": [14.25, 12.25, 14, 12], "texture": "#0"},
				"down": {"uv": [12.5, 14, 12.25, 14.25], "texture": "#0"}
			}
		},
		{
			"name": "voxel",
			"from": [-5.5, 3.5, -8.5],
			"to": [-2.5, 12.5, -5.5],
			"rotation": {"angle": 0, "axis": "y", "origin": [-16, -16, -16]},
			"faces": {
				"north": {"uv": [10.25, 13.5, 10.5, 14.25], "texture": "#0"},
				"east": {"uv": [10.5, 13.5, 10.75, 14.25], "texture": "#0"},
				"south": {"uv": [13.5, 10.5, 13.75, 11.25], "texture": "#0"},
				"west": {"uv": [10.75, 13.5, 11, 14.25], "texture": "#0"},
				"up": {"uv": [14.25, 12.5, 14, 12.25], "texture": "#0"},
				"down": {"uv": [12.75, 14, 12.5, 14.25], "texture": "#0"}
			}
		},
		{
			"name": "voxel",
			"from": [12.5, 3.5, -11.5],
			"to": [15.5, 12.5, -8.5],
			"rotation": {"angle": 0, "axis": "y", "origin": [-16, -16, -16]},
			"faces": {
				"north": {"uv": [11, 13.5, 11.25, 14.25], "texture": "#0"},
				"east": {"uv": [13.5, 11.25, 13.75, 12], "texture": "#0"},
				"south": {"uv": [13.5, 12, 13.75, 12.75], "texture": "#0"},
				"west": {"uv": [13.5, 12.75, 13.75, 13.5], "texture": "#0"},
				"up": {"uv": [14.25, 12.75, 14, 12.5], "texture": "#0"},
				"down": {"uv": [13, 14, 12.75, 14.25], "texture": "#0"}
			}
		},
		{
			"name": "voxel",
			"from": [0.5, 3.5, -11.5],
			"to": [3.5, 12.5, -8.5],
			"rotation": {"angle": 0, "axis": "y", "origin": [-16, -16, -16]},
			"faces": {
				"north": {"uv": [13.5, 13.5, 13.75, 14.25], "texture": "#0"},
				"east": {"uv": [0, 13.75, 0.25, 14.5], "texture": "#0"},
				"south": {"uv": [13.75, 0, 14, 0.75], "texture": "#0"},
				"west": {"uv": [0.25, 13.75, 0.5, 14.5], "texture": "#0"},
				"up": {"uv": [14.25, 13, 14, 12.75], "texture": "#0"},
				"down": {"uv": [13.25, 14, 13, 14.25], "texture": "#0"}
			}
		},
		{
			"name": "voxel",
			"from": [3.5, 0.5, 24.5],
			"to": [12.5, 15.5, 27.5],
			"rotation": {"angle": 0, "axis": "y", "origin": [-16, -16, -16]},
			"faces": {
				"north": {"uv": [9.5, 2.25, 10.25, 3.5], "texture": "#0"},
				"east": {"uv": [10.5, 0, 10.75, 1.25], "texture": "#0"},
				"south": {"uv": [9.5, 3.5, 10.25, 4.75], "texture": "#0"},
				"west": {"uv": [10.75, 0, 11, 1.25], "texture": "#0"},
				"up": {"uv": [14.5, 1, 13.75, 0.75], "texture": "#0"},
				"down": {"uv": [14.5, 1, 13.75, 1.25], "texture": "#0"}
			}
		},
		{
			"name": "voxel",
			"from": [15.5, 0.5, 21.5],
			"to": [18.5, 15.5, 24.5],
			"rotation": {"angle": 0, "axis": "y", "origin": [-16, -16, -16]},
			"faces": {
				"north": {"uv": [12.5, 10.75, 12.75, 12], "texture": "#0"},
				"east": {"uv": [11.25, 12.5, 11.5, 13.75], "texture": "#0"},
				"south": {"uv": [12.5, 12, 12.75, 13.25], "texture": "#0"},
				"west": {"uv": [12.75, 0, 13, 1.25], "texture": "#0"},
				"up": {"uv": [14.25, 13.25, 14, 13], "texture": "#0"},
				"down": {"uv": [13.5, 14, 13.25, 14.25], "texture": "#0"}
			}
		},
		{
			"name": "voxel",
			"from": [-2.5, 0.5, 21.5],
			"to": [0.5, 15.5, 24.5],
			"rotation": {"angle": 0, "axis": "y", "origin": [-16, -16, -16]},
			"faces": {
				"north": {"uv": [12.75, 1.25, 13, 2.5], "texture": "#0"},
				"east": {"uv": [12.75, 2.5, 13, 3.75], "texture": "#0"},
				"south": {"uv": [12.75, 3.75, 13, 5], "texture": "#0"},
				"west": {"uv": [12.75, 5, 13, 6.25], "texture": "#0"},
				"up": {"uv": [14.25, 13.5, 14, 13.25], "texture": "#0"},
				"down": {"uv": [14.25, 13.5, 14, 13.75], "texture": "#0"}
			}
		},
		{
			"name": "voxel",
			"from": [21.5, 0.5, 15.5],
			"to": [24.5, 15.5, 18.5],
			"rotation": {"angle": 0, "axis": "y", "origin": [-16, -16, -16]},
			"faces": {
				"north": {"uv": [12.75, 6.25, 13, 7.5], "texture": "#0"},
				"east": {"uv": [12.75, 7.5, 13, 8.75], "texture": "#0"},
				"south": {"uv": [8.25, 12.75, 8.5, 14], "texture": "#0"},
				"west": {"uv": [12.75, 10.75, 13, 12], "texture": "#0"},
				"up": {"uv": [14.25, 14, 14, 13.75], "texture": "#0"},
				"down": {"uv": [14.25, 14, 14, 14.25], "texture": "#0"}
			}
		},
		{
			"name": "voxel",
			"from": [-8.5, 0.5, 15.5],
			"to": [-5.5, 15.5, 18.5],
			"rotation": {"angle": 0, "axis": "y", "origin": [-16, -16, -16]},
			"faces": {
				"north": {"uv": [12.75, 12, 13, 13.25], "texture": "#0"},
				"east": {"uv": [13, 0, 13.25, 1.25], "texture": "#0"},
				"south": {"uv": [13, 1.25, 13.25, 2.5], "texture": "#0"},
				"west": {"uv": [13, 2.5, 13.25, 3.75], "texture": "#0"},
				"up": {"uv": [14.5, 0.25, 14.25, 0], "texture": "#0"},
				"down": {"uv": [14.5, 0.25, 14.25, 0.5], "texture": "#0"}
			}
		},
		{
			"name": "voxel",
			"from": [24.5, 0.5, 3.5],
			"to": [27.5, 15.5, 12.5],
			"rotation": {"angle": 0, "axis": "y", "origin": [-16, -16, -16]},
			"faces": {
				"north": {"uv": [13, 3.75, 13.25, 5], "texture": "#0"},
				"east": {"uv": [9.5, 4.75, 10.25, 6], "texture": "#0"},
				"south": {"uv": [13, 5, 13.25, 6.25], "texture": "#0"},
				"west": {"uv": [9.5, 6, 10.25, 7.25], "texture": "#0"},
				"up": {"uv": [14, 2, 13.75, 1.25], "texture": "#0"},
				"down": {"uv": [2.25, 13.75, 2, 14.5], "texture": "#0"}
			}
		},
		{
			"name": "voxel",
			"from": [-11.5, 0.5, 3.5],
			"to": [-8.5, 15.5, 12.5],
			"rotation": {"angle": 0, "axis": "y", "origin": [-16, -16, -16]},
			"faces": {
				"north": {"uv": [13, 6.25, 13.25, 7.5], "texture": "#0"},
				"east": {"uv": [9.5, 7.25, 10.25, 8.5], "texture": "#0"},
				"south": {"uv": [13, 7.5, 13.25, 8.75], "texture": "#0"},
				"west": {"uv": [9.5, 8.5, 10.25, 9.75], "texture": "#0"},
				"up": {"uv": [14, 2.75, 13.75, 2], "texture": "#0"},
				"down": {"uv": [14, 2.75, 13.75, 3.5], "texture": "#0"}
			}
		},
		{
			"name": "voxel",
			"from": [21.5, 0.5, -2.5],
			"to": [24.5, 15.5, 0.5],
			"rotation": {"angle": 0, "axis": "y", "origin": [-16, -16, -16]},
			"faces": {
				"north": {"uv": [9.25, 13, 9.5, 14.25], "texture": "#0"},
				"east": {"uv": [13, 10.75, 13.25, 12], "texture": "#0"},
				"south": {"uv": [13, 12, 13.25, 13.25], "texture": "#0"},
				"west": {"uv": [13.25, 0, 13.5, 1.25], "texture": "#0"},
				"up": {"uv": [14.5, 1.5, 14.25, 1.25], "texture": "#0"},
				"down": {"uv": [14.5, 1.5, 14.25, 1.75], "texture": "#0"}
			}
		},
		{
			"name": "voxel",
			"from": [-8.5, 0.5, -2.5],
			"to": [-5.5, 15.5, 0.5],
			"rotation": {"angle": 0, "axis": "y", "origin": [-16, -16, -16]},
			"faces": {
				"north": {"uv": [0.5, 13.25, 0.75, 14.5], "texture": "#0"},
				"east": {"uv": [0.75, 13.25, 1, 14.5], "texture": "#0"},
				"south": {"uv": [1, 13.25, 1.25, 14.5], "texture": "#0"},
				"west": {"uv": [1.25, 13.25, 1.5, 14.5], "texture": "#0"},
				"up": {"uv": [14.5, 2, 14.25, 1.75], "texture": "#0"},
				"down": {"uv": [14.5, 2, 14.25, 2.25], "texture": "#0"}
			}
		},
		{
			"name": "voxel",
			"from": [15.5, 0.5, -8.5],
			"to": [18.5, 15.5, -5.5],
			"rotation": {"angle": 0, "axis": "y", "origin": [-16, -16, -16]},
			"faces": {
				"north": {"uv": [13.25, 1.25, 13.5, 2.5], "texture": "#0"},
				"east": {"uv": [1.5, 13.25, 1.75, 14.5], "texture": "#0"},
				"south": {"uv": [1.75, 13.25, 2, 14.5], "texture": "#0"},
				"west": {"uv": [2.25, 13.25, 2.5, 14.5], "texture": "#0"},
				"up": {"uv": [14.5, 2.5, 14.25, 2.25], "texture": "#0"},
				"down": {"uv": [14.5, 2.5, 14.25, 2.75], "texture": "#0"}
			}
		},
		{
			"name": "voxel",
			"from": [-2.5, 0.5, -8.5],
			"to": [0.5, 15.5, -5.5],
			"rotation": {"angle": 0, "axis": "y", "origin": [-16, -16, -16]},
			"faces": {
				"north": {"uv": [2.5, 13.25, 2.75, 14.5], "texture": "#0"},
				"east": {"uv": [13.25, 2.5, 13.5, 3.75], "texture": "#0"},
				"south": {"uv": [2.75, 13.25, 3, 14.5], "texture": "#0"},
				"west": {"uv": [3, 13.25, 3.25, 14.5], "texture": "#0"},
				"up": {"uv": [14.5, 3, 14.25, 2.75], "texture": "#0"},
				"down": {"uv": [14.5, 3, 14.25, 3.25], "texture": "#0"}
			}
		},
		{
			"name": "voxel",
			"from": [3.5, 0.5, -11.5],
			"to": [12.5, 15.5, -8.5],
			"rotation": {"angle": 0, "axis": "y", "origin": [-16, -16, -16]},
			"faces": {
				"north": {"uv": [9.75, 0, 10.5, 1.25], "texture": "#0"},
				"east": {"uv": [3.25, 13.25, 3.5, 14.5], "texture": "#0"},
				"south": {"uv": [9.5, 9.75, 10.25, 11], "texture": "#0"},
				"west": {"uv": [3.5, 13.25, 3.75, 14.5], "texture": "#0"},
				"up": {"uv": [14.5, 3.75, 13.75, 3.5], "texture": "#0"},
				"down": {"uv": [14.5, 3.75, 13.75, 4], "texture": "#0"}
			}
		},
		{
			"name": "voxel",
			"from": [12.5, -2.5, 21.5],
			"to": [15.5, 18.5, 24.5],
			"rotation": {"angle": 0, "axis": "y", "origin": [-16, -16, -16]},
			"faces": {
				"north": {"uv": [8.25, 2.75, 8.5, 4.5], "texture": "#0"},
				"east": {"uv": [11.25, 9, 11.5, 10.75], "texture": "#0"},
				"south": {"uv": [9.25, 11.25, 9.5, 13], "texture": "#0"},
				"west": {"uv": [11.25, 10.75, 11.5, 12.5], "texture": "#0"},
				"up": {"uv": [4, 14.5, 3.75, 14.25], "texture": "#0"},
				"down": {"uv": [5, 14.25, 4.75, 14.5], "texture": "#0"}
			}
		},
		{
			"name": "voxel",
			"from": [0.5, -2.5, 21.5],
			"to": [3.5, 18.5, 24.5],
			"rotation": {"angle": 0, "axis": "y", "origin": [-16, -16, -16]},
			"faces": {
				"north": {"uv": [11.5, 0, 11.75, 1.75], "texture": "#0"},
				"east": {"uv": [11.5, 1.75, 11.75, 3.5], "texture": "#0"},
				"south": {"uv": [3.25, 11.5, 3.5, 13.25], "texture": "#0"},
				"west": {"uv": [3.5, 11.5, 3.75, 13.25], "texture": "#0"},
				"up": {"uv": [5.25, 14.5, 5, 14.25], "texture": "#0"},
				"down": {"uv": [14.5, 5.25, 14.25, 5.5], "texture": "#0"}
			}
		},
		{
			"name": "voxel",
			"from": [18.5, -2.5, 18.5],
			"to": [21.5, 18.5, 21.5],
			"rotation": {"angle": 0, "axis": "y", "origin": [-16, -16, -16]},
			"faces": {
				"north": {"uv": [11.5, 3.5, 11.75, 5.25], "texture": "#0"},
				"east": {"uv": [11.5, 5.25, 11.75, 7], "texture": "#0"},
				"south": {"uv": [11.5, 7, 11.75, 8.75], "texture": "#0"},
				"west": {"uv": [11.5, 8.75, 11.75, 10.5], "texture": "#0"},
				"up": {"uv": [5.75, 14.5, 5.5, 14.25], "texture": "#0"},
				"down": {"uv": [14.5, 5.5, 14.25, 5.75], "texture": "#0"}
			}
		},
		{
			"name": "voxel",
			"from": [-5.5, -2.5, 18.5],
			"to": [-2.5, 18.5, 21.5],
			"rotation": {"angle": 0, "axis": "y", "origin": [-16, -16, -16]},
			"faces": {
				"north": {"uv": [11.5, 10.5, 11.75, 12.25], "texture": "#0"},
				"east": {"uv": [11.75, 0, 12, 1.75], "texture": "#0"},
				"south": {"uv": [11.75, 1.75, 12, 3.5], "texture": "#0"},
				"west": {"uv": [11.75, 3.5, 12, 5.25], "texture": "#0"},
				"up": {"uv": [6, 14.5, 5.75, 14.25], "texture": "#0"},
				"down": {"uv": [14.5, 5.75, 14.25, 6], "texture": "#0"}
			}
		},
		{
			"name": "voxel",
			"from": [21.5, -2.5, 12.5],
			"to": [24.5, 18.5, 15.5],
			"rotation": {"angle": 0, "axis": "y", "origin": [-16, -16, -16]},
			"faces": {
				"north": {"uv": [11.75, 5.25, 12, 7], "texture": "#0"},
				"east": {"uv": [11.75, 7, 12, 8.75], "texture": "#0"},
				"south": {"uv": [11.75, 8.75, 12, 10.5], "texture": "#0"},
				"west": {"uv": [11.75, 10.5, 12, 12.25], "texture": "#0"},
				"up": {"uv": [14.5, 6.25, 14.25, 6], "texture": "#0"},
				"down": {"uv": [14.5, 6.25, 14.25, 6.5], "texture": "#0"}
			}
		},
		{
			"name": "voxel",
			"from": [-8.5, -2.5, 12.5],
			"to": [-5.5, 18.5, 15.5],
			"rotation": {"angle": 0, "axis": "y", "origin": [-16, -16, -16]},
			"faces": {
				"north": {"uv": [11, 11.75, 11.25, 13.5], "texture": "#0"},
				"east": {"uv": [12, 0, 12.25, 1.75], "texture": "#0"},
				"south": {"uv": [12, 1.75, 12.25, 3.5], "texture": "#0"},
				"west": {"uv": [2, 12, 2.25, 13.75], "texture": "#0"},
				"up": {"uv": [6.75, 14.5, 6.5, 14.25], "texture": "#0"},
				"down": {"uv": [14.5, 6.5, 14.25, 6.75], "texture": "#0"}
			}
		},
		{
			"name": "voxel",
			"from": [21.5, -2.5, 0.5],
			"to": [24.5, 18.5, 3.5],
			"rotation": {"angle": 0, "axis": "y", "origin": [-16, -16, -16]},
			"faces": {
				"north": {"uv": [12, 3.5, 12.25, 5.25], "texture": "#0"},
				"east": {"uv": [12, 5.25, 12.25, 7], "texture": "#0"},
				"south": {"uv": [12, 7, 12.25, 8.75], "texture": "#0"},
				"west": {"uv": [12, 8.75, 12.25, 10.5], "texture": "#0"},
				"up": {"uv": [7, 14.5, 6.75, 14.25], "texture": "#0"},
				"down": {"uv": [14.5, 6.75, 14.25, 7], "texture": "#0"}
			}
		},
		{
			"name": "voxel",
			"from": [-8.5, -2.5, 0.5],
			"to": [-5.5, 18.5, 3.5],
			"rotation": {"angle": 0, "axis": "y", "origin": [-16, -16, -16]},
			"faces": {
				"north": {"uv": [12, 10.5, 12.25, 12.25], "texture": "#0"},
				"east": {"uv": [12.25, 0, 12.5, 1.75], "texture": "#0"},
				"south": {"uv": [12.25, 1.75, 12.5, 3.5], "texture": "#0"},
				"west": {"uv": [12.25, 3.5, 12.5, 5.25], "texture": "#0"},
				"up": {"uv": [7.25, 14.5, 7, 14.25], "texture": "#0"},
				"down": {"uv": [14.5, 7, 14.25, 7.25], "texture": "#0"}
			}
		},
		{
			"name": "voxel",
			"from": [18.5, -2.5, -5.5],
			"to": [21.5, 18.5, -2.5],
			"rotation": {"angle": 0, "axis": "y", "origin": [-16, -16, -16]},
			"faces": {
				"north": {"uv": [12.25, 5.25, 12.5, 7], "texture": "#0"},
				"east": {"uv": [12.25, 7, 12.5, 8.75], "texture": "#0"},
				"south": {"uv": [12.25, 8.75, 12.5, 10.5], "texture": "#0"},
				"west": {"uv": [12.25, 10.5, 12.5, 12.25], "texture": "#0"},
				"up": {"uv": [7.5, 14.5, 7.25, 14.25], "texture": "#0"},
				"down": {"uv": [14.5, 7.25, 14.25, 7.5], "texture": "#0"}
			}
		},
		{
			"name": "voxel",
			"from": [-5.5, -2.5, -5.5],
			"to": [-2.5, 18.5, -2.5],
			"rotation": {"angle": 0, "axis": "y", "origin": [-16, -16, -16]},
			"faces": {
				"north": {"uv": [11.5, 12.25, 11.75, 14], "texture": "#0"},
				"east": {"uv": [11.75, 12.25, 12, 14], "texture": "#0"},
				"south": {"uv": [12, 12.25, 12.25, 14], "texture": "#0"},
				"west": {"uv": [12.25, 12.25, 12.5, 14], "texture": "#0"},
				"up": {"uv": [7.75, 14.5, 7.5, 14.25], "texture": "#0"},
				"down": {"uv": [8, 14.25, 7.75, 14.5], "texture": "#0"}
			}
		},
		{
			"name": "voxel",
			"from": [12.5, -2.5, -8.5],
			"to": [15.5, 18.5, -5.5],
			"rotation": {"angle": 0, "axis": "y", "origin": [-16, -16, -16]},
			"faces": {
				"north": {"uv": [12.5, 0, 12.75, 1.75], "texture": "#0"},
				"east": {"uv": [12.5, 1.75, 12.75, 3.5], "texture": "#0"},
				"south": {"uv": [12.5, 3.5, 12.75, 5.25], "texture": "#0"},
				"west": {"uv": [3.75, 12.5, 4, 14.25], "texture": "#0"},
				"up": {"uv": [8.25, 14.5, 8, 14.25], "texture": "#0"},
				"down": {"uv": [14.5, 8, 14.25, 8.25], "texture": "#0"}
			}
		},
		{
			"name": "voxel",
			"from": [0.5, -2.5, -8.5],
			"to": [3.5, 18.5, -5.5],
			"rotation": {"angle": 0, "axis": "y", "origin": [-16, -16, -16]},
			"faces": {
				"north": {"uv": [12.5, 5.25, 12.75, 7], "texture": "#0"},
				"east": {"uv": [5.5, 12.5, 5.75, 14.25], "texture": "#0"},
				"south": {"uv": [5.75, 12.5, 6, 14.25], "texture": "#0"},
				"west": {"uv": [12.5, 7, 12.75, 8.75], "texture": "#0"},
				"up": {"uv": [8.5, 14.5, 8.25, 14.25], "texture": "#0"},
				"down": {"uv": [14.5, 8.25, 14.25, 8.5], "texture": "#0"}
			}
		},
		{
			"name": "voxel",
			"from": [3.5, -5.5, 21.5],
			"to": [12.5, 21.5, 24.5],
			"rotation": {"angle": 0, "axis": "y", "origin": [-16, -16, -16]},
			"faces": {
				"north": {"uv": [4, 6.5, 4.75, 8.75], "texture": "#0"},
				"east": {"uv": [2.25, 6, 2.5, 8.25], "texture": "#0"},
				"south": {"uv": [4.75, 6.5, 5.5, 8.75], "texture": "#0"},
				"west": {"uv": [0.5, 11, 0.75, 13.25], "texture": "#0"},
				"up": {"uv": [14.5, 4.25, 13.75, 4], "texture": "#0"},
				"down": {"uv": [14.5, 4.25, 13.75, 4.5], "texture": "#0"}
			}
		},
		{
			"name": "voxel",
			"from": [12.5, -5.5, 18.5],
			"to": [15.5, 21.5, 21.5],
			"rotation": {"angle": 0, "axis": "y", "origin": [-16, -16, -16]},
			"faces": {
				"north": {"uv": [0.75, 11, 1, 13.25], "texture": "#0"},
				"east": {"uv": [1, 11, 1.25, 13.25], "texture": "#0"},
				"south": {"uv": [1.25, 11, 1.5, 13.25], "texture": "#0"},
				"west": {"uv": [1.5, 11, 1.75, 13.25], "texture": "#0"},
				"up": {"uv": [8.75, 14.5, 8.5, 14.25], "texture": "#0"},
				"down": {"uv": [14.5, 8.5, 14.25, 8.75], "texture": "#0"}
			}
		},
		{
			"name": "voxel",
			"from": [0.5, -5.5, 18.5],
			"to": [3.5, 21.5, 21.5],
			"rotation": {"angle": 0, "axis": "y", "origin": [-16, -16, -16]},
			"faces": {
				"north": {"uv": [1.75, 11, 2, 13.25], "texture": "#0"},
				"east": {"uv": [2.25, 11, 2.5, 13.25], "texture": "#0"},
				"south": {"uv": [2.5, 11, 2.75, 13.25], "texture": "#0"},
				"west": {"uv": [2.75, 11, 3, 13.25], "texture": "#0"},
				"up": {"uv": [9, 14.5, 8.75, 14.25], "texture": "#0"},
				"down": {"uv": [14.5, 8.75, 14.25, 9], "texture": "#0"}
			}
		},
		{
			"name": "voxel",
			"from": [15.5, -5.5, 15.5],
			"to": [18.5, 21.5, 21.5],
			"rotation": {"angle": 0, "axis": "y", "origin": [-16, -16, -16]},
			"faces": {
				"north": {"uv": [11, 2.75, 11.25, 5], "texture": "#0"},
				"east": {"uv": [0, 8.75, 0.5, 11], "texture": "#0"},
				"south": {"uv": [3, 11, 3.25, 13.25], "texture": "#0"},
				"west": {"uv": [8.75, 0, 9.25, 2.25], "texture": "#0"},
				"up": {"uv": [9, 2.75, 8.75, 2.25], "texture": "#0"},
				"down": {"uv": [14, 13.25, 13.75, 13.75], "texture": "#0"}
			}
		},
		{
			"name": "voxel",
			"from": [-2.5, -5.5, 15.5],
			"to": [0.5, 21.5, 21.5],
			"rotation": {"angle": 0, "axis": "y", "origin": [-16, -16, -16]},
			"faces": {
				"north": {"uv": [4, 11, 4.25, 13.25], "texture": "#0"},
				"east": {"uv": [0.5, 8.75, 1, 11], "texture": "#0"},
				"south": {"uv": [4.25, 11, 4.5, 13.25], "texture": "#0"},
				"west": {"uv": [1, 8.75, 1.5, 11], "texture": "#0"},
				"up": {"uv": [14, 14.25, 13.75, 13.75], "texture": "#0"},
				"down": {"uv": [14.25, 0, 14, 0.5], "texture": "#0"}
			}
		},
		{
			"name": "voxel",
			"from": [18.5, -5.5, 12.5],
			"to": [21.5, 21.5, 18.5],
			"rotation": {"angle": 0, "axis": "y", "origin": [-16, -16, -16]},
			"faces": {
				"north": {"uv": [4.5, 11, 4.75, 13.25], "texture": "#0"},
				"east": {"uv": [1.5, 8.75, 2, 11], "texture": "#0"},
				"south": {"uv": [4.75, 11, 5, 13.25], "texture": "#0"},
				"west": {"uv": [4, 8.75, 4.5, 11], "texture": "#0"},
				"up": {"uv": [14.25, 1.75, 14, 1.25], "texture": "#0"},
				"down": {"uv": [14.25, 1.75, 14, 2.25], "texture": "#0"}
			}
		},
		{
			"name": "voxel",
			"from": [-5.5, -5.5, 12.5],
			"to": [-2.5, 21.5, 18.5],
			"rotation": {"angle": 0, "axis": "y", "origin": [-16, -16, -16]},
			"faces": {
				"north": {"uv": [5, 11, 5.25, 13.25], "texture": "#0"},
				"east": {"uv": [4.5, 8.75, 5, 11], "texture": "#0"},
				"south": {"uv": [11, 5, 11.25, 7.25], "texture": "#0"},
				"west": {"uv": [5, 8.75, 5.5, 11], "texture": "#0"},
				"up": {"uv": [14.25, 2.75, 14, 2.25], "texture": "#0"},
				"down": {"uv": [14.25, 2.75, 14, 3.25], "texture": "#0"}
			}
		},
		{
			"name": "voxel",
			"from": [21.5, -5.5, 3.5],
			"to": [24.5, 21.5, 12.5],
			"rotation": {"angle": 0, "axis": "y", "origin": [-16, -16, -16]},
			"faces": {
				"north": {"uv": [5.25, 11, 5.5, 13.25], "texture": "#0"},
				"east": {"uv": [6.75, 0, 7.5, 2.25], "texture": "#0"},
				"south": {"uv": [6, 11, 6.25, 13.25], "texture": "#0"},
				"west": {"uv": [6.75, 2.25, 7.5, 4.5], "texture": "#0"},
				"up": {"uv": [14, 5.25, 13.75, 4.5], "texture": "#0"},
				"down": {"uv": [14, 5.25, 13.75, 6], "texture": "#0"}
			}
		},
		{
			"name": "voxel",
			"from": [-8.5, -5.5, 3.5],
			"to": [-5.5, 21.5, 12.5],
			"rotation": {"angle": 0, "axis": "y", "origin": [-16, -16, -16]},
			"faces": {
				"north": {"uv": [6.25, 11, 6.5, 13.25], "texture": "#0"},
				"east": {"uv": [6.75, 4.5, 7.5, 6.75], "texture": "#0"},
				"south": {"uv": [11, 7.25, 11.25, 9.5], "texture": "#0"},
				"west": {"uv": [6.75, 6.75, 7.5, 9], "texture": "#0"},
				"up": {"uv": [14, 6.75, 13.75, 6], "texture": "#0"},
				"down": {"uv": [14, 6.75, 13.75, 7.5], "texture": "#0"}
			}
		},
		{
			"name": "voxel",
			"from": [18.5, -5.5, 0.5],
			"to": [21.5, 21.5, 3.5],
			"rotation": {"angle": 0, "axis": "y", "origin": [-16, -16, -16]},
			"faces": {
				"north": {"uv": [8.5, 11, 8.75, 13.25], "texture": "#0"},
				"east": {"uv": [8.75, 11, 9, 13.25], "texture": "#0"},
				"south": {"uv": [9.5, 11, 9.75, 13.25], "texture": "#0"},
				"west": {"uv": [11, 9.5, 11.25, 11.75], "texture": "#0"},
				"up": {"uv": [9.25, 14.5, 9, 14.25], "texture": "#0"},
				"down": {"uv": [14.5, 9, 14.25, 9.25], "texture": "#0"}
			}
		},
		{
			"name": "voxel",
			"from": [-5.5, -5.5, 0.5],
			"to": [-2.5, 21.5, 3.5],
			"rotation": {"angle": 0, "axis": "y", "origin": [-16, -16, -16]},
			"faces": {
				"north": {"uv": [9.75, 11, 10, 13.25], "texture": "#0"},
				"east": {"uv": [10, 11, 10.25, 13.25], "texture": "#0"},
				"south": {"uv": [11.25, 0, 11.5, 2.25], "texture": "#0"},
				"west": {"uv": [11.25, 2.25, 11.5, 4.5], "texture": "#0"},
				"up": {"uv": [9.5, 14.5, 9.25, 14.25], "texture": "#0"},
				"down": {"uv": [14.5, 9.25, 14.25, 9.5], "texture": "#0"}
			}
		},
		{
			"name": "voxel",
			"from": [15.5, -5.5, -2.5],
			"to": [21.5, 21.5, 0.5],
			"rotation": {"angle": 0, "axis": "y", "origin": [-16, -16, -16]},
			"faces": {
				"north": {"uv": [9, 2.25, 9.5, 4.5], "texture": "#0"},
				"east": {"uv": [11.25, 4.5, 11.5, 6.75], "texture": "#0"},
				"south": {"uv": [9, 4.5, 9.5, 6.75], "texture": "#0"},
				"west": {"uv": [6.5, 11.25, 6.75, 13.5], "texture": "#0"},
				"up": {"uv": [3.75, 6.5, 3.25, 6.25], "texture": "#0"},
				"down": {"uv": [10.25, 2, 9.75, 2.25], "texture": "#0"}
			}
		},
		{
			"name": "voxel",
			"from": [-5.5, -5.5, -2.5],
			"to": [0.5, 21.5, 0.5],
			"rotation": {"angle": 0, "axis": "y", "origin": [-16, -16, -16]},
			"faces": {
				"north": {"uv": [6.5, 9, 7, 11.25], "texture": "#0"},
				"east": {"uv": [6.75, 11.25, 7, 13.5], "texture": "#0"},
				"south": {"uv": [9, 6.75, 9.5, 9], "texture": "#0"},
				"west": {"uv": [11.25, 6.75, 11.5, 9], "texture": "#0"},
				"up": {"uv": [14.5, 0.75, 14, 0.5], "texture": "#0"},
				"down": {"uv": [14.5, 3.25, 14, 3.5], "texture": "#0"}
			}
		},
		{
			"name": "voxel",
			"from": [12.5, -5.5, -5.5],
			"to": [18.5, 21.5, -2.5],
			"rotation": {"angle": 0, "axis": "y", "origin": [-16, -16, -16]},
			"faces": {
				"north": {"uv": [7, 9, 7.5, 11.25], "texture": "#0"},
				"east": {"uv": [7, 11.25, 7.25, 13.5], "texture": "#0"},
				"south": {"uv": [9, 9, 9.5, 11.25], "texture": "#0"},
				"west": {"uv": [7.25, 11.25, 7.5, 13.5], "texture": "#0"},
				"up": {"uv": [14.5, 4.75, 14, 4.5], "texture": "#0"},
				"down": {"uv": [5.25, 14, 4.75, 14.25], "texture": "#0"}
			}
		},
		{
			"name": "voxel",
			"from": [-2.5, -5.5, -5.5],
			"to": [3.5, 21.5, -2.5],
			"rotation": {"angle": 0, "axis": "y", "origin": [-16, -16, -16]},
			"faces": {
				"north": {"uv": [9.25, 0, 9.75, 2.25], "texture": "#0"},
				"east": {"uv": [7.5, 11.25, 7.75, 13.5], "texture": "#0"},
				"south": {"uv": [3.25, 9.25, 3.75, 11.5], "texture": "#0"},
				"west": {"uv": [7.75, 11.25, 8, 13.5], "texture": "#0"},
				"up": {"uv": [14.5, 5, 14, 4.75], "texture": "#0"},
				"down": {"uv": [14.5, 5, 14, 5.25], "texture": "#0"}
			}
		},
		{
			"name": "voxel",
			"from": [3.5, -5.5, -8.5],
			"to": [12.5, 21.5, -5.5],
			"rotation": {"angle": 0, "axis": "y", "origin": [-16, -16, -16]},
			"faces": {
				"north": {"uv": [7.5, 0, 8.25, 2.25], "texture": "#0"},
				"east": {"uv": [8, 11.25, 8.25, 13.5], "texture": "#0"},
				"south": {"uv": [7.5, 2.25, 8.25, 4.5], "texture": "#0"},
				"west": {"uv": [9, 11.25, 9.25, 13.5], "texture": "#0"},
				"up": {"uv": [14.5, 7.75, 13.75, 7.5], "texture": "#0"},
				"down": {"uv": [14.5, 7.75, 13.75, 8], "texture": "#0"}
			}
		},
		{
			"name": "voxel",
			"from": [3.5, -8.5, 15.5],
			"to": [12.5, 24.5, 21.5],
			"rotation": {"angle": 0, "axis": "y", "origin": [-16, -16, -16]},
			"faces": {
				"north": {"uv": [2.5, 5.5, 3.25, 8.25], "texture": "#0"},
				"east": {"uv": [5.5, 6.5, 6, 9.25], "texture": "#0"},
				"south": {"uv": [0, 6, 0.75, 8.75], "texture": "#0"},
				"west": {"uv": [7.5, 4.5, 8, 7.25], "texture": "#0"},
				"up": {"uv": [13.25, 9.25, 12.5, 8.75], "texture": "#0"},
				"down": {"uv": [13.25, 9.25, 12.5, 9.75], "texture": "#0"}
			}
		},
		{
			"name": "voxel",
			"from": [12.5, -8.5, 12.5],
			"to": [15.5, 24.5, 18.5],
			"rotation": {"angle": 0, "axis": "y", "origin": [-16, -16, -16]},
			"faces": {
				"north": {"uv": [8.25, 10, 8.5, 12.75], "texture": "#0"},
				"east": {"uv": [7.5, 7.25, 8, 10], "texture": "#0"},
				"south": {"uv": [10.25, 2.5, 10.5, 5.25], "texture": "#0"},
				"west": {"uv": [8, 4.5, 8.5, 7.25], "texture": "#0"},
				"up": {"uv": [5.5, 14.5, 5.25, 14], "texture": "#0"},
				"down": {"uv": [14.25, 5.25, 14, 5.75], "texture": "#0"}
			}
		},
		{
			"name": "voxel",
			"from": [0.5, -8.5, 12.5],
			"to": [3.5, 24.5, 18.5],
			"rotation": {"angle": 0, "axis": "y", "origin": [-16, -16, -16]},
			"faces": {
				"north": {"uv": [10.25, 5.25, 10.5, 8], "texture": "#0"},
				"east": {"uv": [8, 7.25, 8.5, 10], "texture": "#0"},
				"south": {"uv": [10.25, 8, 10.5, 10.75], "texture": "#0"},
				"west": {"uv": [8.25, 0, 8.75, 2.75], "texture": "#0"},
				"up": {"uv": [14.25, 6.25, 14, 5.75], "texture": "#0"},
				"down": {"uv": [6.25, 14, 6, 14.5], "texture": "#0"}
			}
		},
		{
			"name": "voxel",
			"from": [18.5, -8.5, 3.5],
			"to": [21.5, 24.5, 12.5],
			"rotation": {"angle": 0, "axis": "y", "origin": [-16, -16, -16]},
			"faces": {
				"north": {"uv": [10.5, 2.5, 10.75, 5.25], "texture": "#0"},
				"east": {"uv": [6, 0, 6.75, 2.75], "texture": "#0"},
				"south": {"uv": [10.5, 5.25, 10.75, 8], "texture": "#0"},
				"west": {"uv": [0.75, 6, 1.5, 8.75], "texture": "#0"},
				"up": {"uv": [14, 8.75, 13.75, 8], "texture": "#0"},
				"down": {"uv": [14, 8.75, 13.75, 9.5], "texture": "#0"}
			}
		},
		{
			"name": "voxel",
			"from": [-5.5, -8.5, 3.5],
			"to": [-2.5, 24.5, 12.5],
			"rotation": {"angle": 0, "axis": "y", "origin": [-16, -16, -16]},
			"faces": {
				"north": {"uv": [10.5, 8, 10.75, 10.75], "texture": "#0"},
				"east": {"uv": [1.5, 6, 2.25, 8.75], "texture": "#0"},
				"south": {"uv": [10.75, 2.5, 11, 5.25], "texture": "#0"},
				"west": {"uv": [6, 2.75, 6.75, 5.5], "texture": "#0"},
				"up": {"uv": [14, 10.25, 13.75, 9.5], "texture": "#0"},
				"down": {"uv": [14, 10.25, 13.75, 11], "texture": "#0"}
			}
		},
		{
			"name": "voxel",
			"from": [15.5, -8.5, 0.5],
			"to": [18.5, 24.5, 15.5],
			"rotation": {"angle": 0, "axis": "y", "origin": [-16, -16, -16]},
			"faces": {
				"north": {"uv": [10.75, 5.25, 11, 8], "texture": "#0"},
				"east": {"uv": [2.5, 0, 3.75, 2.75], "texture": "#0"},
				"south": {"uv": [10.75, 8, 11, 10.75], "texture": "#0"},
				"west": {"uv": [2.5, 2.75, 3.75, 5.5], "texture": "#0"},
				"up": {"uv": [13.5, 5, 13.25, 3.75], "texture": "#0"},
				"down": {"uv": [4.25, 13.25, 4, 14.5], "texture": "#0"}
			}
		},
		{
			"name": "voxel",
			"from": [-2.5, -8.5, 0.5],
			"to": [0.5, 24.5, 15.5],
			"rotation": {"angle": 0, "axis": "y", "origin": [-16, -16, -16]},
			"faces": {
				"north": {"uv": [10.25, 10.75, 10.5, 13.5], "texture": "#0"},
				"east": {"uv": [0, 3.25, 1.25, 6], "texture": "#0"},
				"south": {"uv": [10.5, 10.75, 10.75, 13.5], "texture": "#0"},
				"west": {"uv": [1.25, 3.25, 2.5, 6], "texture": "#0"},
				"up": {"uv": [4.5, 14.5, 4.25, 13.25], "texture": "#0"},
				"down": {"uv": [4.75, 13.25, 4.5, 14.5], "texture": "#0"}
			}
		},
		{
			"name": "voxel",
			"from": [12.5, -8.5, -2.5],
			"to": [15.5, 24.5, 3.5],
			"rotation": {"angle": 0, "axis": "y", "origin": [-16, -16, -16]},
			"faces": {
				"north": {"uv": [10.75, 10.75, 11, 13.5], "texture": "#0"},
				"east": {"uv": [2.25, 8.25, 2.75, 11], "texture": "#0"},
				"south": {"uv": [0, 11, 0.25, 13.75], "texture": "#0"},
				"west": {"uv": [2.75, 8.25, 3.25, 11], "texture": "#0"},
				"up": {"uv": [6.5, 14.5, 6.25, 14], "texture": "#0"},
				"down": {"uv": [14.25, 6.25, 14, 6.75], "texture": "#0"}
			}
		},
		{
			"name": "voxel",
			"from": [0.5, -8.5, -2.5],
			"to": [3.5, 24.5, 3.5],
			"rotation": {"angle": 0, "axis": "y", "origin": [-16, -16, -16]},
			"faces": {
				"north": {"uv": [11, 0, 11.25, 2.75], "texture": "#0"},
				"east": {"uv": [6, 8.25, 6.5, 11], "texture": "#0"},
				"south": {"uv": [0.25, 11, 0.5, 13.75], "texture": "#0"},
				"west": {"uv": [8.5, 2.75, 9, 5.5], "texture": "#0"},
				"up": {"uv": [14.25, 7.25, 14, 6.75], "texture": "#0"},
				"down": {"uv": [14.25, 8, 14, 8.5], "texture": "#0"}
			}
		},
		{
			"name": "voxel",
			"from": [3.5, -8.5, -5.5],
			"to": [12.5, 24.5, 0.5],
			"rotation": {"angle": 0, "axis": "y", "origin": [-16, -16, -16]},
			"faces": {
				"north": {"uv": [6, 5.5, 6.75, 8.25], "texture": "#0"},
				"east": {"uv": [8.5, 5.5, 9, 8.25], "texture": "#0"},
				"south": {"uv": [3.25, 6.5, 4, 9.25], "texture": "#0"},
				"west": {"uv": [8.5, 8.25, 9, 11], "texture": "#0"},
				"up": {"uv": [13.25, 10.25, 12.5, 9.75], "texture": "#0"},
				"down": {"uv": [13.25, 10.25, 12.5, 10.75], "texture": "#0"}
			}
		},
		{
			"name": "voxel",
			"from": [12.5, -11.5, 3.5],
			"to": [15.5, 27.5, 12.5],
			"rotation": {"angle": 0, "axis": "y", "origin": [-16, -16, -16]},
			"faces": {
				"north": {"uv": [2, 8.75, 2.25, 12], "texture": "#0"},
				"east": {"uv": [3.75, 0, 4.5, 3.25], "texture": "#0"},
				"south": {"uv": [3.75, 9.25, 4, 12.5], "texture": "#0"},
				"west": {"uv": [3.75, 3.25, 4.5, 6.5], "texture": "#0"},
				"up": {"uv": [14, 11.75, 13.75, 11], "texture": "#0"},
				"down": {"uv": [11.5, 13.75, 11.25, 14.5], "texture": "#0"}
			}
		},
		{
			"name": "voxel",
			"from": [0.5, -11.5, 3.5],
			"to": [3.5, 27.5, 12.5],
			"rotation": {"angle": 0, "axis": "y", "origin": [-16, -16, -16]},
			"faces": {
				"north": {"uv": [5.5, 9.25, 5.75, 12.5], "texture": "#0"},
				"east": {"uv": [4.5, 0, 5.25, 3.25], "texture": "#0"},
				"south": {"uv": [5.75, 9.25, 6, 12.5], "texture": "#0"},
				"west": {"uv": [4.5, 3.25, 5.25, 6.5], "texture": "#0"},
				"up": {"uv": [14, 12.5, 13.75, 11.75], "texture": "#0"},
				"down": {"uv": [14, 12.5, 13.75, 13.25], "texture": "#0"}
			}
		},
		{
			"name": "voxel",
			"from": [3.5, -11.5, 0.5],
			"to": [12.5, 27.5, 15.5],
			"rotation": {"angle": 0, "axis": "y", "origin": [-16, -16, -16]},
			"faces": {
				"north": {"uv": [5.25, 0, 6, 3.25], "texture": "#0"},
				"east": {"uv": [0, 0, 1.25, 3.25], "texture": "#0"},
				"south": {"uv": [5.25, 3.25, 6, 6.5], "texture": "#0"},
				"west": {"uv": [1.25, 0, 2.5, 3.25], "texture": "#0"},
				"up": {"uv": [8.25, 11.25, 7.5, 10], "texture": "#0"},
				"down": {"uv": [11, 1.25, 10.25, 2.5], "texture": "#0"}
			}
		}
	],
	"display": {
		"thirdperson_righthand": {
			"rotation": [90, 0, 0],
			"scale": [4, 4, 4]
		}
	},
	"groups": [
		{
			"name": "voxel_file",
			"origin": [8, 8, 8],
			"color": 0,
			"children": [
				0,
				1,
				2,
				3,
				4,
				5,
				6,
				7,
				8,
				9,
				10,
				11,
				12,
				13,
				14,
				15,
				16,
				17,
				18,
				19,
				20,
				21,
				22,
				23,
				24,
				25,
				26,
				27,
				28,
				29,
				30,
				31,
				32,
				33,
				34,
				35,
				36,
				37,
				38,
				39,
				40,
				41,
				42,
				43,
				44,
				45,
				46,
				47,
				48,
				49,
				50,
				51,
				52,
				53,
				54,
				55,
				56,
				57,
				58,
				59,
				60,
				61,
				62,
				63,
				64,
				65,
				66,
				67,
				68
			]
		}
	]
}