{
	"credit": "Made with Blockbench",
	"texture_size": [128, 128],
	"textures": {
		"0": "gc/planets/hoth",
		"particle": "gc/planets/hoth"
	},
	"elements": [
		{
			"name": "voxel",
			"from": [13.99994, 5.00003, 28.99979],
			"to": [16.99991, 10.99997, 31.99976],
			"rotation": {"angle": 0, "axis": "y", "origin": [-15.99976, -15.99976, -15.99976]},
			"faces": {
				"north": {"uv": [9.375, 8, 9.5, 8.25], "texture": "#0"},
				"east": {"uv": [9.375, 9.25, 9.5, 9.5], "texture": "#0"},
				"south": {"uv": [0, 9.5, 0.125, 9.75], "texture": "#0"},
				"west": {"uv": [9.5, 0, 9.625, 0.25], "texture": "#0"},
				"up": {"uv": [9.875, 4.5, 9.75, 4.375], "texture": "#0"},
				"down": {"uv": [5, 9.75, 4.875, 9.875], "texture": "#0"}
			}
		},
		{
			"name": "voxel",
			"from": [-0.99991, 5.00003, 28.99979],
			"to": [2.00006, 10.99997, 31.99976],
			"rotation": {"angle": 0, "axis": "y", "origin": [-15.99976, -15.99976, -15.99976]},
			"faces": {
				"north": {"uv": [0.125, 9.5, 0.25, 9.75], "texture": "#0"},
				"east": {"uv": [0.25, 9.5, 0.375, 9.75], "texture": "#0"},
				"south": {"uv": [9.5, 0.25, 9.625, 0.5], "texture": "#0"},
				"west": {"uv": [0.375, 9.5, 0.5, 9.75], "texture": "#0"},
				"up": {"uv": [5.125, 9.875, 5, 9.75], "texture": "#0"},
				"down": {"uv": [5.25, 9.75, 5.125, 9.875], "texture": "#0"}
			}
		},
		{
			"name": "voxel",
			"from": [19.99988, 5.00003, 25.99982],
			"to": [22.99985, 10.99997, 28.99979],
			"rotation": {"angle": 0, "axis": "y", "origin": [-15.99976, -15.99976, -15.99976]},
			"faces": {
				"north": {"uv": [0.5, 9.5, 0.625, 9.75], "texture": "#0"},
				"east": {"uv": [9.5, 0.5, 9.625, 0.75], "texture": "#0"},
				"south": {"uv": [0.625, 9.5, 0.75, 9.75], "texture": "#0"},
				"west": {"uv": [0.75, 9.5, 0.875, 9.75], "texture": "#0"},
				"up": {"uv": [5.375, 9.875, 5.25, 9.75], "texture": "#0"},
				"down": {"uv": [9.875, 5.25, 9.75, 5.375], "texture": "#0"}
			}
		},
		{
			"name": "voxel",
			"from": [-6.99985, 5.00003, 25.99982],
			"to": [-3.99988, 10.99997, 28.99979],
			"rotation": {"angle": 0, "axis": "y", "origin": [-15.99976, -15.99976, -15.99976]},
			"faces": {
				"north": {"uv": [9.5, 0.75, 9.625, 1], "texture": "#0"},
				"east": {"uv": [0.875, 9.5, 1, 9.75], "texture": "#0"},
				"south": {"uv": [1, 9.5, 1.125, 9.75], "texture": "#0"},
				"west": {"uv": [1.125, 9.5, 1.25, 9.75], "texture": "#0"},
				"up": {"uv": [5.5, 9.875, 5.375, 9.75], "texture": "#0"},
				"down": {"uv": [9.875, 5.375, 9.75, 5.5], "texture": "#0"}
			}
		},
		{
			"name": "voxel",
			"from": [25.99982, 5.00003, 19.99988],
			"to": [28.99979, 10.99997, 22.99985],
			"rotation": {"angle": 0, "axis": "y", "origin": [-15.99976, -15.99976, -15.99976]},
			"faces": {
				"north": {"uv": [1.25, 9.5, 1.375, 9.75], "texture": "#0"},
				"east": {"uv": [1.375, 9.5, 1.5, 9.75], "texture": "#0"},
				"south": {"uv": [1.5, 9.5, 1.625, 9.75], "texture": "#0"},
				"west": {"uv": [1.625, 9.5, 1.75, 9.75], "texture": "#0"},
				"up": {"uv": [5.625, 9.875, 5.5, 9.75], "texture": "#0"},
				"down": {"uv": [9.875, 5.5, 9.75, 5.625], "texture": "#0"}
			}
		},
		{
			"name": "voxel",
			"from": [-12.99979, 5.00003, 19.99988],
			"to": [-9.99982, 10.99997, 22.99985],
			"rotation": {"angle": 0, "axis": "y", "origin": [-15.99976, -15.99976, -15.99976]},
			"faces": {
				"north": {"uv": [1.75, 9.5, 1.875, 9.75], "texture": "#0"},
				"east": {"uv": [1.875, 9.5, 2, 9.75], "texture": "#0"},
				"south": {"uv": [2.75, 9.5, 2.875, 9.75], "texture": "#0"},
				"west": {"uv": [2.875, 9.5, 3, 9.75], "texture": "#0"},
				"up": {"uv": [5.75, 9.875, 5.625, 9.75], "texture": "#0"},
				"down": {"uv": [9.875, 5.625, 9.75, 5.75], "texture": "#0"}
			}
		},
		{
			"name": "voxel",
			"from": [28.99979, 5.00003, 13.99994],
			"to": [31.99976, 10.99997, 16.99991],
			"rotation": {"angle": 0, "axis": "y", "origin": [-15.99976, -15.99976, -15.99976]},
			"faces": {
				"north": {"uv": [9.5, 3.25, 9.625, 3.5], "texture": "#0"},
				"east": {"uv": [9.5, 3.5, 9.625, 3.75], "texture": "#0"},
				"south": {"uv": [9.5, 3.75, 9.625, 4], "texture": "#0"},
				"west": {"uv": [9.5, 4, 9.625, 4.25], "texture": "#0"},
				"up": {"uv": [5.875, 9.875, 5.75, 9.75], "texture": "#0"},
				"down": {"uv": [9.875, 5.75, 9.75, 5.875], "texture": "#0"}
			}
		},
		{
			"name": "voxel",
			"from": [-15.99976, 5.00003, 13.99994],
			"to": [-12.99979, 10.99997, 16.99991],
			"rotation": {"angle": 0, "axis": "y", "origin": [-15.99976, -15.99976, -15.99976]},
			"faces": {
				"north": {"uv": [9.5, 4.25, 9.625, 4.5], "texture": "#0"},
				"east": {"uv": [9.5, 4.5, 9.625, 4.75], "texture": "#0"},
				"south": {"uv": [9.5, 4.75, 9.625, 5], "texture": "#0"},
				"west": {"uv": [9.5, 5, 9.625, 5.25], "texture": "#0"},
				"up": {"uv": [6, 9.875, 5.875, 9.75], "texture": "#0"},
				"down": {"uv": [9.875, 5.875, 9.75, 6], "texture": "#0"}
			}
		},
		{
			"name": "voxel",
			"from": [28.99979, 5.00003, -0.99991],
			"to": [31.99976, 10.99997, 2.00006],
			"rotation": {"angle": 0, "axis": "y", "origin": [-15.99976, -15.99976, -15.99976]},
			"faces": {
				"north": {"uv": [9.5, 5.25, 9.625, 5.5], "texture": "#0"},
				"east": {"uv": [9.5, 5.5, 9.625, 5.75], "texture": "#0"},
				"south": {"uv": [9.5, 5.75, 9.625, 6], "texture": "#0"},
				"west": {"uv": [9.5, 6, 9.625, 6.25], "texture": "#0"},
				"up": {"uv": [6.125, 9.875, 6, 9.75], "texture": "#0"},
				"down": {"uv": [9.875, 6, 9.75, 6.125], "texture": "#0"}
			}
		},
		{
			"name": "voxel",
			"from": [-15.99976, 5.00003, -0.99991],
			"to": [-12.99979, 10.99997, 2.00006],
			"rotation": {"angle": 0, "axis": "y", "origin": [-15.99976, -15.99976, -15.99976]},
			"faces": {
				"north": {"uv": [9.5, 6.25, 9.625, 6.5], "texture": "#0"},
				"east": {"uv": [9.5, 6.5, 9.625, 6.75], "texture": "#0"},
				"south": {"uv": [6.875, 9.5, 7, 9.75], "texture": "#0"},
				"west": {"uv": [7, 9.5, 7.125, 9.75], "texture": "#0"},
				"up": {"uv": [6.25, 9.875, 6.125, 9.75], "texture": "#0"},
				"down": {"uv": [9.875, 6.125, 9.75, 6.25], "texture": "#0"}
			}
		},
		{
			"name": "voxel",
			"from": [25.99982, 5.00003, -6.99985],
			"to": [28.99979, 10.99997, -3.99988],
			"rotation": {"angle": 0, "axis": "y", "origin": [-15.99976, -15.99976, -15.99976]},
			"faces": {
				"north": {"uv": [9.5, 7.25, 9.625, 7.5], "texture": "#0"},
				"east": {"uv": [9.5, 7.5, 9.625, 7.75], "texture": "#0"},
				"south": {"uv": [9.5, 7.75, 9.625, 8], "texture": "#0"},
				"west": {"uv": [9.5, 8, 9.625, 8.25], "texture": "#0"},
				"up": {"uv": [6.375, 9.875, 6.25, 9.75], "texture": "#0"},
				"down": {"uv": [9.875, 6.25, 9.75, 6.375], "texture": "#0"}
			}
		},
		{
			"name": "voxel",
			"from": [-12.99979, 5.00003, -6.99985],
			"to": [-9.99982, 10.99997, -3.99988],
			"rotation": {"angle": 0, "axis": "y", "origin": [-15.99976, -15.99976, -15.99976]},
			"faces": {
				"north": {"uv": [8.375, 9.5, 8.5, 9.75], "texture": "#0"},
				"east": {"uv": [9.5, 8.5, 9.625, 8.75], "texture": "#0"},
				"south": {"uv": [9.5, 8.75, 9.625, 9], "texture": "#0"},
				"west": {"uv": [9.5, 9, 9.625, 9.25], "texture": "#0"},
				"up": {"uv": [6.5, 9.875, 6.375, 9.75], "texture": "#0"},
				"down": {"uv": [9.875, 6.375, 9.75, 6.5], "texture": "#0"}
			}
		},
		{
			"name": "voxel",
			"from": [19.99988, 5.00003, -12.99979],
			"to": [22.99985, 10.99997, -9.99982],
			"rotation": {"angle": 0, "axis": "y", "origin": [-15.99976, -15.99976, -15.99976]},
			"faces": {
				"north": {"uv": [9.25, 9.5, 9.375, 9.75], "texture": "#0"},
				"east": {"uv": [9.5, 9.25, 9.625, 9.5], "texture": "#0"},
				"south": {"uv": [9.375, 9.5, 9.5, 9.75], "texture": "#0"},
				"west": {"uv": [9.5, 9.5, 9.625, 9.75], "texture": "#0"},
				"up": {"uv": [6.625, 9.875, 6.5, 9.75], "texture": "#0"},
				"down": {"uv": [9.875, 6.5, 9.75, 6.625], "texture": "#0"}
			}
		},
		{
			"name": "voxel",
			"from": [-6.99985, 5.00003, -12.99979],
			"to": [-3.99988, 10.99997, -9.99982],
			"rotation": {"angle": 0, "axis": "y", "origin": [-15.99976, -15.99976, -15.99976]},
			"faces": {
				"north": {"uv": [9.625, 0, 9.75, 0.25], "texture": "#0"},
				"east": {"uv": [9.625, 0.25, 9.75, 0.5], "texture": "#0"},
				"south": {"uv": [9.625, 0.5, 9.75, 0.75], "texture": "#0"},
				"west": {"uv": [9.625, 0.75, 9.75, 1], "texture": "#0"},
				"up": {"uv": [6.75, 9.875, 6.625, 9.75], "texture": "#0"},
				"down": {"uv": [9.875, 6.625, 9.75, 6.75], "texture": "#0"}
			}
		},
		{
			"name": "voxel",
			"from": [13.99994, 5.00003, -15.99976],
			"to": [16.99991, 10.99997, -12.99979],
			"rotation": {"angle": 0, "axis": "y", "origin": [-15.99976, -15.99976, -15.99976]},
			"faces": {
				"north": {"uv": [9.625, 1.25, 9.75, 1.5], "texture": "#0"},
				"east": {"uv": [9.625, 1.5, 9.75, 1.75], "texture": "#0"},
				"south": {"uv": [9.625, 1.75, 9.75, 2], "texture": "#0"},
				"west": {"uv": [9.625, 2, 9.75, 2.25], "texture": "#0"},
				"up": {"uv": [6.875, 9.875, 6.75, 9.75], "texture": "#0"},
				"down": {"uv": [9.875, 6.75, 9.75, 6.875], "texture": "#0"}
			}
		},
		{
			"name": "voxel",
			"from": [-0.99991, 5.00003, -15.99976],
			"to": [2.00006, 10.99997, -12.99979],
			"rotation": {"angle": 0, "axis": "y", "origin": [-15.99976, -15.99976, -15.99976]},
			"faces": {
				"north": {"uv": [9.625, 2.25, 9.75, 2.5], "texture": "#0"},
				"east": {"uv": [9.625, 2.5, 9.75, 2.75], "texture": "#0"},
				"south": {"uv": [9.625, 2.75, 9.75, 3], "texture": "#0"},
				"west": {"uv": [9.625, 3, 9.75, 3.25], "texture": "#0"},
				"up": {"uv": [7, 9.875, 6.875, 9.75], "texture": "#0"},
				"down": {"uv": [9.875, 6.875, 9.75, 7], "texture": "#0"}
			}
		},
		{
			"name": "voxel",
			"from": [10.99997, 2.00006, 28.99979],
			"to": [13.99994, 13.99994, 31.99976],
			"rotation": {"angle": 0, "axis": "y", "origin": [-15.99976, -15.99976, -15.99976]},
			"faces": {
				"north": {"uv": [2, 3.5, 2.125, 4], "texture": "#0"},
				"east": {"uv": [2.125, 3.5, 2.25, 4], "texture": "#0"},
				"south": {"uv": [3.125, 4, 3.25, 4.5], "texture": "#0"},
				"west": {"uv": [4.875, 4, 5, 4.5], "texture": "#0"},
				"up": {"uv": [7.125, 9.875, 7, 9.75], "texture": "#0"},
				"down": {"uv": [9.875, 7, 9.75, 7.125], "texture": "#0"}
			}
		},
		{
			"name": "voxel",
			"from": [2.00006, 2.00006, 28.99979],
			"to": [5.00003, 13.99994, 31.99976],
			"rotation": {"angle": 0, "axis": "y", "origin": [-15.99976, -15.99976, -15.99976]},
			"faces": {
				"north": {"uv": [5.125, 3.5, 5.25, 4], "texture": "#0"},
				"east": {"uv": [3, 5.5, 3.125, 6], "texture": "#0"},
				"south": {"uv": [5.875, 3, 6, 3.5], "texture": "#0"},
				"west": {"uv": [6.375, 2.5, 6.5, 3], "texture": "#0"},
				"up": {"uv": [7.25, 9.875, 7.125, 9.75], "texture": "#0"},
				"down": {"uv": [9.875, 7.125, 9.75, 7.25], "texture": "#0"}
			}
		},
		{
			"name": "voxel",
			"from": [22.99985, 2.00006, 22.99985],
			"to": [25.99982, 13.99994, 25.99982],
			"rotation": {"angle": 0, "axis": "y", "origin": [-15.99976, -15.99976, -15.99976]},
			"faces": {
				"north": {"uv": [7.125, 2, 7.25, 2.5], "texture": "#0"},
				"east": {"uv": [8.125, 2.5, 8.25, 3], "texture": "#0"},
				"south": {"uv": [3.5, 9.25, 3.625, 9.75], "texture": "#0"},
				"west": {"uv": [3.625, 9.25, 3.75, 9.75], "texture": "#0"},
				"up": {"uv": [7.375, 9.875, 7.25, 9.75], "texture": "#0"},
				"down": {"uv": [9.875, 7.25, 9.75, 7.375], "texture": "#0"}
			}
		},
		{
			"name": "voxel",
			"from": [-9.99982, 2.00006, 22.99985],
			"to": [-6.99985, 13.99994, 25.99982],
			"rotation": {"angle": 0, "axis": "y", "origin": [-15.99976, -15.99976, -15.99976]},
			"faces": {
				"north": {"uv": [9.25, 3.75, 9.375, 4.25], "texture": "#0"},
				"east": {"uv": [4, 9.25, 4.125, 9.75], "texture": "#0"},
				"south": {"uv": [4.125, 9.25, 4.25, 9.75], "texture": "#0"},
				"west": {"uv": [4.25, 9.25, 4.375, 9.75], "texture": "#0"},
				"up": {"uv": [7.5, 9.875, 7.375, 9.75], "texture": "#0"},
				"down": {"uv": [9.875, 7.375, 9.75, 7.5], "texture": "#0"}
			}
		},
		{
			"name": "voxel",
			"from": [28.99979, 2.00006, 10.99997],
			"to": [31.99976, 13.99994, 13.99994],
			"rotation": {"angle": 0, "axis": "y", "origin": [-15.99976, -15.99976, -15.99976]},
			"faces": {
				"north": {"uv": [9.25, 4.25, 9.375, 4.75], "texture": "#0"},
				"east": {"uv": [4.375, 9.25, 4.5, 9.75], "texture": "#0"},
				"south": {"uv": [4.5, 9.25, 4.625, 9.75], "texture": "#0"},
				"west": {"uv": [4.625, 9.25, 4.75, 9.75], "texture": "#0"},
				"up": {"uv": [7.625, 9.875, 7.5, 9.75], "texture": "#0"},
				"down": {"uv": [9.875, 7.5, 9.75, 7.625], "texture": "#0"}
			}
		},
		{
			"name": "voxel",
			"from": [-15.99976, 2.00006, 10.99997],
			"to": [-12.99979, 13.99994, 13.99994],
			"rotation": {"angle": 0, "axis": "y", "origin": [-15.99976, -15.99976, -15.99976]},
			"faces": {
				"north": {"uv": [4.75, 9.25, 4.875, 9.75], "texture": "#0"},
				"east": {"uv": [9.25, 4.75, 9.375, 5.25], "texture": "#0"},
				"south": {"uv": [4.875, 9.25, 5, 9.75], "texture": "#0"},
				"west": {"uv": [5, 9.25, 5.125, 9.75], "texture": "#0"},
				"up": {"uv": [7.75, 9.875, 7.625, 9.75], "texture": "#0"},
				"down": {"uv": [9.875, 7.625, 9.75, 7.75], "texture": "#0"}
			}
		},
		{
			"name": "voxel",
			"from": [28.99979, 2.00006, 2.00006],
			"to": [31.99976, 13.99994, 5.00003],
			"rotation": {"angle": 0, "axis": "y", "origin": [-15.99976, -15.99976, -15.99976]},
			"faces": {
				"north": {"uv": [5.125, 9.25, 5.25, 9.75], "texture": "#0"},
				"east": {"uv": [5.25, 9.25, 5.375, 9.75], "texture": "#0"},
				"south": {"uv": [9.25, 5.25, 9.375, 5.75], "texture": "#0"},
				"west": {"uv": [5.375, 9.25, 5.5, 9.75], "texture": "#0"},
				"up": {"uv": [7.875, 9.875, 7.75, 9.75], "texture": "#0"},
				"down": {"uv": [8, 9.75, 7.875, 9.875], "texture": "#0"}
			}
		},
		{
			"name": "voxel",
			"from": [-15.99976, 2.00006, 2.00006],
			"to": [-12.99979, 13.99994, 5.00003],
			"rotation": {"angle": 0, "axis": "y", "origin": [-15.99976, -15.99976, -15.99976]},
			"faces": {
				"north": {"uv": [5.5, 9.25, 5.625, 9.75], "texture": "#0"},
				"east": {"uv": [5.625, 9.25, 5.75, 9.75], "texture": "#0"},
				"south": {"uv": [5.75, 9.25, 5.875, 9.75], "texture": "#0"},
				"west": {"uv": [9.25, 5.75, 9.375, 6.25], "texture": "#0"},
				"up": {"uv": [8.125, 9.875, 8, 9.75], "texture": "#0"},
				"down": {"uv": [8.25, 9.75, 8.125, 9.875], "texture": "#0"}
			}
		},
		{
			"name": "voxel",
			"from": [22.99985, 2.00006, -9.99982],
			"to": [25.99982, 13.99994, -6.99985],
			"rotation": {"angle": 0, "axis": "y", "origin": [-15.99976, -15.99976, -15.99976]},
			"faces": {
				"north": {"uv": [5.875, 9.25, 6, 9.75], "texture": "#0"},
				"east": {"uv": [6, 9.25, 6.125, 9.75], "texture": "#0"},
				"south": {"uv": [6.125, 9.25, 6.25, 9.75], "texture": "#0"},
				"west": {"uv": [6.25, 9.25, 6.375, 9.75], "texture": "#0"},
				"up": {"uv": [8.375, 9.875, 8.25, 9.75], "texture": "#0"},
				"down": {"uv": [9.875, 8.25, 9.75, 8.375], "texture": "#0"}
			}
		},
		{
			"name": "voxel",
			"from": [-9.99982, 2.00006, -9.99982],
			"to": [-6.99985, 13.99994, -6.99985],
			"rotation": {"angle": 0, "axis": "y", "origin": [-15.99976, -15.99976, -15.99976]},
			"faces": {
				"north": {"uv": [9.25, 6.25, 9.375, 6.75], "texture": "#0"},
				"east": {"uv": [6.375, 9.25, 6.5, 9.75], "texture": "#0"},
				"south": {"uv": [6.5, 9.25, 6.625, 9.75], "texture": "#0"},
				"west": {"uv": [6.625, 9.25, 6.75, 9.75], "texture": "#0"},
				"up": {"uv": [8.5, 9.875, 8.375, 9.75], "texture": "#0"},
				"down": {"uv": [9.875, 8.375, 9.75, 8.5], "texture": "#0"}
			}
		},
		{
			"name": "voxel",
			"from": [10.99997, 2.00006, -15.99976],
			"to": [13.99994, 13.99994, -12.99979],
			"rotation": {"angle": 0, "axis": "y", "origin": [-15.99976, -15.99976, -15.99976]},
			"faces": {
				"north": {"uv": [6.75, 9.25, 6.875, 9.75], "texture": "#0"},
				"east": {"uv": [9.25, 6.75, 9.375, 7.25], "texture": "#0"},
				"south": {"uv": [7.25, 9.25, 7.375, 9.75], "texture": "#0"},
				"west": {"uv": [9.25, 7.25, 9.375, 7.75], "texture": "#0"},
				"up": {"uv": [8.625, 9.875, 8.5, 9.75], "texture": "#0"},
				"down": {"uv": [8.75, 9.75, 8.625, 9.875], "texture": "#0"}
			}
		},
		{
			"name": "voxel",
			"from": [2.00006, 2.00006, -15.99976],
			"to": [5.00003, 13.99994, -12.99979],
			"rotation": {"angle": 0, "axis": "y", "origin": [-15.99976, -15.99976, -15.99976]},
			"faces": {
				"north": {"uv": [7.375, 9.25, 7.5, 9.75], "texture": "#0"},
				"east": {"uv": [7.5, 9.25, 7.625, 9.75], "texture": "#0"},
				"south": {"uv": [7.625, 9.25, 7.75, 9.75], "texture": "#0"},
				"west": {"uv": [9.25, 7.75, 9.375, 8.25], "texture": "#0"},
				"up": {"uv": [8.875, 9.875, 8.75, 9.75], "texture": "#0"},
				"down": {"uv": [9, 9.75, 8.875, 9.875], "texture": "#0"}
			}
		},
		{
			"name": "voxel",
			"from": [5.00003, -0.99991, 28.99979],
			"to": [10.99997, 16.99991, 31.99976],
			"rotation": {"angle": 0, "axis": "y", "origin": [-15.99976, -15.99976, -15.99976]},
			"faces": {
				"north": {"uv": [6.875, 7.5, 7.125, 8.25], "texture": "#0"},
				"east": {"uv": [9, 3, 9.125, 3.75], "texture": "#0"},
				"south": {"uv": [7.5, 7, 7.75, 7.75], "texture": "#0"},
				"west": {"uv": [9, 3.75, 9.125, 4.5], "texture": "#0"},
				"up": {"uv": [9.875, 3.375, 9.625, 3.25], "texture": "#0"},
				"down": {"uv": [9.875, 3.375, 9.625, 3.5], "texture": "#0"}
			}
		},
		{
			"name": "voxel",
			"from": [16.99991, -0.99991, 25.99982],
			"to": [19.99988, 16.99991, 28.99979],
			"rotation": {"angle": 0, "axis": "y", "origin": [-15.99976, -15.99976, -15.99976]},
			"faces": {
				"north": {"uv": [9, 4.5, 9.125, 5.25], "texture": "#0"},
				"east": {"uv": [9, 5.25, 9.125, 6], "texture": "#0"},
				"south": {"uv": [9, 6, 9.125, 6.75], "texture": "#0"},
				"west": {"uv": [9, 6.75, 9.125, 7.5], "texture": "#0"},
				"up": {"uv": [9.125, 9.875, 9, 9.75], "texture": "#0"},
				"down": {"uv": [9.25, 9.75, 9.125, 9.875], "texture": "#0"}
			}
		},
		{
			"name": "voxel",
			"from": [-3.99988, -0.99991, 25.99982],
			"to": [-0.99991, 16.99991, 28.99979],
			"rotation": {"angle": 0, "axis": "y", "origin": [-15.99976, -15.99976, -15.99976]},
			"faces": {
				"north": {"uv": [7.125, 9, 7.25, 9.75], "texture": "#0"},
				"east": {"uv": [9, 7.5, 9.125, 8.25], "texture": "#0"},
				"south": {"uv": [7.75, 9, 7.875, 9.75], "texture": "#0"},
				"west": {"uv": [7.875, 9, 8, 9.75], "texture": "#0"},
				"up": {"uv": [9.375, 9.875, 9.25, 9.75], "texture": "#0"},
				"down": {"uv": [9.875, 9.25, 9.75, 9.375], "texture": "#0"}
			}
		},
		{
			"name": "voxel",
			"from": [25.99982, -0.99991, 16.99991],
			"to": [28.99979, 16.99991, 19.99988],
			"rotation": {"angle": 0, "axis": "y", "origin": [-15.99976, -15.99976, -15.99976]},
			"faces": {
				"north": {"uv": [9, 8.25, 9.125, 9], "texture": "#0"},
				"east": {"uv": [8.5, 9, 8.625, 9.75], "texture": "#0"},
				"south": {"uv": [8.625, 9, 8.75, 9.75], "texture": "#0"},
				"west": {"uv": [8.75, 9, 8.875, 9.75], "texture": "#0"},
				"up": {"uv": [9.5, 9.875, 9.375, 9.75], "texture": "#0"},
				"down": {"uv": [9.875, 9.375, 9.75, 9.5], "texture": "#0"}
			}
		},
		{
			"name": "voxel",
			"from": [-12.99979, -0.99991, 16.99991],
			"to": [-9.99982, 16.99991, 19.99988],
			"rotation": {"angle": 0, "axis": "y", "origin": [-15.99976, -15.99976, -15.99976]},
			"faces": {
				"north": {"uv": [8.875, 9, 9, 9.75], "texture": "#0"},
				"east": {"uv": [9, 9, 9.125, 9.75], "texture": "#0"},
				"south": {"uv": [9.125, 0, 9.25, 0.75], "texture": "#0"},
				"west": {"uv": [9.125, 0.75, 9.25, 1.5], "texture": "#0"},
				"up": {"uv": [9.625, 9.875, 9.5, 9.75], "texture": "#0"},
				"down": {"uv": [9.875, 9.5, 9.75, 9.625], "texture": "#0"}
			}
		},
		{
			"name": "voxel",
			"from": [28.99979, -0.99991, 5.00003],
			"to": [31.99976, 16.99991, 10.99997],
			"rotation": {"angle": 0, "axis": "y", "origin": [-15.99976, -15.99976, -15.99976]},
			"faces": {
				"north": {"uv": [9.125, 1.5, 9.25, 2.25], "texture": "#0"},
				"east": {"uv": [7.625, 0, 7.875, 0.75], "texture": "#0"},
				"south": {"uv": [9.125, 2.25, 9.25, 3], "texture": "#0"},
				"west": {"uv": [7.625, 0.75, 7.875, 1.5], "texture": "#0"},
				"up": {"uv": [9.75, 3.75, 9.625, 3.5], "texture": "#0"},
				"down": {"uv": [9.75, 3.75, 9.625, 4], "texture": "#0"}
			}
		},
		{
			"name": "voxel",
			"from": [-15.99976, -0.99991, 5.00003],
			"to": [-12.99979, 16.99991, 10.99997],
			"rotation": {"angle": 0, "axis": "y", "origin": [-15.99976, -15.99976, -15.99976]},
			"faces": {
				"north": {"uv": [9.125, 3, 9.25, 3.75], "texture": "#0"},
				"east": {"uv": [7.625, 1.5, 7.875, 2.25], "texture": "#0"},
				"south": {"uv": [9.125, 3.75, 9.25, 4.5], "texture": "#0"},
				"west": {"uv": [7.625, 2.25, 7.875, 3], "texture": "#0"},
				"up": {"uv": [9.75, 4.25, 9.625, 4], "texture": "#0"},
				"down": {"uv": [9.75, 4.25, 9.625, 4.5], "texture": "#0"}
			}
		},
		{
			"name": "voxel",
			"from": [25.99982, -0.99991, -3.99988],
			"to": [28.99979, 16.99991, -0.99991],
			"rotation": {"angle": 0, "axis": "y", "origin": [-15.99976, -15.99976, -15.99976]},
			"faces": {
				"north": {"uv": [9.125, 4.5, 9.25, 5.25], "texture": "#0"},
				"east": {"uv": [9.125, 5.25, 9.25, 6], "texture": "#0"},
				"south": {"uv": [9.125, 6, 9.25, 6.75], "texture": "#0"},
				"west": {"uv": [9.125, 6.75, 9.25, 7.5], "texture": "#0"},
				"up": {"uv": [9.75, 9.875, 9.625, 9.75], "texture": "#0"},
				"down": {"uv": [9.875, 9.625, 9.75, 9.75], "texture": "#0"}
			}
		},
		{
			"name": "voxel",
			"from": [-12.99979, -0.99991, -3.99988],
			"to": [-9.99982, 16.99991, -0.99991],
			"rotation": {"angle": 0, "axis": "y", "origin": [-15.99976, -15.99976, -15.99976]},
			"faces": {
				"north": {"uv": [9.125, 7.5, 9.25, 8.25], "texture": "#0"},
				"east": {"uv": [9.125, 8.25, 9.25, 9], "texture": "#0"},
				"south": {"uv": [9.125, 9, 9.25, 9.75], "texture": "#0"},
				"west": {"uv": [9.25, 0, 9.375, 0.75], "texture": "#0"},
				"up": {"uv": [9.875, 9.875, 9.75, 9.75], "texture": "#0"},
				"down": {"uv": [10, 0, 9.875, 0.125], "texture": "#0"}
			}
		},
		{
			"name": "voxel",
			"from": [16.99991, -0.99991, -12.99979],
			"to": [19.99988, 16.99991, -9.99982],
			"rotation": {"angle": 0, "axis": "y", "origin": [-15.99976, -15.99976, -15.99976]},
			"faces": {
				"north": {"uv": [9.25, 0.75, 9.375, 1.5], "texture": "#0"},
				"east": {"uv": [9.25, 1.5, 9.375, 2.25], "texture": "#0"},
				"south": {"uv": [2, 9.25, 2.125, 10], "texture": "#0"},
				"west": {"uv": [2.125, 9.25, 2.25, 10], "texture": "#0"},
				"up": {"uv": [10, 0.25, 9.875, 0.125], "texture": "#0"},
				"down": {"uv": [10, 0.25, 9.875, 0.375], "texture": "#0"}
			}
		},
		{
			"name": "voxel",
			"from": [-3.99988, -0.99991, -12.99979],
			"to": [-0.99991, 16.99991, -9.99982],
			"rotation": {"angle": 0, "axis": "y", "origin": [-15.99976, -15.99976, -15.99976]},
			"faces": {
				"north": {"uv": [2.25, 9.25, 2.375, 10], "texture": "#0"},
				"east": {"uv": [9.25, 2.25, 9.375, 3], "texture": "#0"},
				"south": {"uv": [2.375, 9.25, 2.5, 10], "texture": "#0"},
				"west": {"uv": [2.5, 9.25, 2.625, 10], "texture": "#0"},
				"up": {"uv": [10, 0.5, 9.875, 0.375], "texture": "#0"},
				"down": {"uv": [10, 0.5, 9.875, 0.625], "texture": "#0"}
			}
		},
		{
			"name": "voxel",
			"from": [5.00003, -0.99991, -15.99976],
			"to": [10.99997, 16.99991, -12.99979],
			"rotation": {"angle": 0, "axis": "y", "origin": [-15.99976, -15.99976, -15.99976]},
			"faces": {
				"north": {"uv": [7.625, 3, 7.875, 3.75], "texture": "#0"},
				"east": {"uv": [2.625, 9.25, 2.75, 10], "texture": "#0"},
				"south": {"uv": [7.625, 3.75, 7.875, 4.5], "texture": "#0"},
				"west": {"uv": [3, 9.25, 3.125, 10], "texture": "#0"},
				"up": {"uv": [9.875, 4.625, 9.625, 4.5], "texture": "#0"},
				"down": {"uv": [9.875, 4.625, 9.625, 4.75], "texture": "#0"}
			}
		},
		{
			"name": "voxel",
			"from": [10.99997, -3.99988, 25.99982],
			"to": [16.99991, 19.99988, 28.99979],
			"rotation": {"angle": 0, "axis": "y", "origin": [-15.99976, -15.99976, -15.99976]},
			"faces": {
				"north": {"uv": [0.75, 7, 1, 8], "texture": "#0"},
				"east": {"uv": [4, 5, 4.125, 6], "texture": "#0"},
				"south": {"uv": [1, 7, 1.25, 8], "texture": "#0"},
				"west": {"uv": [7.625, 6, 7.75, 7], "texture": "#0"},
				"up": {"uv": [9.875, 4.875, 9.625, 4.75], "texture": "#0"},
				"down": {"uv": [9.875, 4.875, 9.625, 5], "texture": "#0"}
			}
		},
		{
			"name": "voxel",
			"from": [-0.99991, -3.99988, 25.99982],
			"to": [5.00003, 19.99988, 28.99979],
			"rotation": {"angle": 0, "axis": "y", "origin": [-15.99976, -15.99976, -15.99976]},
			"faces": {
				"north": {"uv": [1.25, 7, 1.5, 8], "texture": "#0"},
				"east": {"uv": [8.375, 7.5, 8.5, 8.5], "texture": "#0"},
				"south": {"uv": [1.5, 7, 1.75, 8], "texture": "#0"},
				"west": {"uv": [8.5, 0, 8.625, 1], "texture": "#0"},
				"up": {"uv": [9.875, 5.125, 9.625, 5], "texture": "#0"},
				"down": {"uv": [9.875, 5.125, 9.625, 5.25], "texture": "#0"}
			}
		},
		{
			"name": "voxel",
			"from": [19.99988, -3.99988, 22.99985],
			"to": [22.99985, 19.99988, 25.99982],
			"rotation": {"angle": 0, "axis": "y", "origin": [-15.99976, -15.99976, -15.99976]},
			"faces": {
				"north": {"uv": [8.5, 1, 8.625, 2], "texture": "#0"},
				"east": {"uv": [8.5, 2, 8.625, 3], "texture": "#0"},
				"south": {"uv": [8.5, 3, 8.625, 4], "texture": "#0"},
				"west": {"uv": [8.5, 4, 8.625, 5], "texture": "#0"},
				"up": {"uv": [10, 0.75, 9.875, 0.625], "texture": "#0"},
				"down": {"uv": [1, 9.875, 0.875, 10], "texture": "#0"}
			}
		},
		{
			"name": "voxel",
			"from": [-6.99985, -3.99988, 22.99985],
			"to": [-3.99988, 19.99988, 25.99982],
			"rotation": {"angle": 0, "axis": "y", "origin": [-15.99976, -15.99976, -15.99976]},
			"faces": {
				"north": {"uv": [8.5, 5, 8.625, 6], "texture": "#0"},
				"east": {"uv": [8.5, 6, 8.625, 7], "texture": "#0"},
				"south": {"uv": [8.5, 7, 8.625, 8], "texture": "#0"},
				"west": {"uv": [8.5, 8, 8.625, 9], "texture": "#0"},
				"up": {"uv": [1.125, 10, 1, 9.875], "texture": "#0"},
				"down": {"uv": [10, 1, 9.875, 1.125], "texture": "#0"}
			}
		},
		{
			"name": "voxel",
			"from": [22.99985, -3.99988, 19.99988],
			"to": [25.99982, 19.99988, 22.99985],
			"rotation": {"angle": 0, "axis": "y", "origin": [-15.99976, -15.99976, -15.99976]},
			"faces": {
				"north": {"uv": [8.375, 8.5, 8.5, 9.5], "texture": "#0"},
				"east": {"uv": [8.625, 0, 8.75, 1], "texture": "#0"},
				"south": {"uv": [8.625, 1, 8.75, 2], "texture": "#0"},
				"west": {"uv": [8.625, 2, 8.75, 3], "texture": "#0"},
				"up": {"uv": [1.25, 10, 1.125, 9.875], "texture": "#0"},
				"down": {"uv": [10, 1.125, 9.875, 1.25], "texture": "#0"}
			}
		},
		{
			"name": "voxel",
			"from": [-9.99982, -3.99988, 19.99988],
			"to": [-6.99985, 19.99988, 22.99985],
			"rotation": {"angle": 0, "axis": "y", "origin": [-15.99976, -15.99976, -15.99976]},
			"faces": {
				"north": {"uv": [8.625, 3, 8.75, 4], "texture": "#0"},
				"east": {"uv": [8.625, 4, 8.75, 5], "texture": "#0"},
				"south": {"uv": [8.625, 5, 8.75, 6], "texture": "#0"},
				"west": {"uv": [8.625, 6, 8.75, 7], "texture": "#0"},
				"up": {"uv": [1.375, 10, 1.25, 9.875], "texture": "#0"},
				"down": {"uv": [1.5, 9.875, 1.375, 10], "texture": "#0"}
			}
		},
		{
			"name": "voxel",
			"from": [25.99982, -3.99988, 10.99997],
			"to": [28.99979, 19.99988, 16.99991],
			"rotation": {"angle": 0, "axis": "y", "origin": [-15.99976, -15.99976, -15.99976]},
			"faces": {
				"north": {"uv": [8.625, 7, 8.75, 8], "texture": "#0"},
				"east": {"uv": [7, 2.5, 7.25, 3.5], "texture": "#0"},
				"south": {"uv": [8.625, 8, 8.75, 9], "texture": "#0"},
				"west": {"uv": [7, 3.5, 7.25, 4.5], "texture": "#0"},
				"up": {"uv": [9.75, 5.5, 9.625, 5.25], "texture": "#0"},
				"down": {"uv": [9.75, 5.5, 9.625, 5.75], "texture": "#0"}
			}
		},
		{
			"name": "voxel",
			"from": [-12.99979, -3.99988, 10.99997],
			"to": [-9.99982, 19.99988, 16.99991],
			"rotation": {"angle": 0, "axis": "y", "origin": [-15.99976, -15.99976, -15.99976]},
			"faces": {
				"north": {"uv": [8.75, 0, 8.875, 1], "texture": "#0"},
				"east": {"uv": [7, 4.5, 7.25, 5.5], "texture": "#0"},
				"south": {"uv": [8.75, 1, 8.875, 2], "texture": "#0"},
				"west": {"uv": [5.25, 7, 5.5, 8], "texture": "#0"},
				"up": {"uv": [9.75, 6, 9.625, 5.75], "texture": "#0"},
				"down": {"uv": [9.75, 6, 9.625, 6.25], "texture": "#0"}
			}
		},
		{
			"name": "voxel",
			"from": [25.99982, -3.99988, -0.99991],
			"to": [28.99979, 19.99988, 5.00003],
			"rotation": {"angle": 0, "axis": "y", "origin": [-15.99976, -15.99976, -15.99976]},
			"faces": {
				"north": {"uv": [8.75, 2, 8.875, 3], "texture": "#0"},
				"east": {"uv": [5.5, 7, 5.75, 8], "texture": "#0"},
				"south": {"uv": [8.75, 3, 8.875, 4], "texture": "#0"},
				"west": {"uv": [7, 5.5, 7.25, 6.5], "texture": "#0"},
				"up": {"uv": [9.75, 6.5, 9.625, 6.25], "texture": "#0"},
				"down": {"uv": [9.75, 6.5, 9.625, 6.75], "texture": "#0"}
			}
		},
		{
			"name": "voxel",
			"from": [-12.99979, -3.99988, -0.99991],
			"to": [-9.99982, 19.99988, 5.00003],
			"rotation": {"angle": 0, "axis": "y", "origin": [-15.99976, -15.99976, -15.99976]},
			"faces": {
				"north": {"uv": [3.75, 8.75, 3.875, 9.75], "texture": "#0"},
				"east": {"uv": [7, 6.5, 7.25, 7.5], "texture": "#0"},
				"south": {"uv": [3.875, 8.75, 4, 9.75], "texture": "#0"},
				"west": {"uv": [7.125, 0, 7.375, 1], "texture": "#0"},
				"up": {"uv": [9.75, 7.5, 9.625, 7.25], "texture": "#0"},
				"down": {"uv": [9.75, 7.5, 9.625, 7.75], "texture": "#0"}
			}
		},
		{
			"name": "voxel",
			"from": [22.99985, -3.99988, -6.99985],
			"to": [25.99982, 19.99988, -3.99988],
			"rotation": {"angle": 0, "axis": "y", "origin": [-15.99976, -15.99976, -15.99976]},
			"faces": {
				"north": {"uv": [8.75, 4, 8.875, 5], "texture": "#0"},
				"east": {"uv": [8.75, 5, 8.875, 6], "texture": "#0"},
				"south": {"uv": [8.75, 6, 8.875, 7], "texture": "#0"},
				"west": {"uv": [8.75, 7, 8.875, 8], "texture": "#0"},
				"up": {"uv": [1.625, 10, 1.5, 9.875], "texture": "#0"},
				"down": {"uv": [1.75, 9.875, 1.625, 10], "texture": "#0"}
			}
		},
		{
			"name": "voxel",
			"from": [-9.99982, -3.99988, -6.99985],
			"to": [-6.99985, 19.99988, -3.99988],
			"rotation": {"angle": 0, "axis": "y", "origin": [-15.99976, -15.99976, -15.99976]},
			"faces": {
				"north": {"uv": [8, 8.75, 8.125, 9.75], "texture": "#0"},
				"east": {"uv": [8.75, 8, 8.875, 9], "texture": "#0"},
				"south": {"uv": [8.125, 8.75, 8.25, 9.75], "texture": "#0"},
				"west": {"uv": [8.25, 8.75, 8.375, 9.75], "texture": "#0"},
				"up": {"uv": [1.875, 10, 1.75, 9.875], "texture": "#0"},
				"down": {"uv": [10, 1.75, 9.875, 1.875], "texture": "#0"}
			}
		},
		{
			"name": "voxel",
			"from": [19.99988, -3.99988, -9.99982],
			"to": [22.99985, 19.99988, -6.99985],
			"rotation": {"angle": 0, "axis": "y", "origin": [-15.99976, -15.99976, -15.99976]},
			"faces": {
				"north": {"uv": [8.875, 0, 9, 1], "texture": "#0"},
				"east": {"uv": [8.875, 1, 9, 2], "texture": "#0"},
				"south": {"uv": [8.875, 2, 9, 3], "texture": "#0"},
				"west": {"uv": [8.875, 3, 9, 4], "texture": "#0"},
				"up": {"uv": [10, 2, 9.875, 1.875], "texture": "#0"},
				"down": {"uv": [10, 2, 9.875, 2.125], "texture": "#0"}
			}
		},
		{
			"name": "voxel",
			"from": [-6.99985, -3.99988, -9.99982],
			"to": [-3.99988, 19.99988, -6.99985],
			"rotation": {"angle": 0, "axis": "y", "origin": [-15.99976, -15.99976, -15.99976]},
			"faces": {
				"north": {"uv": [8.875, 4, 9, 5], "texture": "#0"},
				"east": {"uv": [8.875, 5, 9, 6], "texture": "#0"},
				"south": {"uv": [8.875, 6, 9, 7], "texture": "#0"},
				"west": {"uv": [8.875, 7, 9, 8], "texture": "#0"},
				"up": {"uv": [10, 2.25, 9.875, 2.125], "texture": "#0"},
				"down": {"uv": [10, 2.25, 9.875, 2.375], "texture": "#0"}
			}
		},
		{
			"name": "voxel",
			"from": [10.99997, -3.99988, -12.99979],
			"to": [16.99991, 19.99988, -9.99982],
			"rotation": {"angle": 0, "axis": "y", "origin": [-15.99976, -15.99976, -15.99976]},
			"faces": {
				"north": {"uv": [7.125, 1, 7.375, 2], "texture": "#0"},
				"east": {"uv": [8.875, 8, 9, 9], "texture": "#0"},
				"south": {"uv": [7.25, 2, 7.5, 3], "texture": "#0"},
				"west": {"uv": [9, 0, 9.125, 1], "texture": "#0"},
				"up": {"uv": [9.875, 7.875, 9.625, 7.75], "texture": "#0"},
				"down": {"uv": [9.875, 7.875, 9.625, 8], "texture": "#0"}
			}
		},
		{
			"name": "voxel",
			"from": [-0.99991, -3.99988, -12.99979],
			"to": [5.00003, 19.99988, -9.99982],
			"rotation": {"angle": 0, "axis": "y", "origin": [-15.99976, -15.99976, -15.99976]},
			"faces": {
				"north": {"uv": [2.75, 7.25, 3, 8.25], "texture": "#0"},
				"east": {"uv": [9, 1, 9.125, 2], "texture": "#0"},
				"south": {"uv": [7.25, 3, 7.5, 4], "texture": "#0"},
				"west": {"uv": [9, 2, 9.125, 3], "texture": "#0"},
				"up": {"uv": [9.875, 8.125, 9.625, 8], "texture": "#0"},
				"down": {"uv": [9.875, 8.125, 9.625, 8.25], "texture": "#0"}
			}
		},
		{
			"name": "voxel",
			"from": [5.00003, -6.99985, 25.99982],
			"to": [10.99997, 22.99985, 28.99979],
			"rotation": {"angle": 0, "axis": "y", "origin": [-15.99976, -15.99976, -15.99976]},
			"faces": {
				"north": {"uv": [6.25, 6, 6.5, 7.25], "texture": "#0"},
				"east": {"uv": [8, 3.75, 8.125, 5], "texture": "#0"},
				"south": {"uv": [6.375, 0, 6.625, 1.25], "texture": "#0"},
				"west": {"uv": [8, 5, 8.125, 6.25], "texture": "#0"},
				"up": {"uv": [9.875, 8.625, 9.625, 8.5], "texture": "#0"},
				"down": {"uv": [9.875, 8.625, 9.625, 8.75], "texture": "#0"}
			}
		},
		{
			"name": "voxel",
			"from": [13.99994, -6.99985, 22.99985],
			"to": [19.99988, 22.99985, 25.99982],
			"rotation": {"angle": 0, "axis": "y", "origin": [-15.99976, -15.99976, -15.99976]},
			"faces": {
				"north": {"uv": [6.375, 1.25, 6.625, 2.5], "texture": "#0"},
				"east": {"uv": [5.25, 8, 5.375, 9.25], "texture": "#0"},
				"south": {"uv": [6.5, 2.5, 6.75, 3.75], "texture": "#0"},
				"west": {"uv": [5.375, 8, 5.5, 9.25], "texture": "#0"},
				"up": {"uv": [9.875, 8.875, 9.625, 8.75], "texture": "#0"},
				"down": {"uv": [9.875, 8.875, 9.625, 9], "texture": "#0"}
			}
		},
		{
			"name": "voxel",
			"from": [-3.99988, -6.99985, 22.99985],
			"to": [2.00006, 22.99985, 25.99982],
			"rotation": {"angle": 0, "axis": "y", "origin": [-15.99976, -15.99976, -15.99976]},
			"faces": {
				"north": {"uv": [3.5, 6.5, 3.75, 7.75], "texture": "#0"},
				"east": {"uv": [5.5, 8, 5.625, 9.25], "texture": "#0"},
				"south": {"uv": [6.5, 3.75, 6.75, 5], "texture": "#0"},
				"west": {"uv": [5.625, 8, 5.75, 9.25], "texture": "#0"},
				"up": {"uv": [9.875, 9.125, 9.625, 9], "texture": "#0"},
				"down": {"uv": [9.875, 9.125, 9.625, 9.25], "texture": "#0"}
			}
		},
		{
			"name": "voxel",
			"from": [19.99988, -6.99985, 19.99988],
			"to": [22.99985, 22.99985, 22.99985],
			"rotation": {"angle": 0, "axis": "y", "origin": [-15.99976, -15.99976, -15.99976]},
			"faces": {
				"north": {"uv": [5.75, 8, 5.875, 9.25], "texture": "#0"},
				"east": {"uv": [5.875, 8, 6, 9.25], "texture": "#0"},
				"south": {"uv": [8, 6.25, 8.125, 7.5], "texture": "#0"},
				"west": {"uv": [7.25, 8, 7.375, 9.25], "texture": "#0"},
				"up": {"uv": [10, 2.5, 9.875, 2.375], "texture": "#0"},
				"down": {"uv": [10, 2.5, 9.875, 2.625], "texture": "#0"}
			}
		},
		{
			"name": "voxel",
			"from": [-6.99985, -6.99985, 19.99988],
			"to": [-3.99988, 22.99985, 22.99985],
			"rotation": {"angle": 0, "axis": "y", "origin": [-15.99976, -15.99976, -15.99976]},
			"faces": {
				"north": {"uv": [8, 7.5, 8.125, 8.75], "texture": "#0"},
				"east": {"uv": [8.125, 0, 8.25, 1.25], "texture": "#0"},
				"south": {"uv": [8.125, 1.25, 8.25, 2.5], "texture": "#0"},
				"west": {"uv": [8.125, 3.75, 8.25, 5], "texture": "#0"},
				"up": {"uv": [10, 2.75, 9.875, 2.625], "texture": "#0"},
				"down": {"uv": [10, 2.75, 9.875, 2.875], "texture": "#0"}
			}
		},
		{
			"name": "voxel",
			"from": [22.99985, -6.99985, 13.99994],
			"to": [25.99982, 22.99985, 19.99988],
			"rotation": {"angle": 0, "axis": "y", "origin": [-15.99976, -15.99976, -15.99976]},
			"faces": {
				"north": {"uv": [8.125, 5, 8.25, 6.25], "texture": "#0"},
				"east": {"uv": [4.5, 6.5, 4.75, 7.75], "texture": "#0"},
				"south": {"uv": [8.125, 6.25, 8.25, 7.5], "texture": "#0"},
				"west": {"uv": [4.75, 6.5, 5, 7.75], "texture": "#0"},
				"up": {"uv": [9.75, 9.5, 9.625, 9.25], "texture": "#0"},
				"down": {"uv": [9.75, 9.5, 9.625, 9.75], "texture": "#0"}
			}
		},
		{
			"name": "voxel",
			"from": [-9.99982, -6.99985, 13.99994],
			"to": [-6.99985, 22.99985, 19.99988],
			"rotation": {"angle": 0, "axis": "y", "origin": [-15.99976, -15.99976, -15.99976]},
			"faces": {
				"north": {"uv": [8.125, 7.5, 8.25, 8.75], "texture": "#0"},
				"east": {"uv": [6.5, 5, 6.75, 6.25], "texture": "#0"},
				"south": {"uv": [0, 8.25, 0.125, 9.5], "texture": "#0"},
				"west": {"uv": [6.5, 6.25, 6.75, 7.5], "texture": "#0"},
				"up": {"uv": [0.125, 10, 0, 9.75], "texture": "#0"},
				"down": {"uv": [9.875, 0, 9.75, 0.25], "texture": "#0"}
			}
		},
		{
			"name": "voxel",
			"from": [25.99982, -6.99985, 5.00003],
			"to": [28.99979, 22.99985, 10.99997],
			"rotation": {"angle": 0, "axis": "y", "origin": [-15.99976, -15.99976, -15.99976]},
			"faces": {
				"north": {"uv": [8.25, 0, 8.375, 1.25], "texture": "#0"},
				"east": {"uv": [6.625, 0, 6.875, 1.25], "texture": "#0"},
				"south": {"uv": [0.125, 8.25, 0.25, 9.5], "texture": "#0"},
				"west": {"uv": [6.625, 1.25, 6.875, 2.5], "texture": "#0"},
				"up": {"uv": [0.25, 10, 0.125, 9.75], "texture": "#0"},
				"down": {"uv": [0.375, 9.75, 0.25, 10], "texture": "#0"}
			}
		},
		{
			"name": "voxel",
			"from": [-12.99979, -6.99985, 5.00003],
			"to": [-9.99982, 22.99985, 10.99997],
			"rotation": {"angle": 0, "axis": "y", "origin": [-15.99976, -15.99976, -15.99976]},
			"faces": {
				"north": {"uv": [0.25, 8.25, 0.375, 9.5], "texture": "#0"},
				"east": {"uv": [1.75, 6.75, 2, 8], "texture": "#0"},
				"south": {"uv": [0.375, 8.25, 0.5, 9.5], "texture": "#0"},
				"west": {"uv": [6.75, 2.5, 7, 3.75], "texture": "#0"},
				"up": {"uv": [9.875, 0.5, 9.75, 0.25], "texture": "#0"},
				"down": {"uv": [0.5, 9.75, 0.375, 10], "texture": "#0"}
			}
		},
		{
			"name": "voxel",
			"from": [22.99985, -6.99985, -3.99988],
			"to": [25.99982, 22.99985, 2.00006],
			"rotation": {"angle": 0, "axis": "y", "origin": [-15.99976, -15.99976, -15.99976]},
			"faces": {
				"north": {"uv": [0.5, 8.25, 0.625, 9.5], "texture": "#0"},
				"east": {"uv": [3.75, 6.75, 4, 8], "texture": "#0"},
				"south": {"uv": [0.625, 8.25, 0.75, 9.5], "texture": "#0"},
				"west": {"uv": [6.75, 3.75, 7, 5], "texture": "#0"},
				"up": {"uv": [0.625, 10, 0.5, 9.75], "texture": "#0"},
				"down": {"uv": [9.875, 0.5, 9.75, 0.75], "texture": "#0"}
			}
		},
		{
			"name": "voxel",
			"from": [-9.99982, -6.99985, -3.99988],
			"to": [-6.99985, 22.99985, 2.00006],
			"rotation": {"angle": 0, "axis": "y", "origin": [-15.99976, -15.99976, -15.99976]},
			"faces": {
				"north": {"uv": [8.25, 1.25, 8.375, 2.5], "texture": "#0"},
				"east": {"uv": [6.75, 5, 7, 6.25], "texture": "#0"},
				"south": {"uv": [8.25, 2.5, 8.375, 3.75], "texture": "#0"},
				"west": {"uv": [5.75, 6.75, 6, 8], "texture": "#0"},
				"up": {"uv": [0.75, 10, 0.625, 9.75], "texture": "#0"},
				"down": {"uv": [0.875, 9.75, 0.75, 10], "texture": "#0"}
			}
		},
		{
			"name": "voxel",
			"from": [19.99988, -6.99985, -6.99985],
			"to": [22.99985, 22.99985, -3.99988],
			"rotation": {"angle": 0, "axis": "y", "origin": [-15.99976, -15.99976, -15.99976]},
			"faces": {
				"north": {"uv": [2.75, 8.25, 2.875, 9.5], "texture": "#0"},
				"east": {"uv": [2.875, 8.25, 3, 9.5], "texture": "#0"},
				"south": {"uv": [8.25, 3.75, 8.375, 5], "texture": "#0"},
				"west": {"uv": [8.25, 5, 8.375, 6.25], "texture": "#0"},
				"up": {"uv": [10, 3, 9.875, 2.875], "texture": "#0"},
				"down": {"uv": [10, 3.25, 9.875, 3.375], "texture": "#0"}
			}
		},
		{
			"name": "voxel",
			"from": [-6.99985, -6.99985, -6.99985],
			"to": [-3.99988, 22.99985, -3.99988],
			"rotation": {"angle": 0, "axis": "y", "origin": [-15.99976, -15.99976, -15.99976]},
			"faces": {
				"north": {"uv": [8.25, 6.25, 8.375, 7.5], "texture": "#0"},
				"east": {"uv": [6.875, 8.25, 7, 9.5], "texture": "#0"},
				"south": {"uv": [7, 8.25, 7.125, 9.5], "texture": "#0"},
				"west": {"uv": [8.25, 7.5, 8.375, 8.75], "texture": "#0"},
				"up": {"uv": [10, 3.5, 9.875, 3.375], "texture": "#0"},
				"down": {"uv": [3.625, 9.875, 3.5, 10], "texture": "#0"}
			}
		},
		{
			"name": "voxel",
			"from": [13.99994, -6.99985, -9.99982],
			"to": [19.99988, 22.99985, -6.99985],
			"rotation": {"angle": 0, "axis": "y", "origin": [-15.99976, -15.99976, -15.99976]},
			"faces": {
				"north": {"uv": [6.75, 6.25, 7, 7.5], "texture": "#0"},
				"east": {"uv": [8.375, 0, 8.5, 1.25], "texture": "#0"},
				"south": {"uv": [6.875, 0, 7.125, 1.25], "texture": "#0"},
				"west": {"uv": [8.375, 1.25, 8.5, 2.5], "texture": "#0"},
				"up": {"uv": [10, 0.875, 9.75, 0.75], "texture": "#0"},
				"down": {"uv": [1.125, 9.75, 0.875, 9.875], "texture": "#0"}
			}
		},
		{
			"name": "voxel",
			"from": [-3.99988, -6.99985, -9.99982],
			"to": [2.00006, 22.99985, -6.99985],
			"rotation": {"angle": 0, "axis": "y", "origin": [-15.99976, -15.99976, -15.99976]},
			"faces": {
				"north": {"uv": [6.875, 1.25, 7.125, 2.5], "texture": "#0"},
				"east": {"uv": [8.375, 2.5, 8.5, 3.75], "texture": "#0"},
				"south": {"uv": [0, 7, 0.25, 8.25], "texture": "#0"},
				"west": {"uv": [8.375, 3.75, 8.5, 5], "texture": "#0"},
				"up": {"uv": [10, 1, 9.75, 0.875], "texture": "#0"},
				"down": {"uv": [1.375, 9.75, 1.125, 9.875], "texture": "#0"}
			}
		},
		{
			"name": "voxel",
			"from": [5.00003, -6.99985, -12.99979],
			"to": [10.99997, 22.99985, -9.99982],
			"rotation": {"angle": 0, "axis": "y", "origin": [-15.99976, -15.99976, -15.99976]},
			"faces": {
				"north": {"uv": [0.25, 7, 0.5, 8.25], "texture": "#0"},
				"east": {"uv": [8.375, 5, 8.5, 6.25], "texture": "#0"},
				"south": {"uv": [0.5, 7, 0.75, 8.25], "texture": "#0"},
				"west": {"uv": [8.375, 6.25, 8.5, 7.5], "texture": "#0"},
				"up": {"uv": [10, 1.375, 9.75, 1.25], "texture": "#0"},
				"down": {"uv": [1.625, 9.75, 1.375, 9.875], "texture": "#0"}
			}
		},
		{
			"name": "voxel",
			"from": [2.00006, -9.99982, 22.99985],
			"to": [13.99994, 25.99982, 25.99982],
			"rotation": {"angle": 0, "axis": "y", "origin": [-15.99976, -15.99976, -15.99976]},
			"faces": {
				"north": {"uv": [3.25, 0, 3.75, 1.5], "texture": "#0"},
				"east": {"uv": [7.125, 7.5, 7.25, 9], "texture": "#0"},
				"south": {"uv": [3.25, 1.5, 3.75, 3], "texture": "#0"},
				"west": {"uv": [7.625, 4.5, 7.75, 6], "texture": "#0"},
				"up": {"uv": [9.75, 8.375, 9.25, 8.25], "texture": "#0"},
				"down": {"uv": [9.75, 8.375, 9.25, 8.5], "texture": "#0"}
			}
		},
		{
			"name": "voxel",
			"from": [10.99997, -9.99982, 19.99988],
			"to": [16.99991, 25.99982, 22.99985],
			"rotation": {"angle": 0, "axis": "y", "origin": [-15.99976, -15.99976, -15.99976]},
			"faces": {
				"north": {"uv": [4.625, 0, 4.875, 1.5], "texture": "#0"},
				"east": {"uv": [3.5, 7.75, 3.625, 9.25], "texture": "#0"},
				"south": {"uv": [5, 5.75, 5.25, 7.25], "texture": "#0"},
				"west": {"uv": [3.625, 7.75, 3.75, 9.25], "texture": "#0"},
				"up": {"uv": [10, 1.5, 9.75, 1.375], "texture": "#0"},
				"down": {"uv": [10, 1.5, 9.75, 1.625], "texture": "#0"}
			}
		},
		{
			"name": "voxel",
			"from": [-0.99991, -9.99982, 19.99988],
			"to": [5.00003, 25.99982, 22.99985],
			"rotation": {"angle": 0, "axis": "y", "origin": [-15.99976, -15.99976, -15.99976]},
			"faces": {
				"north": {"uv": [5.75, 5.25, 6, 6.75], "texture": "#0"},
				"east": {"uv": [4.5, 7.75, 4.625, 9.25], "texture": "#0"},
				"south": {"uv": [5.875, 0, 6.125, 1.5], "texture": "#0"},
				"west": {"uv": [7.75, 4.5, 7.875, 6], "texture": "#0"},
				"up": {"uv": [1.875, 9.875, 1.625, 9.75], "texture": "#0"},
				"down": {"uv": [10, 1.625, 9.75, 1.75], "texture": "#0"}
			}
		},
		{
			"name": "voxel",
			"from": [16.99991, -9.99982, 16.99991],
			"to": [19.99988, 25.99982, 22.99985],
			"rotation": {"angle": 0, "axis": "y", "origin": [-15.99976, -15.99976, -15.99976]},
			"faces": {
				"north": {"uv": [4.625, 7.75, 4.75, 9.25], "texture": "#0"},
				"east": {"uv": [5.875, 1.5, 6.125, 3], "texture": "#0"},
				"south": {"uv": [4.75, 7.75, 4.875, 9.25], "texture": "#0"},
				"west": {"uv": [3, 6, 3.25, 7.5], "texture": "#0"},
				"up": {"uv": [9.875, 2, 9.75, 1.75], "texture": "#0"},
				"down": {"uv": [2, 9.75, 1.875, 10], "texture": "#0"}
			}
		},
		{
			"name": "voxel",
			"from": [-3.99988, -9.99982, 16.99991],
			"to": [-0.99991, 25.99982, 22.99985],
			"rotation": {"angle": 0, "axis": "y", "origin": [-15.99976, -15.99976, -15.99976]},
			"faces": {
				"north": {"uv": [4.875, 7.75, 5, 9.25], "texture": "#0"},
				"east": {"uv": [6, 3, 6.25, 4.5], "texture": "#0"},
				"south": {"uv": [7.75, 6, 7.875, 7.5], "texture": "#0"},
				"west": {"uv": [3.25, 6, 3.5, 7.5], "texture": "#0"},
				"up": {"uv": [9.875, 2.25, 9.75, 2], "texture": "#0"},
				"down": {"uv": [9.875, 2.25, 9.75, 2.5], "texture": "#0"}
			}
		},
		{
			"name": "voxel",
			"from": [19.99988, -9.99982, 10.99997],
			"to": [22.99985, 25.99982, 19.99988],
			"rotation": {"angle": 0, "axis": "y", "origin": [-15.99976, -15.99976, -15.99976]},
			"faces": {
				"north": {"uv": [7.375, 7.75, 7.5, 9.25], "texture": "#0"},
				"east": {"uv": [2.75, 4, 3.125, 5.5], "texture": "#0"},
				"south": {"uv": [7.5, 7.75, 7.625, 9.25], "texture": "#0"},
				"west": {"uv": [4.125, 1.5, 4.5, 3], "texture": "#0"},
				"up": {"uv": [9.5, 5.625, 9.375, 5.25], "texture": "#0"},
				"down": {"uv": [9.5, 5.625, 9.375, 6], "texture": "#0"}
			}
		},
		{
			"name": "voxel",
			"from": [-6.99985, -9.99982, 10.99997],
			"to": [-3.99988, 25.99982, 19.99988],
			"rotation": {"angle": 0, "axis": "y", "origin": [-15.99976, -15.99976, -15.99976]},
			"faces": {
				"north": {"uv": [7.75, 7.5, 7.875, 9], "texture": "#0"},
				"east": {"uv": [4.125, 3, 4.5, 4.5], "texture": "#0"},
				"south": {"uv": [7.625, 7.75, 7.75, 9.25], "texture": "#0"},
				"west": {"uv": [4.25, 0, 4.625, 1.5], "texture": "#0"},
				"up": {"uv": [9.5, 6.375, 9.375, 6], "texture": "#0"},
				"down": {"uv": [9.5, 6.375, 9.375, 6.75], "texture": "#0"}
			}
		},
		{
			"name": "voxel",
			"from": [22.99985, -9.99982, 2.00006],
			"to": [25.99982, 25.99982, 13.99994],
			"rotation": {"angle": 0, "axis": "y", "origin": [-15.99976, -15.99976, -15.99976]},
			"faces": {
				"north": {"uv": [7.875, 0, 8, 1.5], "texture": "#0"},
				"east": {"uv": [3.25, 3, 3.75, 4.5], "texture": "#0"},
				"south": {"uv": [7.875, 1.5, 8, 3], "texture": "#0"},
				"west": {"uv": [1.5, 3.5, 2, 5], "texture": "#0"},
				"up": {"uv": [9.375, 9, 9.25, 8.5], "texture": "#0"},
				"down": {"uv": [9.375, 9, 9.25, 9.5], "texture": "#0"}
			}
		},
		{
			"name": "voxel",
			"from": [-9.99982, -9.99982, 2.00006],
			"to": [-6.99985, 25.99982, 13.99994],
			"rotation": {"angle": 0, "axis": "y", "origin": [-15.99976, -15.99976, -15.99976]},
			"faces": {
				"north": {"uv": [7.875, 3, 8, 4.5], "texture": "#0"},
				"east": {"uv": [0, 3.75, 0.5, 5.25], "texture": "#0"},
				"south": {"uv": [7.875, 4.5, 8, 6], "texture": "#0"},
				"west": {"uv": [3.75, 0, 4.25, 1.5], "texture": "#0"},
				"up": {"uv": [9.5, 0.5, 9.375, 0], "texture": "#0"},
				"down": {"uv": [9.5, 0.5, 9.375, 1], "texture": "#0"}
			}
		},
		{
			"name": "voxel",
			"from": [19.99988, -9.99982, -0.99991],
			"to": [22.99985, 25.99982, 5.00003],
			"rotation": {"angle": 0, "axis": "y", "origin": [-15.99976, -15.99976, -15.99976]},
			"faces": {
				"north": {"uv": [7.875, 6, 8, 7.5], "texture": "#0"},
				"east": {"uv": [4, 6, 4.25, 7.5], "texture": "#0"},
				"south": {"uv": [7.875, 7.5, 8, 9], "texture": "#0"},
				"west": {"uv": [4.25, 6, 4.5, 7.5], "texture": "#0"},
				"up": {"uv": [9.875, 2.75, 9.75, 2.5], "texture": "#0"},
				"down": {"uv": [2.875, 9.75, 2.75, 10], "texture": "#0"}
			}
		},
		{
			"name": "voxel",
			"from": [-6.99985, -9.99982, -0.99991],
			"to": [-3.99988, 25.99982, 5.00003],
			"rotation": {"angle": 0, "axis": "y", "origin": [-15.99976, -15.99976, -15.99976]},
			"faces": {
				"north": {"uv": [8, 0, 8.125, 1.5], "texture": "#0"},
				"east": {"uv": [6, 4.5, 6.25, 6], "texture": "#0"},
				"south": {"uv": [0.75, 8, 0.875, 9.5], "texture": "#0"},
				"west": {"uv": [6, 6, 6.25, 7.5], "texture": "#0"},
				"up": {"uv": [9.875, 3, 9.75, 2.75], "texture": "#0"},
				"down": {"uv": [3, 9.75, 2.875, 10], "texture": "#0"}
			}
		},
		{
			"name": "voxel",
			"from": [16.99991, -9.99982, -3.99988],
			"to": [22.99985, 25.99982, -0.99991],
			"rotation": {"angle": 0, "axis": "y", "origin": [-15.99976, -15.99976, -15.99976]},
			"faces": {
				"north": {"uv": [6.125, 0, 6.375, 1.5], "texture": "#0"},
				"east": {"uv": [0.875, 8, 1, 9.5], "texture": "#0"},
				"south": {"uv": [6.125, 1.5, 6.375, 3], "texture": "#0"},
				"west": {"uv": [1, 8, 1.125, 9.5], "texture": "#0"},
				"up": {"uv": [10, 3.125, 9.75, 3], "texture": "#0"},
				"down": {"uv": [10, 3.125, 9.75, 3.25], "texture": "#0"}
			}
		},
		{
			"name": "voxel",
			"from": [-6.99985, -9.99982, -3.99988],
			"to": [-0.99991, 25.99982, -0.99991],
			"rotation": {"angle": 0, "axis": "y", "origin": [-15.99976, -15.99976, -15.99976]},
			"faces": {
				"north": {"uv": [6.25, 3, 6.5, 4.5], "texture": "#0"},
				"east": {"uv": [1.125, 8, 1.25, 9.5], "texture": "#0"},
				"south": {"uv": [6.25, 4.5, 6.5, 6], "texture": "#0"},
				"west": {"uv": [1.25, 8, 1.375, 9.5], "texture": "#0"},
				"up": {"uv": [3.75, 9.875, 3.5, 9.75], "texture": "#0"},
				"down": {"uv": [10, 3.5, 9.75, 3.625], "texture": "#0"}
			}
		},
		{
			"name": "voxel",
			"from": [10.99997, -9.99982, -6.99985],
			"to": [19.99988, 25.99982, -3.99988],
			"rotation": {"angle": 0, "axis": "y", "origin": [-15.99976, -15.99976, -15.99976]},
			"faces": {
				"north": {"uv": [4.5, 1.5, 4.875, 3], "texture": "#0"},
				"east": {"uv": [1.375, 8, 1.5, 9.5], "texture": "#0"},
				"south": {"uv": [4.5, 3, 4.875, 4.5], "texture": "#0"},
				"west": {"uv": [1.5, 8, 1.625, 9.5], "texture": "#0"},
				"up": {"uv": [9.75, 6.875, 9.375, 6.75], "texture": "#0"},
				"down": {"uv": [9.75, 6.875, 9.375, 7], "texture": "#0"}
			}
		},
		{
			"name": "voxel",
			"from": [-3.99988, -9.99982, -6.99985],
			"to": [5.00003, 25.99982, -3.99988],
			"rotation": {"angle": 0, "axis": "y", "origin": [-15.99976, -15.99976, -15.99976]},
			"faces": {
				"north": {"uv": [3.125, 4.5, 3.5, 6], "texture": "#0"},
				"east": {"uv": [8, 1.5, 8.125, 3], "texture": "#0"},
				"south": {"uv": [4.125, 4.5, 4.5, 6], "texture": "#0"},
				"west": {"uv": [1.625, 8, 1.75, 9.5], "texture": "#0"},
				"up": {"uv": [9.75, 7.125, 9.375, 7], "texture": "#0"},
				"down": {"uv": [9.75, 7.125, 9.375, 7.25], "texture": "#0"}
			}
		},
		{
			"name": "voxel",
			"from": [2.00006, -9.99982, -9.99982],
			"to": [13.99994, 25.99982, -6.99985],
			"rotation": {"angle": 0, "axis": "y", "origin": [-15.99976, -15.99976, -15.99976]},
			"faces": {
				"north": {"uv": [0.5, 3.75, 1, 5.25], "texture": "#0"},
				"east": {"uv": [1.75, 8, 1.875, 9.5], "texture": "#0"},
				"south": {"uv": [1, 3.75, 1.5, 5.25], "texture": "#0"},
				"west": {"uv": [1.875, 8, 2, 9.5], "texture": "#0"},
				"up": {"uv": [9.875, 1.125, 9.375, 1], "texture": "#0"},
				"down": {"uv": [9.875, 1.125, 9.375, 1.25], "texture": "#0"}
			}
		},
		{
			"name": "voxel",
			"from": [5.00003, -12.99979, 16.99991],
			"to": [10.99997, 28.99979, 22.99985],
			"rotation": {"angle": 0, "axis": "y", "origin": [-15.99976, -15.99976, -15.99976]},
			"faces": {
				"north": {"uv": [1.75, 5, 2, 6.75], "texture": "#0"},
				"east": {"uv": [3.75, 5, 4, 6.75], "texture": "#0"},
				"south": {"uv": [5, 4, 5.25, 5.75], "texture": "#0"},
				"west": {"uv": [5.125, 0, 5.375, 1.75], "texture": "#0"},
				"up": {"uv": [9.625, 1.5, 9.375, 1.25], "texture": "#0"},
				"down": {"uv": [9.625, 1.5, 9.375, 1.75], "texture": "#0"}
			}
		},
		{
			"name": "voxel",
			"from": [10.99997, -12.99979, 13.99994],
			"to": [13.99994, 28.99979, 19.99988],
			"rotation": {"angle": 0, "axis": "y", "origin": [-15.99976, -15.99976, -15.99976]},
			"faces": {
				"north": {"uv": [7.375, 6, 7.5, 7.75], "texture": "#0"},
				"east": {"uv": [5.125, 1.75, 5.375, 3.5], "texture": "#0"},
				"south": {"uv": [7.5, 0, 7.625, 1.75], "texture": "#0"},
				"west": {"uv": [0, 5.25, 0.25, 7], "texture": "#0"},
				"up": {"uv": [9.875, 3.875, 9.75, 3.625], "texture": "#0"},
				"down": {"uv": [3.875, 9.75, 3.75, 10], "texture": "#0"}
			}
		},
		{
			"name": "voxel",
			"from": [2.00006, -12.99979, 13.99994],
			"to": [5.00003, 28.99979, 19.99988],
			"rotation": {"angle": 0, "axis": "y", "origin": [-15.99976, -15.99976, -15.99976]},
			"faces": {
				"north": {"uv": [7.5, 1.75, 7.625, 3.5], "texture": "#0"},
				"east": {"uv": [0.25, 5.25, 0.5, 7], "texture": "#0"},
				"south": {"uv": [2, 7.5, 2.125, 9.25], "texture": "#0"},
				"west": {"uv": [0.5, 5.25, 0.75, 7], "texture": "#0"},
				"up": {"uv": [4, 10, 3.875, 9.75], "texture": "#0"},
				"down": {"uv": [9.875, 3.875, 9.75, 4.125], "texture": "#0"}
			}
		},
		{
			"name": "voxel",
			"from": [13.99994, -12.99979, 10.99997],
			"to": [16.99991, 28.99979, 19.99988],
			"rotation": {"angle": 0, "axis": "y", "origin": [-15.99976, -15.99976, -15.99976]},
			"faces": {
				"north": {"uv": [2.125, 7.5, 2.25, 9.25], "texture": "#0"},
				"east": {"uv": [3.75, 1.5, 4.125, 3.25], "texture": "#0"},
				"south": {"uv": [2.25, 7.5, 2.375, 9.25], "texture": "#0"},
				"west": {"uv": [3.75, 3.25, 4.125, 5], "texture": "#0"},
				"up": {"uv": [9.5, 7.625, 9.375, 7.25], "texture": "#0"},
				"down": {"uv": [9.5, 7.625, 9.375, 8], "texture": "#0"}
			}
		},
		{
			"name": "voxel",
			"from": [-0.99991, -12.99979, 10.99997],
			"to": [2.00006, 28.99979, 19.99988],
			"rotation": {"angle": 0, "axis": "y", "origin": [-15.99976, -15.99976, -15.99976]},
			"faces": {
				"north": {"uv": [2.375, 7.5, 2.5, 9.25], "texture": "#0"},
				"east": {"uv": [2, 4, 2.375, 5.75], "texture": "#0"},
				"south": {"uv": [2.5, 7.5, 2.625, 9.25], "texture": "#0"},
				"west": {"uv": [2.375, 4, 2.75, 5.75], "texture": "#0"},
				"up": {"uv": [9.5, 8.875, 9.375, 8.5], "texture": "#0"},
				"down": {"uv": [9.5, 8.875, 9.375, 9.25], "texture": "#0"}
			}
		},
		{
			"name": "voxel",
			"from": [19.99988, -12.99979, 5.00003],
			"to": [22.99985, 28.99979, 10.99997],
			"rotation": {"angle": 0, "axis": "y", "origin": [-15.99976, -15.99976, -15.99976]},
			"faces": {
				"north": {"uv": [2.625, 7.5, 2.75, 9.25], "texture": "#0"},
				"east": {"uv": [0.75, 5.25, 1, 7], "texture": "#0"},
				"south": {"uv": [3, 7.5, 3.125, 9.25], "texture": "#0"},
				"west": {"uv": [1, 5.25, 1.25, 7], "texture": "#0"},
				"up": {"uv": [4.125, 10, 4, 9.75], "texture": "#0"},
				"down": {"uv": [4.25, 9.75, 4.125, 10], "texture": "#0"}
			}
		},
		{
			"name": "voxel",
			"from": [-6.99985, -12.99979, 5.00003],
			"to": [-3.99988, 28.99979, 10.99997],
			"rotation": {"angle": 0, "axis": "y", "origin": [-15.99976, -15.99976, -15.99976]},
			"faces": {
				"north": {"uv": [3.125, 7.5, 3.25, 9.25], "texture": "#0"},
				"east": {"uv": [1.25, 5.25, 1.5, 7], "texture": "#0"},
				"south": {"uv": [3.25, 7.5, 3.375, 9.25], "texture": "#0"},
				"west": {"uv": [5.25, 3.5, 5.5, 5.25], "texture": "#0"},
				"up": {"uv": [9.875, 4.375, 9.75, 4.125], "texture": "#0"},
				"down": {"uv": [4.375, 9.75, 4.25, 10], "texture": "#0"}
			}
		},
		{
			"name": "voxel",
			"from": [13.99994, -12.99979, 2.00006],
			"to": [16.99991, 28.99979, 5.00003],
			"rotation": {"angle": 0, "axis": "y", "origin": [-15.99976, -15.99976, -15.99976]},
			"faces": {
				"north": {"uv": [3.375, 7.5, 3.5, 9.25], "texture": "#0"},
				"east": {"uv": [7.5, 3.5, 7.625, 5.25], "texture": "#0"},
				"south": {"uv": [4, 7.5, 4.125, 9.25], "texture": "#0"},
				"west": {"uv": [4.125, 7.5, 4.25, 9.25], "texture": "#0"},
				"up": {"uv": [3.75, 10, 3.625, 9.875], "texture": "#0"},
				"down": {"uv": [10, 3.625, 9.875, 3.75], "texture": "#0"}
			}
		},
		{
			"name": "voxel",
			"from": [-0.99991, -12.99979, 2.00006],
			"to": [2.00006, 28.99979, 5.00003],
			"rotation": {"angle": 0, "axis": "y", "origin": [-15.99976, -15.99976, -15.99976]},
			"faces": {
				"north": {"uv": [4.25, 7.5, 4.375, 9.25], "texture": "#0"},
				"east": {"uv": [4.375, 7.5, 4.5, 9.25], "texture": "#0"},
				"south": {"uv": [7.5, 5.25, 7.625, 7], "texture": "#0"},
				"west": {"uv": [6, 7.5, 6.125, 9.25], "texture": "#0"},
				"up": {"uv": [10, 3.875, 9.875, 3.75], "texture": "#0"},
				"down": {"uv": [10, 3.875, 9.875, 4], "texture": "#0"}
			}
		},
		{
			"name": "voxel",
			"from": [16.99991, -12.99979, -0.99991],
			"to": [19.99988, 28.99979, 16.99991],
			"rotation": {"angle": 0, "axis": "y", "origin": [-15.99976, -15.99976, -15.99976]},
			"faces": {
				"north": {"uv": [6.125, 7.5, 6.25, 9.25], "texture": "#0"},
				"east": {"uv": [1.5, 0, 2.25, 1.75], "texture": "#0"},
				"south": {"uv": [6.5, 7.5, 6.625, 9.25], "texture": "#0"},
				"west": {"uv": [1.5, 1.75, 2.25, 3.5], "texture": "#0"},
				"up": {"uv": [9.375, 3.75, 9.25, 3], "texture": "#0"},
				"down": {"uv": [3.25, 9.25, 3.125, 10], "texture": "#0"}
			}
		},
		{
			"name": "voxel",
			"from": [-3.99988, -12.99979, -0.99991],
			"to": [-0.99991, 28.99979, 16.99991],
			"rotation": {"angle": 0, "axis": "y", "origin": [-15.99976, -15.99976, -15.99976]},
			"faces": {
				"north": {"uv": [6.625, 7.5, 6.75, 9.25], "texture": "#0"},
				"east": {"uv": [0, 2, 0.75, 3.75], "texture": "#0"},
				"south": {"uv": [6.75, 7.5, 6.875, 9.25], "texture": "#0"},
				"west": {"uv": [0.75, 2, 1.5, 3.75], "texture": "#0"},
				"up": {"uv": [3.375, 10, 3.25, 9.25], "texture": "#0"},
				"down": {"uv": [3.5, 9.25, 3.375, 10], "texture": "#0"}
			}
		},
		{
			"name": "voxel",
			"from": [10.99997, -12.99979, -3.99988],
			"to": [16.99991, 28.99979, 2.00006],
			"rotation": {"angle": 0, "axis": "y", "origin": [-15.99976, -15.99976, -15.99976]},
			"faces": {
				"north": {"uv": [5.25, 5.25, 5.5, 7], "texture": "#0"},
				"east": {"uv": [5.375, 0, 5.625, 1.75], "texture": "#0"},
				"south": {"uv": [5.375, 1.75, 5.625, 3.5], "texture": "#0"},
				"west": {"uv": [2.75, 5.5, 3, 7.25], "texture": "#0"},
				"up": {"uv": [9.625, 2, 9.375, 1.75], "texture": "#0"},
				"down": {"uv": [9.625, 2, 9.375, 2.25], "texture": "#0"}
			}
		},
		{
			"name": "voxel",
			"from": [-0.99991, -12.99979, -3.99988],
			"to": [5.00003, 28.99979, 2.00006],
			"rotation": {"angle": 0, "axis": "y", "origin": [-15.99976, -15.99976, -15.99976]},
			"faces": {
				"north": {"uv": [5.5, 3.5, 5.75, 5.25], "texture": "#0"},
				"east": {"uv": [5.5, 5.25, 5.75, 7], "texture": "#0"},
				"south": {"uv": [5.625, 0, 5.875, 1.75], "texture": "#0"},
				"west": {"uv": [5.625, 1.75, 5.875, 3.5], "texture": "#0"},
				"up": {"uv": [9.625, 2.5, 9.375, 2.25], "texture": "#0"},
				"down": {"uv": [9.625, 2.5, 9.375, 2.75], "texture": "#0"}
			}
		},
		{
			"name": "voxel",
			"from": [5.00003, -12.99979, -6.99985],
			"to": [10.99997, 28.99979, -0.99991],
			"rotation": {"angle": 0, "axis": "y", "origin": [-15.99976, -15.99976, -15.99976]},
			"faces": {
				"north": {"uv": [2, 5.75, 2.25, 7.5], "texture": "#0"},
				"east": {"uv": [2.25, 5.75, 2.5, 7.5], "texture": "#0"},
				"south": {"uv": [2.5, 5.75, 2.75, 7.5], "texture": "#0"},
				"west": {"uv": [5.75, 3.5, 6, 5.25], "texture": "#0"},
				"up": {"uv": [9.625, 3, 9.375, 2.75], "texture": "#0"},
				"down": {"uv": [9.625, 3, 9.375, 3.25], "texture": "#0"}
			}
		},
		{
			"name": "voxel",
			"from": [13.99994, -15.99976, 5.00003],
			"to": [16.99991, 31.99976, 10.99997],
			"rotation": {"angle": 0, "axis": "y", "origin": [-15.99976, -15.99976, -15.99976]},
			"faces": {
				"north": {"uv": [7.25, 4, 7.375, 6], "texture": "#0"},
				"east": {"uv": [3.5, 4.5, 3.75, 6.5], "texture": "#0"},
				"south": {"uv": [5, 7.25, 5.125, 9.25], "texture": "#0"},
				"west": {"uv": [4.5, 4.5, 4.75, 6.5], "texture": "#0"},
				"up": {"uv": [4.5, 10, 4.375, 9.75], "texture": "#0"},
				"down": {"uv": [4.625, 9.75, 4.5, 10], "texture": "#0"}
			}
		},
		{
			"name": "voxel",
			"from": [-0.99991, -15.99976, 5.00003],
			"to": [2.00006, 31.99976, 10.99997],
			"rotation": {"angle": 0, "axis": "y", "origin": [-15.99976, -15.99976, -15.99976]},
			"faces": {
				"north": {"uv": [5.125, 7.25, 5.25, 9.25], "texture": "#0"},
				"east": {"uv": [4.75, 4.5, 5, 6.5], "texture": "#0"},
				"south": {"uv": [7.25, 6, 7.375, 8], "texture": "#0"},
				"west": {"uv": [4.875, 0, 5.125, 2], "texture": "#0"},
				"up": {"uv": [4.75, 10, 4.625, 9.75], "texture": "#0"},
				"down": {"uv": [4.875, 9.75, 4.75, 10], "texture": "#0"}
			}
		},
		{
			"name": "voxel",
			"from": [10.99997, -15.99976, 2.00006],
			"to": [13.99994, 31.99976, 13.99994],
			"rotation": {"angle": 0, "axis": "y", "origin": [-15.99976, -15.99976, -15.99976]},
			"faces": {
				"north": {"uv": [6.25, 7.25, 6.375, 9.25], "texture": "#0"},
				"east": {"uv": [2.25, 0, 2.75, 2], "texture": "#0"},
				"south": {"uv": [6.375, 7.25, 6.5, 9.25], "texture": "#0"},
				"west": {"uv": [2.25, 2, 2.75, 4], "texture": "#0"},
				"up": {"uv": [9.5, 3.75, 9.375, 3.25], "texture": "#0"},
				"down": {"uv": [9.5, 3.75, 9.375, 4.25], "texture": "#0"}
			}
		},
		{
			"name": "voxel",
			"from": [2.00006, -15.99976, 2.00006],
			"to": [5.00003, 31.99976, 13.99994],
			"rotation": {"angle": 0, "axis": "y", "origin": [-15.99976, -15.99976, -15.99976]},
			"faces": {
				"north": {"uv": [7.375, 0, 7.5, 2], "texture": "#0"},
				"east": {"uv": [2.75, 0, 3.25, 2], "texture": "#0"},
				"south": {"uv": [7.375, 4, 7.5, 6], "texture": "#0"},
				"west": {"uv": [2.75, 2, 3.25, 4], "texture": "#0"},
				"up": {"uv": [9.5, 4.75, 9.375, 4.25], "texture": "#0"},
				"down": {"uv": [9.5, 4.75, 9.375, 5.25], "texture": "#0"}
			}
		},
		{
			"name": "voxel",
			"from": [5.00003, -15.99976, -0.99991],
			"to": [10.99997, 31.99976, 16.99991],
			"rotation": {"angle": 0, "axis": "y", "origin": [-15.99976, -15.99976, -15.99976]},
			"faces": {
				"north": {"uv": [4.875, 2, 5.125, 4], "texture": "#0"},
				"east": {"uv": [0, 0, 0.75, 2], "texture": "#0"},
				"south": {"uv": [1.5, 5, 1.75, 7], "texture": "#0"},
				"west": {"uv": [0.75, 0, 1.5, 2], "texture": "#0"},
				"up": {"uv": [8.25, 3.75, 8, 3], "texture": "#0"},
				"down": {"uv": [4, 8, 3.75, 8.75], "texture": "#0"}
			}
		}
	],
	"display": {
		"thirdperson_righthand": {
			"rotation": [90, 0, 0],
			"scale": [4, 4, 4]
		}
	},
	"groups": [
		{
			"name": "voxel_file",
			"origin": [8, 8, 8],
			"color": 0,
			"children": [
				0,
				1,
				2,
				3,
				4,
				5,
				6,
				7,
				8,
				9,
				10,
				11,
				12,
				13,
				14,
				15,
				16,
				17,
				18,
				19,
				20,
				21,
				22,
				23,
				24,
				25,
				26,
				27,
				28,
				29,
				30,
				31,
				32,
				33,
				34,
				35,
				36,
				37,
				38,
				39,
				40,
				41,
				42,
				43,
				44,
				45,
				46,
				47,
				48,
				49,
				50,
				51,
				52,
				53,
				54,
				55,
				56,
				57,
				58,
				59,
				60,
				61,
				62,
				63,
				64,
				65,
				66,
				67,
				68,
				69,
				70,
				71,
				72,
				73,
				74,
				75,
				76,
				77,
				78,
				79,
				80,
				81,
				82,
				83,
				84,
				85,
				86,
				87,
				88,
				89,
				90,
				91,
				92,
				93,
				94,
				95,
				96,
				97,
				98,
				99,
				100,
				101,
				102,
				103,
				104,
				105,
				106
			]
		}
	]
}