{
    "parent": "item/handheld_rod",
    "textures": {
        "layer0": "item/red_dye"
    },
	"overrides" :[
        {"predicate":{"custom_model_data":1},"model":"generic:air"},
        {"predicate":{"custom_model_data":2},"model":"generic:blood"},
        {"predicate":{"custom_model_data":3},"model":"generic:tomb/0"},

        {"predicate":{"custom_model_data":11},"model":"generic:kill/1kill"},
        {"predicate":{"custom_model_data":12},"model":"generic:kill/2kill"},
        {"predicate":{"custom_model_data":13},"model":"generic:kill/3kill"},
        {"predicate":{"custom_model_data":14},"model":"generic:kill/4kill"},
        {"predicate":{"custom_model_data":15},"model":"generic:kill/5kill"},
		
		{"predicate":{"custom_model_data":100},"model":"generic:smoke_barrier/0"},
        {"predicate":{"custom_model_data":101},"model":"generic:smoke_barrier/1"},
        {"predicate":{"custom_model_data":102},"model":"generic:smoke_barrier/2"},
        {"predicate":{"custom_model_data":103},"model":"generic:smoke_barrier/3"},
        {"predicate":{"custom_model_data":104},"model":"generic:smoke_barrier/4"},
        {"predicate":{"custom_model_data":105},"model":"generic:smoke_barrier/5"},
        {"predicate":{"custom_model_data":106},"model":"generic:smoke_barrier/6"},
        {"predicate":{"custom_model_data":107},"model":"generic:smoke_barrier/7"},
        {"predicate":{"custom_model_data":108},"model":"generic:smoke_barrier/8"},

        {"predicate":{"custom_model_data":200},"model":"generic:flame/0"},
        {"predicate":{"custom_model_data":201},"model":"generic:flame/1"},
        {"predicate":{"custom_model_data":202},"model":"generic:flame/2"},
        {"predicate":{"custom_model_data":203},"model":"generic:flame/3"},
        {"predicate":{"custom_model_data":204},"model":"generic:flame/4"},
        {"predicate":{"custom_model_data":205},"model":"generic:flame/5"},
        {"predicate":{"custom_model_data":206},"model":"generic:flame/6"},
        {"predicate":{"custom_model_data":207},"model":"generic:flame/7"},
        {"predicate":{"custom_model_data":208},"model":"generic:flame/8"}
	]
}
