{
	"credit": "Made with Blockbench",
	"texture_size": [4, 4],
	"textures": {
		"0": "slot_3:item/knife/0",
		"particle": "slot_3:item/knife/0"
	},
	"elements": [
		{
			"from": [7.8, 2.85, 7.85],
			"to": [8.6, 8.15, 8.05],
			"rotation": {"angle": 0, "axis": "y", "origin": [8, 1, 12.45]},
			"faces": {
				"north": {"uv": [12, 8, 16, 12], "texture": "#0"},
				"east": {"uv": [12, 8, 16, 12], "texture": "#0"},
				"south": {"uv": [12, 8, 16, 12], "texture": "#0"},
				"west": {"uv": [12, 8, 16, 12], "texture": "#0"},
				"up": {"uv": [12, 8, 16, 12], "texture": "#0"},
				"down": {"uv": [12, 8, 16, 12], "texture": "#0"}
			}
		},
		{
			"from": [7.4, 2.85, 7.9],
			"to": [7.8, 8.15, 8],
			"rotation": {"angle": 0, "axis": "y", "origin": [8, 1, 12.45]},
			"faces": {
				"north": {"uv": [12, 12, 16, 16], "texture": "#0"},
				"east": {"uv": [12, 12, 16, 16], "texture": "#0"},
				"south": {"uv": [12, 12, 16, 16], "texture": "#0"},
				"west": {"uv": [12, 12, 16, 16], "texture": "#0"},
				"up": {"uv": [12, 12, 16, 16], "texture": "#0"},
				"down": {"uv": [12, 12, 16, 16], "texture": "#0"}
			}
		},
		{
			"from": [8.39889, 7.87174, 7.9],
			"to": [8.79889, 8.77174, 8],
			"rotation": {"angle": -22.5, "axis": "z", "origin": [8.59889, 10.52174, 7.95]},
			"faces": {
				"north": {"uv": [12, 12, 16, 16], "texture": "#0"},
				"east": {"uv": [12, 12, 16, 16], "texture": "#0"},
				"south": {"uv": [12, 12, 16, 16], "texture": "#0"},
				"west": {"uv": [12, 12, 16, 16], "texture": "#0"},
				"up": {"uv": [12, 12, 16, 16], "texture": "#0"},
				"down": {"uv": [12, 12, 16, 16], "texture": "#0"}
			}
		},
		{
			"from": [8.1101, 8.66433, 7.9],
			"to": [8.5101, 9.36433, 8],
			"rotation": {"angle": -45, "axis": "z", "origin": [8.3101, 9.26433, 7.95]},
			"faces": {
				"north": {"uv": [12, 12, 16, 16], "texture": "#0"},
				"east": {"uv": [12, 12, 16, 16], "texture": "#0"},
				"south": {"uv": [12, 12, 16, 16], "texture": "#0"},
				"west": {"uv": [12, 12, 16, 16], "texture": "#0"},
				"up": {"uv": [12, 12, 16, 16], "texture": "#0"},
				"down": {"uv": [12, 12, 16, 16], "texture": "#0"}
			}
		},
		{
			"from": [8.78366, 7.79521, 7.85],
			"to": [9.28366, 8.54521, 8.05],
			"rotation": {"angle": -22.5, "axis": "z", "origin": [9.18366, 10.44521, 7.95]},
			"faces": {
				"north": {"uv": [12, 8, 16, 12], "texture": "#0"},
				"east": {"uv": [12, 8, 16, 12], "texture": "#0"},
				"south": {"uv": [12, 8, 16, 12], "texture": "#0"},
				"west": {"uv": [12, 8, 16, 12], "texture": "#0"},
				"up": {"uv": [12, 8, 16, 12], "texture": "#0"},
				"down": {"uv": [12, 8, 16, 12], "texture": "#0"}
			}
		},
		{
			"from": [8.69433, 8.5717, 7.875],
			"to": [8.90033, 8.7217, 8.025],
			"rotation": {"angle": 45, "axis": "z", "origin": [8.06933, 8.47168, 7.95]},
			"faces": {
				"north": {"uv": [12, 12, 16, 16], "rotation": 90, "texture": "#0"},
				"east": {"uv": [12, 12, 16, 16], "rotation": 90, "texture": "#0"},
				"south": {"uv": [12, 12, 16, 16], "rotation": 90, "texture": "#0"},
				"west": {"uv": [12, 12, 16, 16], "rotation": 90, "texture": "#0"},
				"up": {"uv": [12, 12, 16, 16], "rotation": 90, "texture": "#0"},
				"down": {"uv": [12, 12, 16, 16], "rotation": 90, "texture": "#0"}
			}
		},
		{
			"from": [8.3, 8.15, 7.85],
			"to": [8.6, 9.05, 8.05],
			"rotation": {"angle": 0, "axis": "y", "origin": [8, 1, 12.45]},
			"faces": {
				"north": {"uv": [12, 8, 16, 12], "texture": "#0"},
				"east": {"uv": [12, 8, 16, 12], "texture": "#0"},
				"south": {"uv": [12, 8, 16, 12], "texture": "#0"},
				"west": {"uv": [12, 8, 16, 12], "texture": "#0"},
				"up": {"uv": [12, 8, 16, 12], "texture": "#0"},
				"down": {"uv": [12, 8, 16, 12], "texture": "#0"}
			}
		},
		{
			"from": [8.15395, 8.8813, 7.85],
			"to": [8.50395, 9.1813, 8.05],
			"rotation": {"angle": 45, "axis": "z", "origin": [8.52895, 8.9313, 7.95]},
			"faces": {
				"north": {"uv": [12, 8, 16, 12], "rotation": 270, "texture": "#0"},
				"east": {"uv": [12, 8, 16, 12], "rotation": 90, "texture": "#0"},
				"south": {"uv": [12, 8, 16, 12], "rotation": 90, "texture": "#0"},
				"west": {"uv": [12, 8, 16, 12], "rotation": 90, "texture": "#0"},
				"up": {"uv": [12, 8, 16, 12], "rotation": 90, "texture": "#0"},
				"down": {"uv": [12, 8, 16, 12], "rotation": 90, "texture": "#0"}
			}
		},
		{
			"from": [8.42689, 9.02867, 7.85],
			"to": [8.48689, 9.12867, 8.05],
			"rotation": {"angle": 0, "axis": "y", "origin": [7.9669, 0.97867, 12.425]},
			"faces": {
				"north": {"uv": [12, 8, 16, 12], "texture": "#0"},
				"east": {"uv": [12, 8, 16, 12], "texture": "#0"},
				"south": {"uv": [12, 8, 16, 12], "texture": "#0"},
				"west": {"uv": [12, 8, 16, 12], "texture": "#0"},
				"up": {"uv": [12, 8, 16, 12], "texture": "#0"},
				"down": {"uv": [12, 8, 16, 12], "texture": "#0"}
			}
		},
		{
			"from": [8.37858, 9.06878, 7.85],
			"to": [8.47858, 9.16878, 8.05],
			"rotation": {"angle": 22.5, "axis": "z", "origin": [8.55358, 9.01878, 7.95]},
			"faces": {
				"north": {"uv": [12, 8, 16, 12], "rotation": 270, "texture": "#0"},
				"east": {"uv": [12, 8, 16, 12], "rotation": 90, "texture": "#0"},
				"south": {"uv": [12, 8, 16, 12], "rotation": 90, "texture": "#0"},
				"west": {"uv": [12, 8, 16, 12], "rotation": 90, "texture": "#0"},
				"up": {"uv": [12, 8, 16, 12], "rotation": 90, "texture": "#0"},
				"down": {"uv": [12, 8, 16, 12], "rotation": 90, "texture": "#0"}
			}
		},
		{
			"from": [8.48621, 9.03001, 7.85],
			"to": [8.58621, 9.13001, 8.05],
			"rotation": {"angle": 0, "axis": "y", "origin": [7.98621, 0.98001, 12.425]},
			"faces": {
				"north": {"uv": [12, 8, 16, 12], "texture": "#0"},
				"east": {"uv": [12, 8, 16, 12], "texture": "#0"},
				"south": {"uv": [12, 8, 16, 12], "texture": "#0"},
				"west": {"uv": [12, 8, 16, 12], "texture": "#0"},
				"up": {"uv": [12, 8, 16, 12], "texture": "#0"},
				"down": {"uv": [12, 8, 16, 12], "texture": "#0"}
			}
		},
		{
			"from": [7.5, -0.55, 7.65],
			"to": [8.5, 2.55, 8.25],
			"rotation": {"angle": 0, "axis": "x", "origin": [8, 1, 12.45]},
			"faces": {
				"north": {"uv": [0, 0, 4, 4], "rotation": 180, "texture": "#0"},
				"east": {"uv": [0, 0, 4, 4], "rotation": 270, "texture": "#0"},
				"south": {"uv": [0, 0, 4, 4], "texture": "#0"},
				"west": {"uv": [0, 0, 4, 4], "rotation": 90, "texture": "#0"},
				"up": {"uv": [0, 0, 4, 4], "rotation": 180, "texture": "#0"},
				"down": {"uv": [0, 0, 4, 4], "texture": "#0"}
			}
		},
		{
			"from": [7.3, -0.85, 7.35],
			"to": [8.7, -0.55, 8.55],
			"rotation": {"angle": 0, "axis": "x", "origin": [8, 1, 12.45]},
			"faces": {
				"north": {"uv": [12, 0, 16, 4], "rotation": 180, "texture": "#0"},
				"east": {"uv": [12, 0, 16, 4], "rotation": 270, "texture": "#0"},
				"south": {"uv": [12, 0, 16, 4], "texture": "#0"},
				"west": {"uv": [12, 0, 16, 4], "rotation": 90, "texture": "#0"},
				"up": {"uv": [12, 0, 16, 4], "rotation": 180, "texture": "#0"},
				"down": {"uv": [12, 0, 16, 4], "texture": "#0"}
			}
		},
		{
			"from": [7, 2.55, 7.25],
			"to": [9, 2.85, 8.65],
			"rotation": {"angle": 0, "axis": "x", "origin": [8, 1, 12.45]},
			"faces": {
				"north": {"uv": [12, 0, 16, 4], "rotation": 180, "texture": "#0"},
				"east": {"uv": [12, 0, 16, 4], "rotation": 270, "texture": "#0"},
				"south": {"uv": [12, 0, 16, 4], "texture": "#0"},
				"west": {"uv": [12, 0, 16, 4], "rotation": 90, "texture": "#0"},
				"up": {"uv": [12, 0, 16, 4], "rotation": 180, "texture": "#0"},
				"down": {"uv": [12, 0, 16, 4], "texture": "#0"}
			}
		},
		{
			"from": [8.60607, 2.55, 7.69896],
			"to": [9.59607, 2.85, 8.39896],
			"rotation": {"angle": 45, "axis": "y", "origin": [9.10607, 2.75, 8.04896]},
			"faces": {
				"north": {"uv": [12, 0, 16, 4], "rotation": 180, "texture": "#0"},
				"east": {"uv": [12, 0, 16, 4], "rotation": 270, "texture": "#0"},
				"south": {"uv": [12, 0, 16, 4], "texture": "#0"},
				"west": {"uv": [12, 0, 16, 4], "rotation": 90, "texture": "#0"},
				"up": {"uv": [12, 0, 16, 4], "rotation": 180, "texture": "#0"},
				"down": {"uv": [12, 0, 16, 4], "texture": "#0"}
			}
		},
		{
			"from": [6.47499, 2.55, 7.52747],
			"to": [7.17499, 2.85, 8.51747],
			"rotation": {"angle": 45, "axis": "y", "origin": [6.89747, 2.75, 7.95]},
			"faces": {
				"north": {"uv": [12, 0, 16, 4], "rotation": 270, "texture": "#0"},
				"east": {"uv": [12, 0, 16, 4], "texture": "#0"},
				"south": {"uv": [12, 0, 16, 4], "rotation": 90, "texture": "#0"},
				"west": {"uv": [12, 0, 16, 4], "rotation": 180, "texture": "#0"},
				"up": {"uv": [12, 0, 16, 4], "rotation": 90, "texture": "#0"},
				"down": {"uv": [12, 0, 16, 4], "rotation": 90, "texture": "#0"}
			}
		},
		{
			"from": [6.47494, 2.55, 7.52753],
			"to": [7.46494, 2.85, 8.22753],
			"rotation": {"angle": 45, "axis": "y", "origin": [6.89747, 2.75, 7.95]},
			"faces": {
				"north": {"uv": [12, 0, 16, 4], "texture": "#0"},
				"east": {"uv": [12, 0, 16, 4], "rotation": 90, "texture": "#0"},
				"south": {"uv": [12, 0, 16, 4], "rotation": 180, "texture": "#0"},
				"west": {"uv": [12, 0, 16, 4], "rotation": 270, "texture": "#0"},
				"up": {"uv": [12, 0, 16, 4], "texture": "#0"},
				"down": {"uv": [12, 0, 16, 4], "rotation": 180, "texture": "#0"}
			}
		},
		{
			"from": [8.60607, 2.55, 7.50104],
			"to": [9.59607, 2.85, 8.20104],
			"rotation": {"angle": -45, "axis": "y", "origin": [9.10607, 2.75, 7.85104]},
			"faces": {
				"north": {"uv": [12, 0, 16, 4], "rotation": 180, "texture": "#0"},
				"east": {"uv": [12, 0, 16, 4], "rotation": 270, "texture": "#0"},
				"south": {"uv": [12, 0, 16, 4], "texture": "#0"},
				"west": {"uv": [12, 0, 16, 4], "rotation": 90, "texture": "#0"},
				"up": {"uv": [12, 0, 16, 4], "rotation": 180, "texture": "#0"},
				"down": {"uv": [12, 0, 16, 4], "texture": "#0"}
			}
		}
	],
	"display": {
		"thirdperson_righthand": {
			"rotation": [-180, 90, 0],
			"translation": [0, -9.5, 1]
		},
		"thirdperson_lefthand": {
			"scale": [0, 0, 0]
		},
		"firstperson_righthand": {
			"rotation": [-80, 25, -90],
			"translation": [14.5, 9, 2]
		},
		"firstperson_lefthand": {
			"scale": [0, 0, 0]
		},
		"ground": {
			"rotation": [90, 0, 90],
			"translation": [-4.5, 0, 0]
		},
		"gui": {
			"rotation": [-180, -180, -45],
			"translation": [-5.5, -6, 0],
			"scale": [2, 2, 2]
		},
		"head": {
			"rotation": [90, 0, 90],
			"translation": [-4, -42, 0]
		},
		"fixed": {
			"scale": [0, 0, 0]
		}
	},
	"groups": [
		{
			"name": "group",
			"origin": [7.98621, 0.98001, 12.425],
			"color": 0,
			"nbt": "{}",
			"armAnimationEnabled": false,
			"children": [0, 1, 2, 3, 4, 5, 6, 7, 8, 9, 10]
		},
		{
			"name": "group",
			"origin": [9.10607, 2.75, 7.85104],
			"color": 0,
			"nbt": "{}",
			"armAnimationEnabled": false,
			"children": [11, 12, 13, 14, 15, 16, 17]
		}
	]
}