{
	"credit": "Made with Blockbench",
	"textures": {
		"1": "slot_3:item/zeus/0"
	},
	"elements": [
		{
			"from": [7, 5, 9.1],
			"to": [9, 7, 12.4],
			"rotation": {"angle": 0, "axis": "y", "origin": [0, 2, 0.4]},
			"faces": {
				"north": {"uv": [12, 0, 16, 4], "texture": "#1"},
				"east": {"uv": [12, 0, 16, 4], "texture": "#1"},
				"south": {"uv": [12, 0, 16, 4], "texture": "#1"},
				"west": {"uv": [12, 0, 16, 4], "texture": "#1"},
				"up": {"uv": [12, 0, 16, 4], "texture": "#1"},
				"down": {"uv": [12, 0, 16, 4], "texture": "#1"}
			}
		},
		{
			"from": [7, 5, 6.8],
			"to": [9, 7, 9.1],
			"rotation": {"angle": 0, "axis": "y", "origin": [0, 2, 0.4]},
			"faces": {
				"north": {"uv": [12, 8, 16, 12], "texture": "#1"},
				"east": {"uv": [12, 8, 16, 12], "texture": "#1"},
				"south": {"uv": [12, 8, 16, 12], "texture": "#1"},
				"west": {"uv": [12, 8, 16, 12], "texture": "#1"},
				"up": {"uv": [12, 8, 16, 12], "texture": "#1"},
				"down": {"uv": [12, 8, 16, 12], "texture": "#1"}
			}
		},
		{
			"from": [7, 7, 9.1],
			"to": [9, 7.5, 10.3],
			"rotation": {"angle": 0, "axis": "y", "origin": [0, 2.5, -2]},
			"faces": {
				"north": {"uv": [12, 0, 16, 4], "texture": "#1"},
				"east": {"uv": [12, 0, 16, 4], "texture": "#1"},
				"south": {"uv": [12, 0, 16, 4], "texture": "#1"},
				"west": {"uv": [12, 0, 16, 4], "texture": "#1"},
				"up": {"uv": [12, 0, 16, 4], "texture": "#1"},
				"down": {"uv": [12, 0, 16, 4], "texture": "#1"}
			}
		},
		{
			"from": [7, 7, 6.8],
			"to": [9, 7.5, 9.1],
			"rotation": {"angle": 0, "axis": "y", "origin": [0, 2.5, -2]},
			"faces": {
				"north": {"uv": [12, 8, 16, 12], "texture": "#1"},
				"east": {"uv": [12, 8, 16, 12], "texture": "#1"},
				"south": {"uv": [12, 8, 16, 12], "texture": "#1"},
				"west": {"uv": [12, 8, 16, 12], "texture": "#1"},
				"up": {"uv": [12, 8, 16, 12], "texture": "#1"},
				"down": {"uv": [12, 8, 16, 12], "texture": "#1"}
			}
		},
		{
			"from": [7, 3.5, 5.9],
			"to": [9, 5, 8.1],
			"rotation": {"angle": 0, "axis": "y", "origin": [0, 2, 0.4]},
			"faces": {
				"north": {"uv": [12, 4, 16, 8], "texture": "#1"},
				"east": {"uv": [12, 4, 16, 8], "texture": "#1"},
				"south": {"uv": [12, 4, 16, 8], "texture": "#1"},
				"west": {"uv": [12, 4, 16, 8], "texture": "#1"},
				"up": {"uv": [12, 4, 16, 8], "texture": "#1"},
				"down": {"uv": [12, 4, 16, 8], "texture": "#1"}
			}
		},
		{
			"from": [9, 3.9, 7.6],
			"to": [9.02, 4.6, 8.1],
			"rotation": {"angle": 0, "axis": "y", "origin": [0, 2, 0.4]},
			"faces": {
				"north": {"uv": [12, 4, 16, 8], "texture": "#1"},
				"east": {"uv": [12, 4, 16, 8], "texture": "#1"},
				"south": {"uv": [12, 4, 16, 8], "texture": "#1"},
				"west": {"uv": [12, 4, 16, 8], "texture": "#1"},
				"up": {"uv": [12, 4, 16, 8], "texture": "#1"},
				"down": {"uv": [12, 4, 16, 8], "texture": "#1"}
			}
		},
		{
			"from": [9, 4.6, 5.9],
			"to": [9.02, 5, 8.1],
			"rotation": {"angle": 0, "axis": "y", "origin": [0, 2, 0.4]},
			"faces": {
				"north": {"uv": [12, 4, 16, 8], "texture": "#1"},
				"east": {"uv": [12, 4, 16, 8], "texture": "#1"},
				"south": {"uv": [12, 4, 16, 8], "texture": "#1"},
				"west": {"uv": [12, 4, 16, 8], "texture": "#1"},
				"up": {"uv": [12, 4, 16, 8], "texture": "#1"},
				"down": {"uv": [12, 4, 16, 8], "texture": "#1"}
			}
		},
		{
			"from": [9, 4.2, 6.2],
			"to": [9.01, 4.6, 7.6],
			"rotation": {"angle": -45, "axis": "x", "origin": [8, 4.25, 7]},
			"faces": {
				"north": {"uv": [8, 8, 12, 12], "texture": "#1"},
				"east": {"uv": [8, 8, 12, 12], "rotation": 90, "texture": "#1"},
				"south": {"uv": [8, 8, 12, 12], "texture": "#1"},
				"west": {"uv": [8, 8, 12, 12], "texture": "#1"},
				"up": {"uv": [8, 8, 12, 12], "texture": "#1"},
				"down": {"uv": [8, 8, 12, 12], "texture": "#1"}
			}
		},
		{
			"from": [9, 3.8, 6.5],
			"to": [9.01, 4.2, 7.7],
			"rotation": {"angle": -45, "axis": "x", "origin": [8, 4.25, 7]},
			"faces": {
				"north": {"uv": [8, 8, 12, 12], "texture": "#1"},
				"east": {"uv": [8, 8, 12, 12], "rotation": 90, "texture": "#1"},
				"south": {"uv": [8, 8, 12, 12], "texture": "#1"},
				"west": {"uv": [8, 8, 12, 12], "texture": "#1"},
				"up": {"uv": [8, 8, 12, 12], "texture": "#1"},
				"down": {"uv": [8, 8, 12, 12], "texture": "#1"}
			}
		},
		{
			"from": [9, 3.4, 6.9],
			"to": [9.01, 3.8, 7.5],
			"rotation": {"angle": -45, "axis": "x", "origin": [8, 4.25, 7]},
			"faces": {
				"north": {"uv": [8, 8, 12, 12], "texture": "#1"},
				"east": {"uv": [8, 8, 12, 12], "rotation": 90, "texture": "#1"},
				"south": {"uv": [8, 8, 12, 12], "texture": "#1"},
				"west": {"uv": [8, 8, 12, 12], "texture": "#1"},
				"up": {"uv": [8, 8, 12, 12], "texture": "#1"},
				"down": {"uv": [8, 8, 12, 12], "texture": "#1"}
			}
		},
		{
			"from": [9, 4.6, 6.4],
			"to": [9.01, 5, 7.2],
			"rotation": {"angle": -45, "axis": "x", "origin": [8, 4.25, 7]},
			"faces": {
				"north": {"uv": [8, 8, 12, 12], "texture": "#1"},
				"east": {"uv": [8, 8, 12, 12], "rotation": 90, "texture": "#1"},
				"south": {"uv": [8, 8, 12, 12], "texture": "#1"},
				"west": {"uv": [8, 8, 12, 12], "texture": "#1"},
				"up": {"uv": [8, 8, 12, 12], "texture": "#1"},
				"down": {"uv": [8, 8, 12, 12], "texture": "#1"}
			}
		},
		{
			"from": [9, 3.9, 5.9],
			"to": [9.02, 4.6, 6.4],
			"rotation": {"angle": 0, "axis": "y", "origin": [0, 2, 0.4]},
			"faces": {
				"north": {"uv": [12, 4, 16, 8], "texture": "#1"},
				"east": {"uv": [12, 4, 16, 8], "texture": "#1"},
				"south": {"uv": [12, 4, 16, 8], "texture": "#1"},
				"west": {"uv": [12, 4, 16, 8], "texture": "#1"},
				"up": {"uv": [12, 4, 16, 8], "texture": "#1"},
				"down": {"uv": [12, 4, 16, 8], "texture": "#1"}
			}
		},
		{
			"from": [9, 3.5, 5.9],
			"to": [9.02, 3.9, 8.1],
			"rotation": {"angle": 0, "axis": "y", "origin": [0, 2, 0.4]},
			"faces": {
				"north": {"uv": [12, 4, 16, 8], "texture": "#1"},
				"east": {"uv": [12, 4, 16, 8], "texture": "#1"},
				"south": {"uv": [12, 4, 16, 8], "texture": "#1"},
				"west": {"uv": [12, 4, 16, 8], "texture": "#1"},
				"up": {"uv": [12, 4, 16, 8], "texture": "#1"},
				"down": {"uv": [12, 4, 16, 8], "texture": "#1"}
			}
		},
		{
			"from": [6.98, 3.9, 7.6],
			"to": [7, 4.6, 8.1],
			"rotation": {"angle": 0, "axis": "y", "origin": [-2.02, 2, 0.4]},
			"faces": {
				"north": {"uv": [12, 4, 16, 8], "texture": "#1"},
				"east": {"uv": [12, 4, 16, 8], "texture": "#1"},
				"south": {"uv": [12, 4, 16, 8], "texture": "#1"},
				"west": {"uv": [12, 4, 16, 8], "texture": "#1"},
				"up": {"uv": [12, 4, 16, 8], "texture": "#1"},
				"down": {"uv": [12, 4, 16, 8], "texture": "#1"}
			}
		},
		{
			"from": [6.98, 4.6, 5.9],
			"to": [7, 5, 8.1],
			"rotation": {"angle": 0, "axis": "y", "origin": [-2.02, 2, 0.4]},
			"faces": {
				"north": {"uv": [12, 4, 16, 8], "texture": "#1"},
				"east": {"uv": [12, 4, 16, 8], "texture": "#1"},
				"south": {"uv": [12, 4, 16, 8], "texture": "#1"},
				"west": {"uv": [12, 4, 16, 8], "texture": "#1"},
				"up": {"uv": [12, 4, 16, 8], "texture": "#1"},
				"down": {"uv": [12, 4, 16, 8], "texture": "#1"}
			}
		},
		{
			"from": [6.99, 4.2, 6.2],
			"to": [7, 4.6, 7.6],
			"rotation": {"angle": -45, "axis": "x", "origin": [5.98, 4.25, 7]},
			"faces": {
				"north": {"uv": [12, 0, 16, 4], "texture": "#1"},
				"east": {"uv": [8, 8, 12, 12], "rotation": 90, "texture": "#1"},
				"south": {"uv": [12, 0, 16, 4], "texture": "#1"},
				"west": {"uv": [8, 8, 12, 12], "rotation": 90, "texture": "#1"},
				"up": {"uv": [12, 0, 16, 4], "texture": "#1"},
				"down": {"uv": [8, 8, 12, 12], "texture": "#1"}
			}
		},
		{
			"from": [6.99, 3.8, 6.5],
			"to": [7, 4.2, 7.7],
			"rotation": {"angle": -45, "axis": "x", "origin": [5.98, 4.25, 7]},
			"faces": {
				"north": {"uv": [12, 0, 16, 4], "texture": "#1"},
				"east": {"uv": [8, 8, 12, 12], "rotation": 90, "texture": "#1"},
				"south": {"uv": [12, 0, 16, 4], "texture": "#1"},
				"west": {"uv": [8, 8, 12, 12], "rotation": 90, "texture": "#1"},
				"up": {"uv": [12, 0, 16, 4], "texture": "#1"},
				"down": {"uv": [8, 8, 12, 12], "texture": "#1"}
			}
		},
		{
			"from": [6.99, 3.4, 6.9],
			"to": [7, 3.8, 7.5],
			"rotation": {"angle": -45, "axis": "x", "origin": [5.98, 4.25, 7]},
			"faces": {
				"north": {"uv": [12, 0, 16, 4], "texture": "#1"},
				"east": {"uv": [8, 8, 12, 12], "rotation": 90, "texture": "#1"},
				"south": {"uv": [12, 0, 16, 4], "texture": "#1"},
				"west": {"uv": [8, 8, 12, 12], "rotation": 90, "texture": "#1"},
				"up": {"uv": [12, 0, 16, 4], "texture": "#1"},
				"down": {"uv": [8, 8, 12, 12], "texture": "#1"}
			}
		},
		{
			"from": [6.99, 4.6, 6.4],
			"to": [7, 5, 7.2],
			"rotation": {"angle": -45, "axis": "x", "origin": [5.98, 4.25, 7]},
			"faces": {
				"north": {"uv": [12, 0, 16, 4], "texture": "#1"},
				"east": {"uv": [8, 8, 12, 12], "rotation": 90, "texture": "#1"},
				"south": {"uv": [12, 0, 16, 4], "texture": "#1"},
				"west": {"uv": [8, 8, 12, 12], "rotation": 90, "texture": "#1"},
				"up": {"uv": [12, 0, 16, 4], "texture": "#1"},
				"down": {"uv": [8, 8, 12, 12], "texture": "#1"}
			}
		},
		{
			"from": [6.98, 3.9, 5.9],
			"to": [7, 4.6, 6.4],
			"rotation": {"angle": 0, "axis": "y", "origin": [-2.02, 2, 0.4]},
			"faces": {
				"north": {"uv": [12, 4, 16, 8], "texture": "#1"},
				"east": {"uv": [12, 4, 16, 8], "texture": "#1"},
				"south": {"uv": [12, 4, 16, 8], "texture": "#1"},
				"west": {"uv": [12, 4, 16, 8], "texture": "#1"},
				"up": {"uv": [12, 4, 16, 8], "texture": "#1"},
				"down": {"uv": [12, 4, 16, 8], "texture": "#1"}
			}
		},
		{
			"from": [6.98, 3.5, 5.9],
			"to": [7, 3.9, 8.1],
			"rotation": {"angle": 0, "axis": "y", "origin": [-2.02, 2, 0.4]},
			"faces": {
				"north": {"uv": [12, 4, 16, 8], "texture": "#1"},
				"east": {"uv": [12, 4, 16, 8], "texture": "#1"},
				"south": {"uv": [12, 4, 16, 8], "texture": "#1"},
				"west": {"uv": [12, 4, 16, 8], "texture": "#1"},
				"up": {"uv": [12, 4, 16, 8], "texture": "#1"},
				"down": {"uv": [12, 4, 16, 8], "texture": "#1"}
			}
		},
		{
			"from": [7.5, 3.51585, 8.44651],
			"to": [8.5, 3.71585, 11.24651],
			"rotation": {"angle": 0, "axis": "y", "origin": [0, 2.21585, 0.64651]},
			"faces": {
				"north": {"uv": [12, 0, 16, 4], "texture": "#1"},
				"east": {"uv": [12, 0, 16, 4], "texture": "#1"},
				"south": {"uv": [12, 0, 16, 4], "texture": "#1"},
				"west": {"uv": [12, 0, 16, 4], "texture": "#1"},
				"up": {"uv": [12, 0, 16, 4], "texture": "#1"},
				"down": {"uv": [12, 0, 16, 4], "texture": "#1"}
			}
		},
		{
			"from": [7.5, 3.52789, 7.7375],
			"to": [8.5, 3.72789, 7.9375],
			"rotation": {"angle": -22.5, "axis": "x", "origin": [8, 4.87789, 7.8375]},
			"faces": {
				"north": {"uv": [12, 0, 16, 4], "rotation": 180, "texture": "#1"},
				"east": {"uv": [12, 0, 16, 4], "rotation": 90, "texture": "#1"},
				"south": {"uv": [12, 0, 16, 4], "texture": "#1"},
				"west": {"uv": [12, 0, 16, 4], "rotation": 270, "texture": "#1"},
				"up": {"uv": [12, 0, 16, 4], "texture": "#1"},
				"down": {"uv": [12, 0, 16, 4], "rotation": 180, "texture": "#1"}
			}
		},
		{
			"from": [7.5, 3.54651, 8.29239],
			"to": [8.5, 3.74651, 8.49239],
			"rotation": {"angle": 22.5, "axis": "x", "origin": [8, 3.64651, 8.39239]},
			"faces": {
				"north": {"uv": [12, 0, 16, 4], "rotation": 180, "texture": "#1"},
				"east": {"uv": [12, 0, 16, 4], "rotation": 180, "texture": "#1"},
				"south": {"uv": [12, 0, 16, 4], "rotation": 180, "texture": "#1"},
				"west": {"uv": [12, 0, 16, 4], "rotation": 180, "texture": "#1"},
				"up": {"uv": [12, 0, 16, 4], "texture": "#1"},
				"down": {"uv": [12, 0, 16, 4], "texture": "#1"}
			}
		},
		{
			"from": [7.5, 3.77716, 8.18519],
			"to": [8.5, 5.27716, 8.38519],
			"rotation": {"angle": 0, "axis": "x", "origin": [8, 3.92716, 8.28519]},
			"faces": {
				"north": {"uv": [12, 0, 16, 4], "rotation": 180, "texture": "#1"},
				"east": {"uv": [12, 0, 16, 4], "rotation": 90, "texture": "#1"},
				"south": {"uv": [12, 0, 16, 4], "texture": "#1"},
				"west": {"uv": [12, 0, 16, 4], "rotation": 270, "texture": "#1"},
				"up": {"uv": [12, 0, 16, 4], "texture": "#1"},
				"down": {"uv": [12, 0, 16, 4], "rotation": 180, "texture": "#1"}
			}
		},
		{
			"from": [7.9, 4.67716, 9.88519],
			"to": [8.1, 5.17716, 10.28519],
			"rotation": {"angle": -22.5, "axis": "x", "origin": [8, 4.97716, 10.18519]},
			"faces": {
				"north": {"uv": [12, 4, 16, 8], "rotation": 90, "texture": "#1"},
				"east": {"uv": [12, 4, 16, 8], "rotation": 90, "texture": "#1"},
				"south": {"uv": [12, 4, 16, 8], "rotation": 90, "texture": "#1"},
				"west": {"uv": [12, 4, 16, 8], "rotation": 90, "texture": "#1"},
				"up": {"uv": [12, 4, 16, 8], "rotation": 90, "texture": "#1"},
				"down": {"uv": [12, 4, 16, 8], "rotation": 90, "texture": "#1"}
			}
		},
		{
			"from": [7.9, 4.36173, 10.00761],
			"to": [8.1, 4.86173, 10.50761],
			"rotation": {"angle": 0, "axis": "x", "origin": [8, 4.56173, 10.10761]},
			"faces": {
				"north": {"uv": [12, 4, 16, 8], "rotation": 90, "texture": "#1"},
				"east": {"uv": [12, 4, 16, 8], "rotation": 90, "texture": "#1"},
				"south": {"uv": [12, 4, 16, 8], "rotation": 90, "texture": "#1"},
				"west": {"uv": [12, 4, 16, 8], "rotation": 90, "texture": "#1"},
				"up": {"uv": [12, 4, 16, 8], "rotation": 90, "texture": "#1"},
				"down": {"uv": [12, 4, 16, 8], "rotation": 90, "texture": "#1"}
			}
		},
		{
			"from": [7.9, 4.10761, 9.97696],
			"to": [8.1, 4.50761, 10.34696],
			"rotation": {"angle": 22.5, "axis": "x", "origin": [8, 4.30761, 10.07696]},
			"faces": {
				"north": {"uv": [12, 4, 16, 8], "rotation": 90, "texture": "#1"},
				"east": {"uv": [12, 4, 16, 8], "rotation": 90, "texture": "#1"},
				"south": {"uv": [12, 4, 16, 8], "rotation": 90, "texture": "#1"},
				"west": {"uv": [12, 4, 16, 8], "rotation": 90, "texture": "#1"},
				"up": {"uv": [12, 4, 16, 8], "rotation": 90, "texture": "#1"},
				"down": {"uv": [12, 4, 16, 8], "rotation": 90, "texture": "#1"}
			}
		},
		{
			"from": [7.9, 3.89921, 9.81603],
			"to": [8.1, 4.29921, 10.01603],
			"rotation": {"angle": 45, "axis": "x", "origin": [8, 4.04921, 9.91603]},
			"faces": {
				"north": {"uv": [12, 4, 16, 8], "rotation": 90, "texture": "#1"},
				"east": {"uv": [12, 4, 16, 8], "rotation": 90, "texture": "#1"},
				"south": {"uv": [12, 4, 16, 8], "rotation": 90, "texture": "#1"},
				"west": {"uv": [12, 4, 16, 8], "rotation": 90, "texture": "#1"},
				"up": {"uv": [12, 4, 16, 8], "rotation": 90, "texture": "#1"},
				"down": {"uv": [12, 4, 16, 8], "rotation": 90, "texture": "#1"}
			}
		},
		{
			"from": [7.9, 3.94136, 9.82718],
			"to": [8.1, 4.14136, 10.22718],
			"rotation": {"angle": -22.5, "axis": "x", "origin": [8, 4.04136, 10.02718]},
			"faces": {
				"north": {"uv": [12, 4, 16, 8], "texture": "#1"},
				"east": {"uv": [12, 4, 16, 8], "texture": "#1"},
				"south": {"uv": [12, 4, 16, 8], "texture": "#1"},
				"west": {"uv": [12, 4, 16, 8], "texture": "#1"},
				"up": {"uv": [12, 4, 16, 8], "texture": "#1"},
				"down": {"uv": [12, 4, 16, 8], "texture": "#1"}
			}
		},
		{
			"from": [7, 5, 2.7],
			"to": [9, 7, 3],
			"rotation": {"angle": 0, "axis": "y", "origin": [0, 2, 0]},
			"faces": {
				"north": {"uv": [0, 8, 8, 16], "texture": "#1"},
				"east": {"uv": [12, 8, 16, 12], "texture": "#1"},
				"south": {"uv": [12, 8, 16, 12], "texture": "#1"},
				"west": {"uv": [12, 8, 16, 12], "texture": "#1"},
				"up": {"uv": [12, 8, 16, 12], "texture": "#1"},
				"down": {"uv": [12, 8, 16, 12], "texture": "#1"}
			}
		},
		{
			"from": [7, 7, 2.8],
			"to": [9, 7.3, 6.8],
			"rotation": {"angle": 0, "axis": "y", "origin": [0, 2, 0]},
			"faces": {
				"north": {"uv": [12, 8, 16, 12], "texture": "#1"},
				"east": {"uv": [12, 8, 16, 12], "texture": "#1"},
				"south": {"uv": [12, 8, 16, 12], "texture": "#1"},
				"west": {"uv": [12, 8, 16, 12], "texture": "#1"},
				"up": {"uv": [12, 8, 16, 12], "texture": "#1"},
				"down": {"uv": [12, 8, 16, 12], "texture": "#1"}
			}
		},
		{
			"from": [7, 7.3, 2.9],
			"to": [9, 7.4, 6.8],
			"rotation": {"angle": 0, "axis": "y", "origin": [0, 2, 0]},
			"faces": {
				"north": {"uv": [12, 0, 16, 4], "texture": "#1"},
				"east": {"uv": [12, 0, 16, 4], "texture": "#1"},
				"south": {"uv": [12, 0, 16, 4], "texture": "#1"},
				"west": {"uv": [12, 0, 16, 4], "texture": "#1"},
				"up": {"uv": [12, 0, 16, 4], "texture": "#1"},
				"down": {"uv": [12, 0, 16, 4], "texture": "#1"}
			}
		},
		{
			"from": [7, 7.4, 3.1],
			"to": [9, 7.6, 6.8],
			"rotation": {"angle": 0, "axis": "y", "origin": [0, 2, 0]},
			"faces": {
				"north": {"uv": [12, 0, 16, 4], "texture": "#1"},
				"east": {"uv": [12, 0, 16, 4], "texture": "#1"},
				"south": {"uv": [12, 0, 16, 4], "texture": "#1"},
				"west": {"uv": [12, 0, 16, 4], "texture": "#1"},
				"up": {"uv": [12, 0, 16, 4], "texture": "#1"},
				"down": {"uv": [12, 0, 16, 4], "texture": "#1"}
			}
		},
		{
			"from": [7, 4.7, 2.8],
			"to": [9, 5, 5.9],
			"rotation": {"angle": 0, "axis": "y", "origin": [0, 2, 0]},
			"faces": {
				"north": {"uv": [12, 8, 16, 12], "texture": "#1"},
				"east": {"uv": [12, 8, 16, 12], "texture": "#1"},
				"south": {"uv": [12, 8, 16, 12], "texture": "#1"},
				"west": {"uv": [12, 8, 16, 12], "texture": "#1"},
				"up": {"uv": [12, 8, 16, 12], "texture": "#1"},
				"down": {"uv": [12, 8, 16, 12], "texture": "#1"}
			}
		},
		{
			"from": [6.7, 5, 2.8],
			"to": [7, 7, 6.8],
			"rotation": {"angle": 0, "axis": "z", "origin": [8, 6, 2.3]},
			"faces": {
				"north": {"uv": [12, 8, 16, 12], "rotation": 90, "texture": "#1"},
				"east": {"uv": [12, 8, 16, 12], "rotation": 90, "texture": "#1"},
				"south": {"uv": [12, 8, 16, 12], "rotation": 90, "texture": "#1"},
				"west": {"uv": [12, 8, 16, 12], "rotation": 90, "texture": "#1"},
				"up": {"uv": [12, 8, 16, 12], "rotation": 90, "texture": "#1"},
				"down": {"uv": [12, 8, 16, 12], "rotation": 90, "texture": "#1"}
			}
		},
		{
			"from": [9, 5, 2.8],
			"to": [9.3, 7, 6.8],
			"rotation": {"angle": 0, "axis": "z", "origin": [8, 6, 2.3]},
			"faces": {
				"north": {"uv": [12, 8, 16, 12], "rotation": 270, "texture": "#1"},
				"east": {"uv": [12, 8, 16, 12], "rotation": 270, "texture": "#1"},
				"south": {"uv": [12, 8, 16, 12], "rotation": 270, "texture": "#1"},
				"west": {"uv": [12, 8, 16, 12], "rotation": 270, "texture": "#1"},
				"up": {"uv": [12, 8, 16, 12], "rotation": 270, "texture": "#1"},
				"down": {"uv": [12, 8, 16, 12], "rotation": 270, "texture": "#1"}
			}
		},
		{
			"from": [7, 3.64568, 10.82417],
			"to": [9, 6.84568, 13.02417],
			"rotation": {"angle": -22.5, "axis": "x", "origin": [8, 3.84568, 12.22417]},
			"faces": {
				"north": {"uv": [12, 0, 16, 4], "rotation": 270, "texture": "#1"},
				"east": {"uv": [12, 0, 16, 4], "rotation": 270, "texture": "#1"},
				"south": {"uv": [12, 0, 16, 4], "rotation": 270, "texture": "#1"},
				"west": {"uv": [12, 0, 16, 4], "rotation": 270, "texture": "#1"},
				"up": {"uv": [12, 0, 16, 4], "rotation": 270, "texture": "#1"},
				"down": {"uv": [12, 0, 16, 4], "rotation": 270, "texture": "#1"}
			}
		},
		{
			"from": [7.05, 1.03807, 10.7859],
			"to": [8.95, 2.73807, 13.2859],
			"rotation": {"angle": -22.5, "axis": "x", "origin": [8, 3.93807, 12.1859]},
			"faces": {
				"north": {"uv": [12, 0, 16, 4], "rotation": 270, "texture": "#1"},
				"east": {"uv": [12, 0, 16, 4], "rotation": 270, "texture": "#1"},
				"south": {"uv": [12, 0, 16, 4], "rotation": 270, "texture": "#1"},
				"west": {"uv": [12, 0, 16, 4], "rotation": 270, "texture": "#1"},
				"up": {"uv": [12, 0, 16, 4], "rotation": 270, "texture": "#1"},
				"down": {"uv": [12, 0, 16, 4], "rotation": 270, "texture": "#1"}
			}
		},
		{
			"from": [7.05, 2.44568, 10.82417],
			"to": [8.95, 3.64568, 13.12417],
			"rotation": {"angle": -22.5, "axis": "x", "origin": [8, 3.84568, 12.22417]},
			"faces": {
				"north": {"uv": [12, 0, 16, 4], "rotation": 270, "texture": "#1"},
				"east": {"uv": [12, 0, 16, 4], "rotation": 270, "texture": "#1"},
				"south": {"uv": [12, 0, 16, 4], "rotation": 270, "texture": "#1"},
				"west": {"uv": [12, 0, 16, 4], "rotation": 270, "texture": "#1"},
				"up": {"uv": [12, 0, 16, 4], "rotation": 270, "texture": "#1"},
				"down": {"uv": [12, 0, 16, 4], "rotation": 270, "texture": "#1"}
			}
		},
		{
			"from": [7.05, 2.75894, 13.27499],
			"to": [8.95, 3.45894, 13.57499],
			"rotation": {"angle": -45, "axis": "x", "origin": [8, 3.10894, 13.02499]},
			"faces": {
				"north": {"uv": [12, 0, 16, 4], "rotation": 270, "texture": "#1"},
				"east": {"uv": [12, 0, 16, 4], "rotation": 270, "texture": "#1"},
				"south": {"uv": [12, 0, 16, 4], "rotation": 270, "texture": "#1"},
				"west": {"uv": [12, 0, 16, 4], "rotation": 270, "texture": "#1"},
				"up": {"uv": [12, 0, 16, 4], "rotation": 270, "texture": "#1"},
				"down": {"uv": [12, 0, 16, 4], "rotation": 270, "texture": "#1"}
			}
		},
		{
			"from": [7.05, 3.5139, 12.7458],
			"to": [8.95, 4.2139, 13.0458],
			"rotation": {"angle": -45, "axis": "x", "origin": [8, 3.8639, 12.4958]},
			"faces": {
				"north": {"uv": [12, 0, 16, 4], "rotation": 270, "texture": "#1"},
				"east": {"uv": [12, 0, 16, 4], "rotation": 270, "texture": "#1"},
				"south": {"uv": [12, 0, 16, 4], "rotation": 270, "texture": "#1"},
				"west": {"uv": [12, 0, 16, 4], "rotation": 270, "texture": "#1"},
				"up": {"uv": [12, 0, 16, 4], "rotation": 270, "texture": "#1"},
				"down": {"uv": [12, 0, 16, 4], "rotation": 270, "texture": "#1"}
			}
		},
		{
			"from": [7.05, 0.67977, 11.71195],
			"to": [8.95, 1.67977, 14.31195],
			"rotation": {"angle": 0, "axis": "x", "origin": [8, 3.17977, 12.81195]},
			"faces": {
				"north": {"uv": [12, 0, 16, 4], "rotation": 270, "texture": "#1"},
				"east": {"uv": [12, 0, 16, 4], "rotation": 270, "texture": "#1"},
				"south": {"uv": [12, 0, 16, 4], "rotation": 270, "texture": "#1"},
				"west": {"uv": [12, 0, 16, 4], "rotation": 270, "texture": "#1"},
				"up": {"uv": [12, 0, 16, 4], "rotation": 270, "texture": "#1"},
				"down": {"uv": [12, 0, 16, 4], "rotation": 270, "texture": "#1"}
			}
		},
		{
			"from": [7, 5.47157, 10.98579],
			"to": [9, 7.17157, 11.38579],
			"rotation": {"angle": 45, "axis": "x", "origin": [8, 4.17157, 10.98579]},
			"faces": {
				"north": {"uv": [12, 0, 16, 4], "rotation": 90, "texture": "#1"},
				"east": {"uv": [12, 0, 16, 4], "rotation": 90, "texture": "#1"},
				"south": {"uv": [12, 0, 16, 4], "rotation": 90, "texture": "#1"},
				"west": {"uv": [12, 0, 16, 4], "rotation": 90, "texture": "#1"},
				"up": {"uv": [12, 0, 16, 4], "rotation": 90, "texture": "#1"},
				"down": {"uv": [12, 0, 16, 4], "rotation": 90, "texture": "#1"}
			}
		},
		{
			"from": [7, 6.01005, 11.68995],
			"to": [9, 7.21005, 13.38995],
			"rotation": {"angle": 0, "axis": "x", "origin": [8, 6.21005, 12.53995]},
			"faces": {
				"north": {"uv": [12, 0, 16, 4], "rotation": 270, "texture": "#1"},
				"east": {"uv": [12, 0, 16, 4], "texture": "#1"},
				"south": {"uv": [12, 0, 16, 4], "rotation": 90, "texture": "#1"},
				"west": {"uv": [12, 0, 16, 4], "rotation": 180, "texture": "#1"},
				"up": {"uv": [12, 0, 16, 4], "rotation": 270, "texture": "#1"},
				"down": {"uv": [12, 0, 16, 4], "rotation": 90, "texture": "#1"}
			}
		},
		{
			"from": [7.1, 6.11005, 13.3],
			"to": [8, 7.11005, 13.4],
			"rotation": {"angle": 0, "axis": "x", "origin": [8, 6.21005, 12.53995]},
			"faces": {
				"north": {"uv": [12, 0, 16, 4], "rotation": 270, "texture": "#1"},
				"east": {"uv": [12, 0, 16, 4], "texture": "#1"},
				"south": {"uv": [8, 12, 16, 16], "texture": "#1"},
				"west": {"uv": [12, 0, 16, 4], "rotation": 180, "texture": "#1"},
				"up": {"uv": [12, 0, 16, 4], "rotation": 270, "texture": "#1"},
				"down": {"uv": [12, 0, 16, 4], "rotation": 90, "texture": "#1"}
			}
		},
		{
			"from": [8, 6.11005, 13.3],
			"to": [8.9, 7.11005, 13.4],
			"rotation": {"angle": 0, "axis": "x", "origin": [8, 6.21005, 12.53995]},
			"faces": {
				"north": {"uv": [12, 0, 16, 4], "rotation": 270, "texture": "#1"},
				"east": {"uv": [12, 0, 16, 4], "texture": "#1"},
				"south": {"uv": [8, 12, 16, 16], "texture": "#1"},
				"west": {"uv": [12, 0, 16, 4], "rotation": 180, "texture": "#1"},
				"up": {"uv": [12, 0, 16, 4], "rotation": 270, "texture": "#1"},
				"down": {"uv": [12, 0, 16, 4], "rotation": 90, "texture": "#1"}
			}
		},
		{
			"from": [7, 6.86927, 10.58129],
			"to": [9, 7.66927, 12.28129],
			"rotation": {"angle": 0, "axis": "x", "origin": [8, 6.26927, 12.43129]},
			"faces": {
				"north": {"uv": [12, 0, 16, 4], "rotation": 270, "texture": "#1"},
				"east": {"uv": [12, 0, 16, 4], "texture": "#1"},
				"south": {"uv": [12, 0, 16, 4], "rotation": 90, "texture": "#1"},
				"west": {"uv": [12, 0, 16, 4], "rotation": 180, "texture": "#1"},
				"up": {"uv": [12, 0, 16, 4], "rotation": 270, "texture": "#1"},
				"down": {"uv": [12, 0, 16, 4], "rotation": 90, "texture": "#1"}
			}
		},
		{
			"from": [7, 6.67042, 11.8837],
			"to": [9, 7.37042, 13.0837],
			"rotation": {"angle": 22.5, "axis": "x", "origin": [8, 6.52042, 12.8337]},
			"faces": {
				"north": {"uv": [12, 0, 16, 4], "rotation": 90, "texture": "#1"},
				"east": {"uv": [12, 0, 16, 4], "rotation": 90, "texture": "#1"},
				"south": {"uv": [12, 0, 16, 4], "rotation": 90, "texture": "#1"},
				"west": {"uv": [12, 0, 16, 4], "rotation": 90, "texture": "#1"},
				"up": {"uv": [12, 0, 16, 4], "rotation": 90, "texture": "#1"},
				"down": {"uv": [12, 0, 16, 4], "rotation": 90, "texture": "#1"}
			}
		},
		{
			"from": [7, 6.7663, 10.16091],
			"to": [9, 7.4663, 10.76091],
			"rotation": {"angle": -22.5, "axis": "x", "origin": [8, 7.1163, 10.16091]},
			"faces": {
				"north": {"uv": [12, 0, 16, 4], "rotation": 90, "texture": "#1"},
				"east": {"uv": [12, 0, 16, 4], "rotation": 90, "texture": "#1"},
				"south": {"uv": [12, 0, 16, 4], "rotation": 90, "texture": "#1"},
				"west": {"uv": [12, 0, 16, 4], "rotation": 90, "texture": "#1"},
				"up": {"uv": [12, 0, 16, 4], "rotation": 90, "texture": "#1"},
				"down": {"uv": [12, 0, 16, 4], "rotation": 90, "texture": "#1"}
			}
		},
		{
			"from": [7, 4.54185, 12.20607],
			"to": [9, 6.24185, 13.00607],
			"rotation": {"angle": 22.5, "axis": "x", "origin": [8, 5.69185, 12.50607]},
			"faces": {
				"north": {"uv": [12, 0, 16, 4], "rotation": 90, "texture": "#1"},
				"east": {"uv": [12, 0, 16, 4], "rotation": 90, "texture": "#1"},
				"south": {"uv": [12, 0, 16, 4], "rotation": 90, "texture": "#1"},
				"west": {"uv": [12, 0, 16, 4], "rotation": 90, "texture": "#1"},
				"up": {"uv": [12, 0, 16, 4], "rotation": 90, "texture": "#1"},
				"down": {"uv": [12, 0, 16, 4], "rotation": 90, "texture": "#1"}
			}
		},
		{
			"from": [7, 3.97991, 12.31472],
			"to": [9, 5.77991, 12.81472],
			"rotation": {"angle": 0, "axis": "x", "origin": [8, 5.22991, 12.31472]},
			"faces": {
				"north": {"uv": [12, 0, 16, 4], "rotation": 90, "texture": "#1"},
				"east": {"uv": [12, 0, 16, 4], "rotation": 90, "texture": "#1"},
				"south": {"uv": [12, 0, 16, 4], "rotation": 90, "texture": "#1"},
				"west": {"uv": [12, 0, 16, 4], "rotation": 90, "texture": "#1"},
				"up": {"uv": [12, 0, 16, 4], "rotation": 90, "texture": "#1"},
				"down": {"uv": [12, 0, 16, 4], "rotation": 90, "texture": "#1"}
			}
		}
	],
	"display": {
		"thirdperson_righthand": {
			"translation": [0, 2.25, -0.75],
			"scale": [0.7, 0.7, 0.7]
		},
		"thirdperson_lefthand": {
			"scale": [0, 0, 0]
		},
		"firstperson_righthand": {
			"rotation": [-8, -15, 0],
			"translation": [9.25, 2, -3.5]
		},
		"firstperson_lefthand": {
			"scale": [0, 0, 0]
		},
		"ground": {
			"rotation": [0, 0, 90],
			"translation": [-3, 0, -0.75]
		},
		"gui": {
			"rotation": [-90, 135, 90],
			"translation": [2.75, 4.75, 0],
			"scale": [1.4, 1.4, 1.4]
		},
		"head": {
			"rotation": [0, 0, -90],
			"translation": [3.25, -42.25, -0.75]
		},
		"fixed": {
			"rotation": [0, -90, 0],
			"translation": [0.5, 2.75, 0]
		}
	},
	"groups": [
		0,
		1,
		2,
		3,
		4,
		{
			"name": "group",
			"origin": [0, 2, 0.4],
			"color": 0,
			"nbt": "{}",
			"children": [5, 6, 7, 8, 9, 10, 11, 12]
		},
		{
			"name": "group",
			"origin": [0, 2, 0.4],
			"color": 0,
			"nbt": "{}",
			"children": [13, 14, 15, 16, 17, 18, 19, 20]
		},
		21,
		22,
		23,
		24,
		25,
		26,
		27,
		28,
		29,
		30,
		31,
		32,
		33,
		34,
		35,
		36,
		37,
		38,
		39,
		40,
		41,
		42,
		43,
		44,
		45,
		46,
		47,
		48,
		49,
		50,
		51
	]
}