{
	"credit": "Made with Blockbench",
	"textures": {
		"0": "block/aluminum",
		"1": "block/black_wool",
		"2": "block/black_plastic",
		"particle": "block/aluminum"
	},
	"elements": [
		{
			"from": [7.2, 0.5, 7.2],
			"to": [8.8, 10.8, 8.8],
			"rotation": {"angle": 0, "axis": "y", "origin": [8, 9.05, 8]},
			"faces": {
				"north": {"uv": [0, 0, 4, 16], "texture": "#0"},
				"east": {"uv": [0, 0, 4, 16], "texture": "#0"},
				"south": {"uv": [0, 0, 4, 16], "texture": "#0"},
				"west": {"uv": [0, 0, 4, 16], "texture": "#0"},
				"up": {"uv": [0, 0, 4, 16], "rotation": 180, "texture": "#0"},
				"down": {"uv": [0, 0, 4, 16], "rotation": 180, "texture": "#0"}
			}
		},
		{
			"from": [1.9, 11, 1],
			"to": [14.9, 12.5, 15],
			"rotation": {"angle": 0, "axis": "y", "origin": [8, 9.05, 8]},
			"faces": {
				"north": {"uv": [0, 14, 16, 16], "rotation": 180, "texture": "#1"},
				"east": {"uv": [0, 14, 16, 16], "rotation": 180, "texture": "#1"},
				"south": {"uv": [0, 14, 16, 16], "rotation": 180, "texture": "#1"},
				"west": {"uv": [0, 14, 16, 16], "rotation": 180, "texture": "#1"},
				"up": {"uv": [0, 0, 16, 16], "texture": "#1"},
				"down": {"uv": [0, 0, 16, 16], "texture": "#1"}
			}
		},
		{
			"from": [0.9, 11, 2],
			"to": [1.9, 12.5, 14],
			"rotation": {"angle": 0, "axis": "y", "origin": [8, 9.05, 8]},
			"faces": {
				"north": {"uv": [0, 14, 2, 16], "rotation": 180, "texture": "#1"},
				"east": {"uv": [0, 14, 16, 16], "rotation": 180, "texture": "#1"},
				"south": {"uv": [0, 14, 2, 16], "rotation": 180, "texture": "#1"},
				"west": {"uv": [0, 14, 16, 16], "rotation": 180, "texture": "#1"},
				"up": {"uv": [0, 3, 2, 16], "texture": "#1"},
				"down": {"uv": [0, 3, 2, 16], "texture": "#1"}
			}
		},
		{
			"from": [-0.1, 11, 4],
			"to": [0.9, 12.5, 12],
			"rotation": {"angle": 0, "axis": "y", "origin": [8, 9.05, 8]},
			"faces": {
				"north": {"uv": [0, 14, 2, 16], "rotation": 180, "texture": "#1"},
				"east": {"uv": [0, 14, 16, 16], "rotation": 180, "texture": "#1"},
				"south": {"uv": [0, 14, 2, 16], "rotation": 180, "texture": "#1"},
				"west": {"uv": [0, 14, 16, 16], "rotation": 180, "texture": "#1"},
				"up": {"uv": [0, 9, 2, 16], "texture": "#1"},
				"down": {"uv": [0, 9, 2, 16], "texture": "#1"}
			}
		},
		{
			"from": [13.2, 26, 4],
			"to": [14.7, 27, 12],
			"rotation": {"angle": 0, "axis": "y", "origin": [8, 9.05, 8]},
			"faces": {
				"north": {"uv": [0, 14, 2, 16], "rotation": 90, "texture": "#1"},
				"east": {"uv": [0, 9, 2, 16], "rotation": 90, "texture": "#1"},
				"south": {"uv": [0, 14, 2, 16], "rotation": 270, "texture": "#1"},
				"west": {"uv": [0, 9, 2, 16], "rotation": 90, "texture": "#1"},
				"up": {"uv": [0, 14, 16, 16], "rotation": 270, "texture": "#1"},
				"down": {"uv": [0, 14, 16, 16], "rotation": 270, "texture": "#1"}
			}
		},
		{
			"from": [13.2, 12, 1],
			"to": [14.7, 25, 15],
			"rotation": {"angle": 0, "axis": "y", "origin": [8, 9.05, 8]},
			"faces": {
				"north": {"uv": [0, 14, 16, 16], "rotation": 90, "texture": "#1"},
				"east": {"uv": [0, 0, 16, 16], "rotation": 90, "texture": "#1"},
				"south": {"uv": [0, 14, 16, 16], "rotation": 270, "texture": "#1"},
				"west": {"uv": [0, 0, 16, 16], "rotation": 90, "texture": "#1"},
				"up": {"uv": [0, 14, 16, 16], "rotation": 270, "texture": "#1"},
				"down": {"uv": [0, 14, 16, 16], "rotation": 270, "texture": "#1"}
			}
		},
		{
			"from": [13.2, 25, 2],
			"to": [14.7, 26, 14],
			"rotation": {"angle": 0, "axis": "y", "origin": [8, 9.05, 8]},
			"faces": {
				"north": {"uv": [0, 14, 2, 16], "rotation": 90, "texture": "#1"},
				"east": {"uv": [0, 3, 2, 16], "rotation": 90, "texture": "#1"},
				"south": {"uv": [0, 14, 2, 16], "rotation": 270, "texture": "#1"},
				"west": {"uv": [0, 3, 2, 16], "rotation": 90, "texture": "#1"},
				"up": {"uv": [0, 14, 16, 16], "rotation": 270, "texture": "#1"},
				"down": {"uv": [0, 14, 16, 16], "rotation": 270, "texture": "#1"}
			}
		},
		{
			"from": [1.8, 16.5, -0.5],
			"to": [12.6, 17.1, 1.2],
			"rotation": {"angle": 0, "axis": "y", "origin": [8, 9.05, 8]},
			"faces": {
				"north": {"uv": [0, 0, 1.1, 0.6], "texture": "#2"},
				"east": {"uv": [0, 0, 1.1, 0.6], "texture": "#2"},
				"south": {"uv": [0, 0, 1.1, 0.6], "texture": "#2"},
				"west": {"uv": [0, 0, 1.1, 0.6], "texture": "#2"},
				"up": {"uv": [0, 0, 1.1, 0.6], "rotation": 180, "texture": "#2"},
				"down": {"uv": [0, 0, 1.1, 0.6], "rotation": 180, "texture": "#2"}
			}
		},
		{
			"from": [9.8, 11, 0.1],
			"to": [10.7, 16.5, 1],
			"rotation": {"angle": 0, "axis": "y", "origin": [8, 9.05, 8]},
			"faces": {
				"north": {"uv": [0, 0, 0.6, 5.5], "texture": "#0"},
				"east": {"uv": [0, 0, 0.6, 5.5], "texture": "#0"},
				"south": {"uv": [0, 0, 0.6, 5.5], "texture": "#0"},
				"west": {"uv": [0, 0, 0.6, 5.5], "texture": "#0"},
				"up": {"uv": [0, 0, 0.6, 0.6], "rotation": 180, "texture": "#0"},
				"down": {"uv": [0, 0, 0.6, 0.6], "rotation": 180, "texture": "#0"}
			}
		},
		{
			"from": [1.8, 16.5, 14.7],
			"to": [12.6, 17.1, 16.4],
			"rotation": {"angle": 0, "axis": "y", "origin": [8, 9.05, 8]},
			"faces": {
				"north": {"uv": [0, 0, 1.1, 0.6], "texture": "#2"},
				"east": {"uv": [0, 0, 1.1, 0.6], "texture": "#2"},
				"south": {"uv": [0, 0, 1.1, 0.6], "texture": "#2"},
				"west": {"uv": [0, 0, 1.1, 0.6], "texture": "#2"},
				"up": {"uv": [0, 0, 1.1, 0.6], "rotation": 180, "texture": "#2"},
				"down": {"uv": [0, 0, 1.1, 0.6], "rotation": 180, "texture": "#2"}
			}
		},
		{
			"from": [9.8, 11, 15],
			"to": [10.7, 16.5, 15.9],
			"rotation": {"angle": 0, "axis": "y", "origin": [8, 9.05, 8]},
			"faces": {
				"north": {"uv": [0, 0, 0.6, 5.5], "texture": "#0"},
				"east": {"uv": [0, 0, 0.6, 5.5], "texture": "#0"},
				"south": {"uv": [0, 0, 0.6, 5.5], "texture": "#0"},
				"west": {"uv": [0, 0, 0.6, 5.5], "texture": "#0"},
				"up": {"uv": [0, 0, 0.6, 0.6], "rotation": 180, "texture": "#0"},
				"down": {"uv": [0, 0, 0.6, 0.6], "rotation": 180, "texture": "#0"}
			}
		},
		{
			"from": [-0.1, 0, -0.1],
			"to": [16.1, 1, 16.1],
			"rotation": {"angle": 0, "axis": "y", "origin": [8, 9.05, 8]},
			"faces": {
				"north": {"uv": [0, 0, 16, 16], "rotation": 180, "texture": "#0"},
				"east": {"uv": [0, 0, 16, 16], "rotation": 180, "texture": "#0"},
				"south": {"uv": [0, 0, 16, 16], "rotation": 180, "texture": "#0"},
				"west": {"uv": [0, 0, 16, 16], "rotation": 180, "texture": "#0"},
				"up": {"uv": [0, 0, 16, 16], "rotation": 90, "texture": "#0"},
				"down": {"uv": [0, 0, 16, 16], "rotation": 270, "texture": "#0"}
			}
		},
		{
			"from": [0.9, 1, 0.9],
			"to": [15.1, 1.9, 15.1],
			"rotation": {"angle": 0, "axis": "y", "origin": [8, 9.05, 8]},
			"faces": {
				"north": {"uv": [0, 0, 16, 16], "rotation": 180, "texture": "#0"},
				"east": {"uv": [0, 0, 16, 16], "rotation": 180, "texture": "#0"},
				"south": {"uv": [0, 0, 16, 16], "rotation": 180, "texture": "#0"},
				"west": {"uv": [0, 0, 16, 16], "rotation": 180, "texture": "#0"},
				"up": {"uv": [0, 0, 16, 16], "rotation": 90, "texture": "#0"},
				"down": {"uv": [0, 0, 16, 16], "rotation": 270, "texture": "#0"}
			}
		}
	],
	"groups": [
		0,
		{
			"name": "seat",
			"origin": [2.6, 14.5, 8],
			"color": 0,
			"children": [1, 2, 3]
		},
		{
			"name": "back",
			"origin": [8, 6.5, 8],
			"color": 0,
			"children": [4, 5, 6]
		},
		{
			"name": "handrail",
			"origin": [8, 9.05, 8],
			"color": 0,
			"children": [7, 8, 9, 10]
		},
		{
			"name": "base",
			"origin": [8, 9.05, 8],
			"color": 0,
			"children": [11, 12]
		}
	]
}