{
	"credit": "Made with Blockbench",
	"textures": {
		"0": "slot_4:item/incendiary/0",
		"particle": "slot_4:item/incendiary/0"
	},
	"elements": [
		{
			"from": [4, 0, 4],
			"to": [13, 22, 13],
			"rotation": {"angle": 0, "axis": "y", "origin": [4, 7, 4]},
			"faces": {
				"north": {"uv": [0, 0, 2, 2], "texture": "#0"},
				"east": {"uv": [0, 0, 2, 2], "texture": "#0"},
				"south": {"uv": [0, 0, 2, 2], "texture": "#0"},
				"west": {"uv": [0, 0, 12, 16], "texture": "#0"},
				"up": {"uv": [0, 0, 2, 2], "texture": "#0"},
				"down": {"uv": [0, 0, 2, 2], "texture": "#0"}
			}
		},
		{
			"from": [6, 22, 6],
			"to": [11, 22.9, 11],
			"rotation": {"angle": 0, "axis": "y", "origin": [4, 7, 4]},
			"faces": {
				"north": {"uv": [12, 0, 14, 2], "texture": "#0"},
				"east": {"uv": [12, 0, 14, 2], "texture": "#0"},
				"south": {"uv": [12, 0, 14, 2], "texture": "#0"},
				"west": {"uv": [12, 0, 14, 2], "texture": "#0"},
				"up": {"uv": [12, 0, 14, 2], "texture": "#0"},
				"down": {"uv": [12, 0, 14, 2], "texture": "#0"}
			}
		},
		{
			"from": [6, 24.8, 5.5],
			"to": [11, 25.7, 11.5],
			"rotation": {"angle": 0, "axis": "y", "origin": [4, 7, 4]},
			"faces": {
				"north": {"uv": [12, 0, 14, 2], "texture": "#0"},
				"east": {"uv": [12, 0, 14, 2], "texture": "#0"},
				"south": {"uv": [12, 0, 14, 2], "texture": "#0"},
				"west": {"uv": [12, 0, 14, 2], "texture": "#0"},
				"up": {"uv": [12, 0, 14, 2], "texture": "#0"},
				"down": {"uv": [12, 0, 14, 2], "texture": "#0"}
			}
		},
		{
			"from": [6.6, 24.3318, 11.1818],
			"to": [10.4, 25.8318, 16.0818],
			"rotation": {"angle": 45, "axis": "x", "origin": [8.3, 25.3818, 11.1818]},
			"faces": {
				"north": {"uv": [12, 0, 14, 2], "texture": "#0"},
				"east": {"uv": [12, 0, 14, 2], "texture": "#0"},
				"south": {"uv": [12, 0, 14, 2], "texture": "#0"},
				"west": {"uv": [12, 0, 14, 2], "texture": "#0"},
				"up": {"uv": [12, 0, 14, 2], "texture": "#0"},
				"down": {"uv": [12, 0, 14, 2], "texture": "#0"}
			}
		},
		{
			"from": [7, 17.73518, 14.06482],
			"to": [10, 22.23518, 14.96482],
			"rotation": {"angle": 0, "axis": "x", "origin": [8.3, 26.23518, 10.51482]},
			"faces": {
				"north": {"uv": [12, 0, 14, 2], "rotation": 90, "texture": "#0"},
				"east": {"uv": [12, 0, 14, 2], "rotation": 90, "texture": "#0"},
				"south": {"uv": [12, 0, 14, 2], "rotation": 90, "texture": "#0"},
				"west": {"uv": [12, 0, 14, 2], "rotation": 90, "texture": "#0"},
				"up": {"uv": [12, 0, 14, 2], "rotation": 90, "texture": "#0"},
				"down": {"uv": [12, 0, 14, 2], "rotation": 90, "texture": "#0"}
			}
		},
		{
			"from": [7.4, 12.93518, 14.06482],
			"to": [9.6, 17.73518, 14.96482],
			"rotation": {"angle": 0, "axis": "y", "origin": [8.3, 26.23518, 10.51482]},
			"faces": {
				"north": {"uv": [12, 0, 14, 2], "rotation": 90, "texture": "#0"},
				"east": {"uv": [12, 0, 14, 2], "rotation": 90, "texture": "#0"},
				"south": {"uv": [12, 0, 14, 2], "rotation": 90, "texture": "#0"},
				"west": {"uv": [12, 0, 14, 2], "rotation": 90, "texture": "#0"},
				"up": {"uv": [12, 0, 14, 2], "rotation": 90, "texture": "#0"},
				"down": {"uv": [12, 0, 14, 2], "rotation": 90, "texture": "#0"}
			}
		},
		{
			"from": [6.5, 22.9, 6.5],
			"to": [10.5, 24.8, 10.5],
			"rotation": {"angle": 0, "axis": "y", "origin": [4, 7, 4]},
			"faces": {
				"north": {"uv": [12, 0, 14, 2], "texture": "#0"},
				"east": {"uv": [12, 0, 14, 2], "texture": "#0"},
				"south": {"uv": [12, 0, 14, 2], "texture": "#0"},
				"west": {"uv": [12, 0, 14, 2], "texture": "#0"},
				"up": {"uv": [12, 0, 14, 2], "texture": "#0"},
				"down": {"uv": [12, 0, 14, 2], "texture": "#0"}
			}
		},
		{
			"from": [-9.2, 30.90109, 9.5],
			"to": [-8.8, 31.20109, 13.5],
			"rotation": {"angle": -22.5, "axis": "z", "origin": [-8.9, 28.48687, 11.7]},
			"faces": {
				"north": {"uv": [12, 8, 15, 11], "texture": "#0"},
				"east": {"uv": [12, 8, 15, 11], "texture": "#0"},
				"south": {"uv": [12, 8, 15, 11], "texture": "#0"},
				"west": {"uv": [12, 8, 15, 11], "texture": "#0"},
				"up": {"uv": [12, 8, 15, 11], "texture": "#0"},
				"down": {"uv": [12, 8, 15, 11], "texture": "#0"}
			}
		},
		{
			"from": [-9.2, 27.08687, 9.38579],
			"to": [-8.8, 31.08687, 9.68579],
			"rotation": {"angle": -22.5, "axis": "z", "origin": [-8.9, 28.48687, 11.7]},
			"faces": {
				"north": {"uv": [12, 8, 15, 11], "rotation": 180, "texture": "#0"},
				"east": {"uv": [12, 8, 15, 11], "rotation": 180, "texture": "#0"},
				"south": {"uv": [12, 8, 15, 11], "rotation": 180, "texture": "#0"},
				"west": {"uv": [12, 8, 15, 11], "rotation": 180, "texture": "#0"},
				"up": {"uv": [12, 8, 15, 11], "rotation": 180, "texture": "#0"},
				"down": {"uv": [12, 8, 15, 11], "rotation": 180, "texture": "#0"}
			}
		},
		{
			"from": [-9.2, 26.97266, 9.5],
			"to": [-8.8, 27.27266, 13.5],
			"rotation": {"angle": -22.5, "axis": "z", "origin": [-8.9, 28.48687, 11.7]},
			"faces": {
				"north": {"uv": [12, 8, 15, 11], "rotation": 180, "texture": "#0"},
				"east": {"uv": [12, 8, 15, 11], "rotation": 180, "texture": "#0"},
				"south": {"uv": [12, 8, 15, 11], "rotation": 180, "texture": "#0"},
				"west": {"uv": [12, 8, 15, 11], "rotation": 180, "texture": "#0"},
				"up": {"uv": [12, 8, 15, 11], "rotation": 180, "texture": "#0"},
				"down": {"uv": [12, 8, 15, 11], "rotation": 180, "texture": "#0"}
			}
		},
		{
			"from": [-9.2, 27.08687, 13.31421],
			"to": [-8.8, 31.08687, 13.61421],
			"rotation": {"angle": -22.5, "axis": "z", "origin": [-8.9, 28.48687, 11.7]},
			"faces": {
				"north": {"uv": [12, 8, 15, 11], "rotation": 180, "texture": "#0"},
				"east": {"uv": [12, 8, 15, 11], "rotation": 180, "texture": "#0"},
				"south": {"uv": [12, 8, 15, 11], "rotation": 180, "texture": "#0"},
				"west": {"uv": [12, 8, 15, 11], "rotation": 180, "texture": "#0"},
				"up": {"uv": [12, 8, 15, 11], "rotation": 180, "texture": "#0"},
				"down": {"uv": [12, 8, 15, 11], "rotation": 180, "texture": "#0"}
			}
		},
		{
			"from": [-8.1, 30.9, 11.6],
			"to": [-3.1, 31.1, 11.8],
			"rotation": {"angle": 0, "axis": "y", "origin": [-9.1, 12.8, 7.2]},
			"faces": {
				"north": {"uv": [12, 8, 15, 11], "texture": "#0"},
				"east": {"uv": [12, 8, 15, 11], "texture": "#0"},
				"south": {"uv": [12, 8, 15, 11], "texture": "#0"},
				"west": {"uv": [12, 8, 15, 11], "texture": "#0"},
				"up": {"uv": [12, 8, 15, 11], "texture": "#0"},
				"down": {"uv": [12, 8, 15, 11], "texture": "#0"}
			}
		}
	],
	"display": {
		"thirdperson_righthand": {
			"rotation": [0, 90, 0],
			"translation": [-0.15, 0, 0],
			"scale": [0.3, 0.3, 0.3]
		},
		"thirdperson_lefthand": {
			"scale": [0, 0, 0]
		},
		"firstperson_righthand": {
			"rotation": [-33.5, 0, 39.5],
			"translation": [-0.5, 14, 0],
			"scale": [0.3, 0.3, 0.3]
		},
		"firstperson_lefthand": {
			"scale": [0, 0, 0]
		},
		"ground": {
			"rotation": [-180, 0, 90],
			"scale": [0.5, 0.5, 0.5]
		},
		"gui": {
			"rotation": [0, 90, 0],
			"translation": [-0.5, -3, 0],
			"scale": [0.6, 0.6, 0.6]
		},
		"head": {
			"rotation": [90, 90, 0],
			"translation": [0, -42.5, -1.5],
			"scale": [0.5, 0.5, 0.5]
		},
		"fixed": {
			"rotation": [0, -90, 0],
			"translation": [0, -2.5, -3],
			"scale": [0.7, 0.7, 0.7]
		}
	},
	"groups": [
		0,
		1,
		2,
		3,
		4,
		5,
		6,
		{
			"name": "group",
			"origin": [0, 0, 0],
			"color": 0,
			"nbt": "{}",
			"armAnimationEnabled": false,
			"children": [7, 8, 9, 10, 11]
		}
	]
}