{
	"credit": "Made with Blockbench",
	"textures": {
		"0": "slot_1:item/mac10/0",
		"particle": "slot_1:item/mac10/0"
	},
	"elements": [
		{
			"from": [7.4, 5.65944, 11.32574],
			"to": [8.6, 6.45944, 12.32574],
			"rotation": {"angle": 0, "axis": "x", "origin": [8, 7.20944, 11.82574]},
			"faces": {
				"north": {"uv": [7, 15, 8, 16], "rotation": 270, "texture": "#0"},
				"east": {"uv": [7, 15, 8, 16], "rotation": 270, "texture": "#0"},
				"south": {"uv": [7, 15, 8, 16], "rotation": 270, "texture": "#0"},
				"west": {"uv": [7, 15, 8, 16], "rotation": 270, "texture": "#0"},
				"up": {"uv": [7, 15, 8, 16], "rotation": 270, "texture": "#0"},
				"down": {"uv": [7, 15, 8, 16], "rotation": 270, "texture": "#0"}
			}
		},
		{
			"from": [7.4, 6.3074, 10.36142],
			"to": [8.6, 8.8074, 11.36142],
			"rotation": {"angle": -22.5, "axis": "x", "origin": [8, 8.8074, 11.46142]},
			"faces": {
				"north": {"uv": [7, 15, 8, 16], "rotation": 270, "texture": "#0"},
				"east": {"uv": [7, 15, 8, 16], "rotation": 270, "texture": "#0"},
				"south": {"uv": [7, 15, 8, 16], "rotation": 270, "texture": "#0"},
				"west": {"uv": [7, 15, 8, 16], "rotation": 270, "texture": "#0"},
				"up": {"uv": [7, 15, 8, 16], "rotation": 270, "texture": "#0"},
				"down": {"uv": [7, 15, 8, 16], "rotation": 270, "texture": "#0"}
			}
		},
		{
			"from": [7.4, 8.1074, 10.86142],
			"to": [8.6, 9.1074, 11.66142],
			"rotation": {"angle": 0, "axis": "x", "origin": [8, 9.2074, 11.56142]},
			"faces": {
				"north": {"uv": [7, 15, 8, 16], "rotation": 270, "texture": "#0"},
				"east": {"uv": [7, 15, 8, 16], "rotation": 270, "texture": "#0"},
				"south": {"uv": [7, 15, 8, 16], "rotation": 270, "texture": "#0"},
				"west": {"uv": [7, 15, 8, 16], "rotation": 270, "texture": "#0"},
				"up": {"uv": [7, 15, 8, 16], "rotation": 270, "texture": "#0"},
				"down": {"uv": [7, 15, 8, 16], "rotation": 270, "texture": "#0"}
			}
		},
		{
			"from": [7.4, 8.35, 10.85],
			"to": [8.6, 10.55, 11.75],
			"rotation": {"angle": 45, "axis": "x", "origin": [8, 9.15, 11.7]},
			"faces": {
				"north": {"uv": [7, 15, 8, 16], "rotation": 270, "texture": "#0"},
				"east": {"uv": [7, 15, 8, 16], "rotation": 270, "texture": "#0"},
				"south": {"uv": [7, 15, 8, 16], "rotation": 270, "texture": "#0"},
				"west": {"uv": [7, 15, 8, 16], "rotation": 270, "texture": "#0"},
				"up": {"uv": [7, 15, 8, 16], "rotation": 270, "texture": "#0"},
				"down": {"uv": [7, 15, 8, 16], "rotation": 270, "texture": "#0"}
			}
		},
		{
			"from": [7, 5.45, 9.15],
			"to": [9, 10.05, 11.35],
			"rotation": {"angle": 0, "axis": "x", "origin": [8, 11.55, 8.7]},
			"faces": {
				"north": {"uv": [11, 15, 12, 16], "texture": "#0"},
				"east": {"uv": [11, 15, 12, 16], "texture": "#0"},
				"south": {"uv": [11, 15, 12, 16], "texture": "#0"},
				"west": {"uv": [11, 15, 12, 16], "texture": "#0"},
				"up": {"uv": [11, 15, 12, 16], "texture": "#0"},
				"down": {"uv": [11, 15, 12, 16], "texture": "#0"}
			}
		},
		{
			"from": [6.7, 10, 2.4],
			"to": [9.3, 12.9, 14.6],
			"rotation": {"angle": 0, "axis": "y", "origin": [0, 5, 0]},
			"faces": {
				"north": {"uv": [0, 0, 1, 1], "texture": "#0"},
				"east": {"uv": [0, 0, 1, 1], "texture": "#0"},
				"south": {"uv": [0, 0, 1, 1], "texture": "#0"},
				"west": {"uv": [0, 0, 1, 1], "texture": "#0"},
				"up": {"uv": [12, 0, 16, 4], "rotation": 180, "texture": "#0"},
				"down": {"uv": [0, 0, 1, 1], "texture": "#0"}
			}
		},
		{
			"from": [6.5, 10, 2.4],
			"to": [6.7, 11.4, 10.7],
			"rotation": {"angle": 0, "axis": "y", "origin": [0, 5, 0]},
			"faces": {
				"north": {"uv": [0, 4, 13, 8], "rotation": 270, "texture": "#0"},
				"east": {"uv": [0, 0, 1, 1], "texture": "#0"},
				"south": {"uv": [0, 0, 1, 1], "texture": "#0"},
				"west": {"uv": [0, 4, 13, 6], "rotation": 270, "texture": "#0"},
				"up": {"uv": [12, 4, 16, 8], "rotation": 180, "texture": "#0"},
				"down": {"uv": [0, 0, 1, 1], "texture": "#0"}
			}
		},
		{
			"from": [9.3, 8.1, 10.4],
			"to": [9.5, 9.5, 12.92],
			"rotation": {"angle": -45, "axis": "x", "origin": [9.4, 10.7, 8.2]},
			"faces": {
				"north": {"uv": [0, 0, 1, 1], "rotation": 270, "texture": "#0"},
				"east": {"uv": [0, 4, 13, 5], "rotation": 270, "texture": "#0"},
				"south": {"uv": [0, 0, 1, 1], "rotation": 270, "texture": "#0"},
				"west": {"uv": [0, 0, 1, 1], "rotation": 270, "texture": "#0"},
				"up": {"uv": [12, 4, 13, 5], "rotation": 270, "texture": "#0"},
				"down": {"uv": [0, 0, 1, 1], "rotation": 270, "texture": "#0"}
			}
		},
		{
			"from": [9.3, 11.38902, 12.38607],
			"to": [9.5, 13.18902, 14.60607],
			"rotation": {"angle": 0, "axis": "y", "origin": [2.8, 4.98902, -0.01393]},
			"faces": {
				"north": {"uv": [0, 0, 1, 1], "texture": "#0"},
				"east": {"uv": [0, 0, 1, 1], "texture": "#0"},
				"south": {"uv": [0, 0, 1, 1], "texture": "#0"},
				"west": {"uv": [0, 0, 1, 1], "texture": "#0"},
				"up": {"uv": [12, 4, 16, 8], "rotation": 180, "texture": "#0"},
				"down": {"uv": [0, 0, 1, 1], "texture": "#0"}
			}
		},
		{
			"from": [9.29, 10, 10.7],
			"to": [9.49, 11.4, 14.6],
			"rotation": {"angle": 0, "axis": "y", "origin": [2.8, 5, 0]},
			"faces": {
				"north": {"uv": [0, 0, 1, 1], "rotation": 270, "texture": "#0"},
				"east": {"uv": [0, 0, 1, 1], "rotation": 270, "texture": "#0"},
				"south": {"uv": [0, 0, 1, 1], "rotation": 270, "texture": "#0"},
				"west": {"uv": [0, 0, 1, 1], "rotation": 270, "texture": "#0"},
				"up": {"uv": [0, 0, 1, 1], "rotation": 270, "texture": "#0"},
				"down": {"uv": [0, 0, 1, 1], "rotation": 270, "texture": "#0"}
			}
		},
		{
			"from": [9.3, 10, 2.4],
			"to": [9.5, 11.4, 10.7],
			"rotation": {"angle": 0, "axis": "y", "origin": [2.8, 5, 0]},
			"faces": {
				"north": {"uv": [0, 4, 13, 5], "rotation": 270, "texture": "#0"},
				"east": {"uv": [0, 4, 13, 5], "rotation": 270, "texture": "#0"},
				"south": {"uv": [0, 0, 1, 1], "texture": "#0"},
				"west": {"uv": [0, 0, 1, 1], "rotation": 270, "texture": "#0"},
				"up": {"uv": [12, 4, 16, 8], "rotation": 180, "texture": "#0"},
				"down": {"uv": [0, 0, 1, 1], "texture": "#0"}
			}
		},
		{
			"from": [6.51, 10, 10.7],
			"to": [6.71, 11.4, 14.6],
			"rotation": {"angle": 0, "axis": "y", "origin": [0, 5, 0]},
			"faces": {
				"north": {"uv": [0, 0, 1, 1], "rotation": 270, "texture": "#0"},
				"east": {"uv": [0, 0, 1, 1], "rotation": 270, "texture": "#0"},
				"south": {"uv": [0, 0, 1, 1], "rotation": 270, "texture": "#0"},
				"west": {"uv": [0, 0, 1, 1], "rotation": 270, "texture": "#0"},
				"up": {"uv": [0, 0, 1, 1], "rotation": 270, "texture": "#0"},
				"down": {"uv": [0, 0, 1, 1], "rotation": 270, "texture": "#0"}
			}
		},
		{
			"from": [6.5, 11.9, 3.6],
			"to": [6.7, 12.1, 10.4],
			"rotation": {"angle": 0, "axis": "y", "origin": [0, 5, 0]},
			"faces": {
				"north": {"uv": [12, 12, 16, 16], "rotation": 180, "texture": "#0"},
				"east": {"uv": [12, 12, 16, 16], "rotation": 180, "texture": "#0"},
				"south": {"uv": [12, 12, 16, 16], "rotation": 180, "texture": "#0"},
				"west": {"uv": [12, 12, 16, 16], "rotation": 180, "texture": "#0"},
				"up": {"uv": [12, 12, 16, 16], "rotation": 180, "texture": "#0"},
				"down": {"uv": [12, 12, 16, 16], "rotation": 180, "texture": "#0"}
			}
		},
		{
			"from": [6.5, 12.7, 3.6],
			"to": [6.7, 12.9, 10.4],
			"rotation": {"angle": 0, "axis": "y", "origin": [0, 5, 0]},
			"faces": {
				"north": {"uv": [12, 12, 16, 16], "rotation": 180, "texture": "#0"},
				"east": {"uv": [12, 12, 16, 16], "rotation": 180, "texture": "#0"},
				"south": {"uv": [12, 12, 16, 16], "rotation": 180, "texture": "#0"},
				"west": {"uv": [12, 12, 16, 16], "rotation": 180, "texture": "#0"},
				"up": {"uv": [12, 12, 16, 16], "rotation": 180, "texture": "#0"},
				"down": {"uv": [12, 12, 16, 16], "rotation": 180, "texture": "#0"}
			}
		},
		{
			"from": [9.3, 11.9, 3.6],
			"to": [9.5, 12.1, 10.4],
			"rotation": {"angle": 0, "axis": "y", "origin": [0, 5, 0]},
			"faces": {
				"north": {"uv": [12, 12, 16, 16], "rotation": 180, "texture": "#0"},
				"east": {"uv": [12, 12, 16, 16], "rotation": 180, "texture": "#0"},
				"south": {"uv": [12, 12, 16, 16], "rotation": 180, "texture": "#0"},
				"west": {"uv": [12, 12, 16, 16], "rotation": 180, "texture": "#0"},
				"up": {"uv": [12, 12, 16, 16], "rotation": 180, "texture": "#0"},
				"down": {"uv": [12, 12, 16, 16], "rotation": 180, "texture": "#0"}
			}
		},
		{
			"from": [9.3, 12.7, 3.6],
			"to": [9.5, 12.9, 10.4],
			"rotation": {"angle": 0, "axis": "y", "origin": [0, 5, 0]},
			"faces": {
				"north": {"uv": [12, 12, 16, 16], "rotation": 180, "texture": "#0"},
				"east": {"uv": [12, 12, 16, 16], "rotation": 180, "texture": "#0"},
				"south": {"uv": [12, 12, 16, 16], "rotation": 180, "texture": "#0"},
				"west": {"uv": [12, 12, 16, 16], "rotation": 180, "texture": "#0"},
				"up": {"uv": [12, 12, 16, 16], "rotation": 180, "texture": "#0"},
				"down": {"uv": [12, 12, 16, 16], "rotation": 180, "texture": "#0"}
			}
		},
		{
			"from": [6.5, 11.38902, 12.38607],
			"to": [6.7, 13.18902, 14.60607],
			"rotation": {"angle": 0, "axis": "y", "origin": [0, 4.98902, -0.01393]},
			"faces": {
				"north": {"uv": [0, 0, 1, 1], "texture": "#0"},
				"east": {"uv": [0, 0, 1, 1], "texture": "#0"},
				"south": {"uv": [0, 0, 1, 1], "texture": "#0"},
				"west": {"uv": [0, 0, 1, 1], "texture": "#0"},
				"up": {"uv": [12, 4, 16, 8], "rotation": 180, "texture": "#0"},
				"down": {"uv": [0, 0, 1, 1], "texture": "#0"}
			}
		},
		{
			"from": [6.5, 8.1, 10.4],
			"to": [6.7, 9.5, 12.92],
			"rotation": {"angle": -45, "axis": "x", "origin": [6.6, 10.7, 8.2]},
			"faces": {
				"north": {"uv": [0, 0, 1, 1], "texture": "#0"},
				"east": {"uv": [0, 0, 1, 1], "texture": "#0"},
				"south": {"uv": [0, 0, 1, 1], "texture": "#0"},
				"west": {"uv": [0, 4, 13, 5], "rotation": 270, "texture": "#0"},
				"up": {"uv": [12, 4, 16, 8], "rotation": 180, "texture": "#0"},
				"down": {"uv": [0, 0, 1, 1], "texture": "#0"}
			}
		},
		{
			"from": [6.7, 12.9, 2.4],
			"to": [7.6, 13.2, 14.6],
			"rotation": {"angle": 0, "axis": "y", "origin": [0, 5, 0]},
			"faces": {
				"north": {"uv": [0, 0, 11.6, 0.3], "texture": "#0"},
				"east": {"uv": [0, 0, 11.6, 0.3], "texture": "#0"},
				"south": {"uv": [0, 0, 11.6, 0.3], "texture": "#0"},
				"west": {"uv": [0, 0, 11.6, 0.3], "texture": "#0"},
				"up": {"uv": [0, 0, 11.6, 0.3], "texture": "#0"},
				"down": {"uv": [0, 0, 11.6, 0.3], "texture": "#0"}
			}
		},
		{
			"from": [8.4, 12.9, 2.4],
			"to": [9.3, 13.2, 14.6],
			"rotation": {"angle": 0, "axis": "y", "origin": [0, 5, 0]},
			"faces": {
				"north": {"uv": [0, 4.4, 1.3, 16], "texture": "#0"},
				"east": {"uv": [0, 4.4, 1.3, 16], "texture": "#0"},
				"south": {"uv": [0, 4.4, 1.3, 16], "texture": "#0"},
				"west": {"uv": [0, 4.4, 1.3, 16], "texture": "#0"},
				"up": {"uv": [0, 4.4, 1.3, 16], "texture": "#0"},
				"down": {"uv": [0, 4.4, 1.3, 16], "texture": "#0"}
			}
		},
		{
			"from": [7.6, 12.9, 2.4],
			"to": [8.4, 13.2, 5],
			"rotation": {"angle": 0, "axis": "y", "origin": [0, 5, 0]},
			"faces": {
				"north": {"uv": [0, 4.4, 1.3, 16], "texture": "#0"},
				"east": {"uv": [0, 4.4, 1.3, 16], "texture": "#0"},
				"south": {"uv": [0, 4.4, 1.3, 16], "texture": "#0"},
				"west": {"uv": [0, 4.4, 1.3, 16], "texture": "#0"},
				"up": {"uv": [0, 4.4, 1.3, 16], "texture": "#0"},
				"down": {"uv": [0, 4.4, 1.3, 16], "texture": "#0"}
			}
		},
		{
			"from": [7.6, 12.9, 8.4],
			"to": [8.4, 13.2, 14.6],
			"rotation": {"angle": 0, "axis": "y", "origin": [0, 5, 0]},
			"faces": {
				"north": {"uv": [0, 4.4, 1.3, 16], "texture": "#0"},
				"east": {"uv": [0, 4.4, 1.3, 16], "texture": "#0"},
				"south": {"uv": [0, 4.4, 1.3, 16], "texture": "#0"},
				"west": {"uv": [0, 4.4, 1.3, 16], "texture": "#0"},
				"up": {"uv": [0, 4.4, 1.3, 16], "texture": "#0"},
				"down": {"uv": [0, 4.4, 1.3, 16], "texture": "#0"}
			}
		},
		{
			"from": [7.1, 9.3, 15.8],
			"to": [8.9, 10.3, 16],
			"rotation": {"angle": 0, "axis": "y", "origin": [0, 5, 0.7]},
			"faces": {
				"north": {"uv": [0, 0, 1, 1], "texture": "#0"},
				"east": {"uv": [0, 0, 1, 1], "texture": "#0"},
				"south": {"uv": [0, 0, 1, 1], "texture": "#0"},
				"west": {"uv": [0, 0, 1, 1], "texture": "#0"},
				"up": {"uv": [0, 0, 1, 1], "texture": "#0"},
				"down": {"uv": [0, 0, 1, 1], "texture": "#0"}
			}
		},
		{
			"from": [7.1, 10.1, 13.7],
			"to": [8.9, 10.3, 15.6],
			"rotation": {"angle": 0, "axis": "y", "origin": [0, 5, 0.7]},
			"faces": {
				"north": {"uv": [0, 0, 1, 1], "texture": "#0"},
				"east": {"uv": [0, 0, 1, 1], "texture": "#0"},
				"south": {"uv": [0, 0, 1, 1], "texture": "#0"},
				"west": {"uv": [0, 0, 1, 1], "texture": "#0"},
				"up": {"uv": [0, 0, 1, 1], "texture": "#0"},
				"down": {"uv": [0, 0, 1, 1], "texture": "#0"}
			}
		},
		{
			"from": [7, 9.1, 14.7],
			"to": [7.1, 10.8, 16],
			"rotation": {"angle": 0, "axis": "y", "origin": [0, 5, 0.7]},
			"faces": {
				"north": {"uv": [0, 0, 1, 1], "texture": "#0"},
				"east": {"uv": [0, 0, 1, 1], "texture": "#0"},
				"south": {"uv": [0, 0, 1, 1], "texture": "#0"},
				"west": {"uv": [0, 0, 1, 1], "texture": "#0"},
				"up": {"uv": [0, 0, 1, 1], "texture": "#0"},
				"down": {"uv": [0, 0, 1, 1], "texture": "#0"}
			}
		},
		{
			"from": [7.1, 9.1, 14.7],
			"to": [8.9, 9.3, 16],
			"rotation": {"angle": 0, "axis": "y", "origin": [0, 5, 0.7]},
			"faces": {
				"north": {"uv": [0, 0, 1, 1], "texture": "#0"},
				"east": {"uv": [0, 0, 1, 1], "texture": "#0"},
				"south": {"uv": [0, 0, 1, 1], "texture": "#0"},
				"west": {"uv": [0, 0, 1, 1], "texture": "#0"},
				"up": {"uv": [0, 0, 1, 1], "texture": "#0"},
				"down": {"uv": [0, 0, 1, 1], "texture": "#0"}
			}
		},
		{
			"from": [8.9, 9.1, 14.7],
			"to": [9, 10.8, 16],
			"rotation": {"angle": 0, "axis": "y", "origin": [0, 5, 0.7]},
			"faces": {
				"north": {"uv": [0, 0, 1, 1], "texture": "#0"},
				"east": {"uv": [0, 0, 1, 1], "texture": "#0"},
				"south": {"uv": [0, 0, 1, 1], "texture": "#0"},
				"west": {"uv": [0, 0, 1, 1], "texture": "#0"},
				"up": {"uv": [0, 0, 1, 1], "texture": "#0"},
				"down": {"uv": [0, 0, 1, 1], "texture": "#0"}
			}
		},
		{
			"from": [8.6, 9.3, 15.6],
			"to": [8.8, 14, 15.8],
			"rotation": {"angle": 0, "axis": "y", "origin": [0.3, 5, 0.7]},
			"faces": {
				"north": {"uv": [12, 0, 16, 4], "texture": "#0"},
				"east": {"uv": [12, 0, 16, 4], "texture": "#0"},
				"south": {"uv": [12, 0, 16, 4], "texture": "#0"},
				"west": {"uv": [12, 0, 16, 4], "texture": "#0"},
				"up": {"uv": [12, 0, 16, 4], "texture": "#0"},
				"down": {"uv": [12, 0, 16, 4], "texture": "#0"}
			}
		},
		{
			"from": [7.2, 9.3, 15.6],
			"to": [7.4, 14, 15.8],
			"rotation": {"angle": 0, "axis": "y", "origin": [-0.3, 5, 0.7]},
			"faces": {
				"north": {"uv": [12, 0, 16, 4], "texture": "#0"},
				"east": {"uv": [12, 0, 16, 4], "texture": "#0"},
				"south": {"uv": [12, 0, 16, 4], "texture": "#0"},
				"west": {"uv": [12, 0, 16, 4], "texture": "#0"},
				"up": {"uv": [12, 0, 16, 4], "texture": "#0"},
				"down": {"uv": [12, 0, 16, 4], "texture": "#0"}
			}
		},
		{
			"from": [7.2, 13.2412, 12.09072],
			"to": [7.4, 13.4412, 14.29072],
			"rotation": {"angle": 0, "axis": "x", "origin": [7.7, 13.3412, 13.54072]},
			"faces": {
				"north": {"uv": [12, 0, 16, 4], "rotation": 90, "texture": "#0"},
				"east": {"uv": [12, 0, 16, 4], "rotation": 90, "texture": "#0"},
				"south": {"uv": [12, 0, 16, 4], "rotation": 90, "texture": "#0"},
				"west": {"uv": [12, 0, 16, 4], "rotation": 90, "texture": "#0"},
				"up": {"uv": [12, 0, 16, 4], "rotation": 90, "texture": "#0"},
				"down": {"uv": [12, 0, 16, 4], "rotation": 90, "texture": "#0"}
			}
		},
		{
			"from": [7.2, 13.48233, 14.20297],
			"to": [7.4, 13.68233, 15.70297],
			"rotation": {"angle": -22.5, "axis": "x", "origin": [7.3, 13.58233, 14.85297]},
			"faces": {
				"north": {"uv": [12, 0, 16, 4], "rotation": 90, "texture": "#0"},
				"east": {"uv": [12, 0, 16, 4], "rotation": 90, "texture": "#0"},
				"south": {"uv": [12, 0, 16, 4], "rotation": 90, "texture": "#0"},
				"west": {"uv": [12, 0, 16, 4], "rotation": 90, "texture": "#0"},
				"up": {"uv": [12, 0, 16, 4], "rotation": 90, "texture": "#0"},
				"down": {"uv": [12, 0, 16, 4], "rotation": 90, "texture": "#0"}
			}
		},
		{
			"from": [7.18284, 13.2412, 11.8493],
			"to": [7.78284, 13.4412, 12.0493],
			"rotation": {"angle": 45, "axis": "y", "origin": [7.48284, 13.3412, 11.9493]},
			"faces": {
				"north": {"uv": [12, 0, 16, 4], "rotation": 90, "texture": "#0"},
				"east": {"uv": [12, 0, 16, 4], "rotation": 90, "texture": "#0"},
				"south": {"uv": [12, 0, 16, 4], "rotation": 90, "texture": "#0"},
				"west": {"uv": [12, 0, 16, 4], "rotation": 90, "texture": "#0"},
				"up": {"uv": [12, 0, 16, 4], "rotation": 90, "texture": "#0"},
				"down": {"uv": [12, 0, 16, 4], "rotation": 90, "texture": "#0"}
			}
		},
		{
			"from": [8.6, 13.2412, 12.09072],
			"to": [8.8, 13.4412, 14.29072],
			"rotation": {"angle": 0, "axis": "x", "origin": [8.3, 13.3412, 13.54072]},
			"faces": {
				"north": {"uv": [12, 0, 16, 4], "rotation": 90, "texture": "#0"},
				"east": {"uv": [12, 0, 16, 4], "rotation": 90, "texture": "#0"},
				"south": {"uv": [12, 0, 16, 4], "rotation": 90, "texture": "#0"},
				"west": {"uv": [12, 0, 16, 4], "rotation": 90, "texture": "#0"},
				"up": {"uv": [12, 0, 16, 4], "rotation": 90, "texture": "#0"},
				"down": {"uv": [12, 0, 16, 4], "rotation": 90, "texture": "#0"}
			}
		},
		{
			"from": [8.21716, 13.2412, 11.8493],
			"to": [8.81716, 13.4412, 12.0493],
			"rotation": {"angle": -45, "axis": "y", "origin": [8.51716, 13.3412, 11.9493]},
			"faces": {
				"north": {"uv": [12, 0, 16, 4], "rotation": 90, "texture": "#0"},
				"east": {"uv": [12, 0, 16, 4], "rotation": 90, "texture": "#0"},
				"south": {"uv": [12, 0, 16, 4], "rotation": 90, "texture": "#0"},
				"west": {"uv": [12, 0, 16, 4], "rotation": 90, "texture": "#0"},
				"up": {"uv": [12, 0, 16, 4], "rotation": 90, "texture": "#0"},
				"down": {"uv": [12, 0, 16, 4], "rotation": 90, "texture": "#0"}
			}
		},
		{
			"from": [7.62426, 13.2412, 11.66645],
			"to": [8.37426, 13.4412, 11.86645],
			"rotation": {"angle": 0, "axis": "y", "origin": [8.57426, 13.3412, 11.76645]},
			"faces": {
				"north": {"uv": [12, 0, 16, 4], "texture": "#0"},
				"east": {"uv": [12, 0, 16, 4], "texture": "#0"},
				"south": {"uv": [12, 0, 16, 4], "texture": "#0"},
				"west": {"uv": [12, 0, 16, 4], "texture": "#0"},
				"up": {"uv": [12, 0, 16, 4], "texture": "#0"},
				"down": {"uv": [12, 0, 16, 4], "texture": "#0"}
			}
		},
		{
			"from": [8.6, 13.48233, 14.20297],
			"to": [8.8, 13.68233, 15.70297],
			"rotation": {"angle": -22.5, "axis": "x", "origin": [7.9, 13.58233, 14.85297]},
			"faces": {
				"north": {"uv": [12, 0, 16, 4], "rotation": 90, "texture": "#0"},
				"east": {"uv": [12, 0, 16, 4], "rotation": 90, "texture": "#0"},
				"south": {"uv": [12, 0, 16, 4], "rotation": 90, "texture": "#0"},
				"west": {"uv": [12, 0, 16, 4], "rotation": 90, "texture": "#0"},
				"up": {"uv": [12, 0, 16, 4], "rotation": 90, "texture": "#0"},
				"down": {"uv": [12, 0, 16, 4], "rotation": 90, "texture": "#0"}
			}
		},
		{
			"from": [7.5, 11.3, -1.1],
			"to": [8.5, 12.3, 2.4],
			"rotation": {"angle": 0, "axis": "y", "origin": [0, 5, 0]},
			"faces": {
				"north": {"uv": [12, 8, 16, 12], "texture": "#0"},
				"east": {"uv": [15, 11, 16, 12], "texture": "#0"},
				"south": {"uv": [15, 11, 16, 12], "texture": "#0"},
				"west": {"uv": [15, 11, 16, 12], "texture": "#0"},
				"up": {"uv": [15, 11, 16, 12], "texture": "#0"},
				"down": {"uv": [15, 11, 16, 12], "texture": "#0"}
			}
		},
		{
			"from": [7.3, 11.1, 1.6],
			"to": [8.7, 12.5, 2.4],
			"rotation": {"angle": 0, "axis": "y", "origin": [0, 5, 0]},
			"faces": {
				"north": {"uv": [15, 12, 16, 13], "texture": "#0"},
				"east": {"uv": [15, 12, 16, 13], "texture": "#0"},
				"south": {"uv": [15, 12, 16, 13], "texture": "#0"},
				"west": {"uv": [15, 12, 16, 13], "texture": "#0"},
				"up": {"uv": [15, 12, 16, 13], "texture": "#0"},
				"down": {"uv": [15, 12, 16, 13], "texture": "#0"}
			}
		},
		{
			"from": [7.1, 10.9, 2.2],
			"to": [8.9, 12.8, 2.4],
			"rotation": {"angle": 0, "axis": "y", "origin": [0, 5, 0]},
			"faces": {
				"north": {"uv": [15, 12, 16, 13], "texture": "#0"},
				"east": {"uv": [15, 12, 16, 13], "texture": "#0"},
				"south": {"uv": [15, 12, 16, 13], "texture": "#0"},
				"west": {"uv": [15, 12, 16, 13], "texture": "#0"},
				"up": {"uv": [15, 12, 16, 13], "texture": "#0"},
				"down": {"uv": [15, 12, 16, 13], "texture": "#0"}
			}
		},
		{
			"from": [7.3, 11.1, 0.9],
			"to": [8.7, 12.5, 1.2],
			"rotation": {"angle": 0, "axis": "y", "origin": [0, 5, 0]},
			"faces": {
				"north": {"uv": [15, 12, 16, 13], "texture": "#0"},
				"east": {"uv": [15, 12, 16, 13], "texture": "#0"},
				"south": {"uv": [15, 12, 16, 13], "texture": "#0"},
				"west": {"uv": [15, 12, 16, 13], "texture": "#0"},
				"up": {"uv": [15, 12, 16, 13], "texture": "#0"},
				"down": {"uv": [15, 12, 16, 13], "texture": "#0"}
			}
		},
		{
			"from": [7.3, 11.1, 0.5],
			"to": [8.7, 12.5, 0.8],
			"rotation": {"angle": 0, "axis": "y", "origin": [0, 5, 0]},
			"faces": {
				"north": {"uv": [15, 12, 16, 13], "texture": "#0"},
				"east": {"uv": [15, 12, 16, 13], "texture": "#0"},
				"south": {"uv": [15, 12, 16, 13], "texture": "#0"},
				"west": {"uv": [15, 12, 16, 13], "texture": "#0"},
				"up": {"uv": [15, 12, 16, 13], "texture": "#0"},
				"down": {"uv": [15, 12, 16, 13], "texture": "#0"}
			}
		},
		{
			"from": [7.3, 11.1, 0.1],
			"to": [8.7, 12.5, 0.4],
			"rotation": {"angle": 0, "axis": "y", "origin": [0, 5, 0]},
			"faces": {
				"north": {"uv": [15, 12, 16, 13], "texture": "#0"},
				"east": {"uv": [15, 12, 16, 13], "texture": "#0"},
				"south": {"uv": [15, 12, 16, 13], "texture": "#0"},
				"west": {"uv": [15, 12, 16, 13], "texture": "#0"},
				"up": {"uv": [15, 12, 16, 13], "texture": "#0"},
				"down": {"uv": [15, 12, 16, 13], "texture": "#0"}
			}
		},
		{
			"from": [7.6, 8.4, 8.9],
			"to": [8.4, 10, 9.1],
			"rotation": {"angle": 0, "axis": "y", "origin": [0, 5, 0]},
			"faces": {
				"north": {"uv": [15, 0, 16, 1], "texture": "#0"},
				"east": {"uv": [15, 0, 16, 1], "texture": "#0"},
				"south": {"uv": [15, 0, 16, 1], "texture": "#0"},
				"west": {"uv": [15, 0, 16, 1], "texture": "#0"},
				"up": {"uv": [15, 0, 16, 1], "texture": "#0"},
				"down": {"uv": [15, 0, 16, 1], "texture": "#0"}
			}
		},
		{
			"from": [7.8, 9.2, 7.7],
			"to": [8.2, 9.8, 8],
			"rotation": {"angle": 0, "axis": "y", "origin": [0, 4.8, 0]},
			"faces": {
				"north": {"uv": [11, 12, 12, 13], "texture": "#0"},
				"east": {"uv": [11, 12, 12, 13], "texture": "#0"},
				"south": {"uv": [11, 12, 12, 13], "texture": "#0"},
				"west": {"uv": [11, 12, 12, 13], "texture": "#0"},
				"up": {"uv": [11, 12, 12, 13], "texture": "#0"},
				"down": {"uv": [11, 12, 12, 13], "texture": "#0"}
			}
		},
		{
			"from": [7.8, 9.7389, 7.59281],
			"to": [8.2, 10.3389, 7.89281],
			"rotation": {"angle": -22.5, "axis": "x", "origin": [8, 10.0389, 7.79281]},
			"faces": {
				"north": {"uv": [11, 12, 12, 13], "texture": "#0"},
				"east": {"uv": [11, 12, 12, 13], "texture": "#0"},
				"south": {"uv": [11, 12, 12, 13], "texture": "#0"},
				"west": {"uv": [11, 12, 12, 13], "texture": "#0"},
				"up": {"uv": [11, 12, 12, 13], "texture": "#0"},
				"down": {"uv": [11, 12, 12, 13], "texture": "#0"}
			}
		},
		{
			"from": [7.8, 8.6611, 7.59281],
			"to": [8.2, 9.2611, 7.89281],
			"rotation": {"angle": 22.5, "axis": "x", "origin": [8, 8.9611, 7.79281]},
			"faces": {
				"north": {"uv": [11, 12, 12, 13], "texture": "#0"},
				"east": {"uv": [11, 12, 12, 13], "texture": "#0"},
				"south": {"uv": [11, 12, 12, 13], "texture": "#0"},
				"west": {"uv": [11, 12, 12, 13], "texture": "#0"},
				"up": {"uv": [11, 12, 12, 13], "texture": "#0"},
				"down": {"uv": [11, 12, 12, 13], "texture": "#0"}
			}
		},
		{
			"from": [7.6, 8.40914, 5.60785],
			"to": [8.4, 10.00914, 5.80785],
			"rotation": {"angle": 0, "axis": "y", "origin": [0, 5.00914, 0.00785]},
			"faces": {
				"north": {"uv": [15, 0, 16, 1], "texture": "#0"},
				"east": {"uv": [15, 0, 16, 1], "texture": "#0"},
				"south": {"uv": [15, 0, 16, 1], "texture": "#0"},
				"west": {"uv": [15, 0, 16, 1], "texture": "#0"},
				"up": {"uv": [15, 0, 16, 1], "texture": "#0"},
				"down": {"uv": [15, 0, 16, 1], "texture": "#0"}
			}
		},
		{
			"from": [7.6, 7.71416, 6.14424],
			"to": [8.4, 8.71416, 6.34424],
			"rotation": {"angle": -45, "axis": "x", "origin": [8, 7.91416, 6.24424]},
			"faces": {
				"north": {"uv": [15, 0, 16, 1], "texture": "#0"},
				"east": {"uv": [15, 0, 16, 1], "texture": "#0"},
				"south": {"uv": [15, 0, 16, 1], "texture": "#0"},
				"west": {"uv": [15, 0, 16, 1], "texture": "#0"},
				"up": {"uv": [15, 0, 16, 1], "texture": "#0"},
				"down": {"uv": [15, 0, 16, 1], "texture": "#0"}
			}
		},
		{
			"from": [7.6, 6.61924, 10.19203],
			"to": [8.4, 7.11924, 10.39203],
			"rotation": {"angle": 45, "axis": "x", "origin": [8, 9.31924, 11.29203]},
			"faces": {
				"north": {"uv": [15, 0, 16, 1], "texture": "#0"},
				"east": {"uv": [15, 0, 16, 1], "texture": "#0"},
				"south": {"uv": [15, 0, 16, 1], "texture": "#0"},
				"west": {"uv": [15, 0, 16, 1], "texture": "#0"},
				"up": {"uv": [15, 0, 16, 1], "texture": "#0"},
				"down": {"uv": [15, 0, 16, 1], "texture": "#0"}
			}
		},
		{
			"from": [7.6, 7.70203, 6.31496],
			"to": [8.4, 7.90203, 7.91496],
			"rotation": {"angle": 0, "axis": "x", "origin": [8, 7.80203, 7.61496]},
			"faces": {
				"north": {"uv": [15, 0, 16, 1], "rotation": 180, "texture": "#0"},
				"east": {"uv": [15, 0, 16, 1], "rotation": 180, "texture": "#0"},
				"south": {"uv": [15, 0, 16, 1], "rotation": 180, "texture": "#0"},
				"west": {"uv": [15, 0, 16, 1], "rotation": 180, "texture": "#0"},
				"up": {"uv": [15, 0, 16, 1], "rotation": 180, "texture": "#0"},
				"down": {"uv": [15, 0, 16, 1], "rotation": 180, "texture": "#0"}
			}
		},
		{
			"from": [7.6, 7.94316, 7.82721],
			"to": [8.4, 8.14316, 8.72721],
			"rotation": {"angle": -22.5, "axis": "x", "origin": [8, 8.04316, 8.47721]},
			"faces": {
				"north": {"uv": [15, 0, 16, 1], "rotation": 180, "texture": "#0"},
				"east": {"uv": [15, 0, 16, 1], "rotation": 180, "texture": "#0"},
				"south": {"uv": [15, 0, 16, 1], "rotation": 180, "texture": "#0"},
				"west": {"uv": [15, 0, 16, 1], "rotation": 180, "texture": "#0"},
				"up": {"uv": [15, 0, 16, 1], "rotation": 180, "texture": "#0"},
				"down": {"uv": [15, 0, 16, 1], "rotation": 180, "texture": "#0"}
			}
		},
		{
			"from": [7.6, 12.9, 5],
			"to": [8.4, 13.7, 5.8],
			"rotation": {"angle": 0, "axis": "y", "origin": [0, 5, 0]},
			"faces": {
				"north": {"uv": [15, 15, 16, 16], "texture": "#0"},
				"east": {"uv": [15, 15, 16, 16], "texture": "#0"},
				"south": {"uv": [15, 15, 16, 16], "texture": "#0"},
				"west": {"uv": [15, 15, 16, 16], "texture": "#0"},
				"up": {"uv": [15, 15, 16, 16], "texture": "#0"},
				"down": {"uv": [15, 15, 16, 16], "texture": "#0"}
			}
		},
		{
			"from": [7.3, -0.55, 9.3],
			"to": [8.7, 9.05, 11.2],
			"rotation": {"angle": 0, "axis": "y", "origin": [8, 11.55, 8.7]},
			"faces": {
				"north": {"uv": [15, 11, 16, 12], "texture": "#0"},
				"east": {"uv": [15, 11, 16, 12], "texture": "#0"},
				"south": {"uv": [15, 11, 16, 12], "texture": "#0"},
				"west": {"uv": [15, 11, 16, 12], "texture": "#0"},
				"up": {"uv": [15, 11, 16, 12], "texture": "#0"},
				"down": {"uv": [15, 11, 16, 12], "texture": "#0"}
			}
		}
	],
	"display": {
		"thirdperson_righthand": {
			"translation": [0, -1, 0.5],
			"scale": [0.5, 0.5, 0.5]
		},
		"thirdperson_lefthand": {
			"scale": [0, 0, 0]
		},
		"firstperson_righthand": {
			"rotation": [-147, -15, 0],
			"translation": [10, 9.5, -7]
		},
		"firstperson_lefthand": {
			"scale": [0, 0, 0]
		},
		"ground": {
			"rotation": [0, 0, 90],
			"scale": [0.5, 0.5, 0.5]
		},
		"gui": {
			"rotation": [0, 90, 0],
			"translation": [0.5, 1.5, 0],
			"scale": [1.1, 1.1, 1.1]
		},
		"head": {
			"rotation": [0, 0, 90],
			"translation": [-1, -42, 0],
			"scale": [0.85, 0.85, 0.85]
		},
		"fixed": {
			"scale": [0, 0, 0]
		}
	},
	"groups": [
		{
			"name": "group",
			"origin": [8, 8, 8],
			"color": 0,
			"nbt": "{}",
			"armAnimationEnabled": false,
			"children": [0, 1, 2, 3, 4, 5, 6, 7, 8, 9, 10, 11, 12, 13, 14, 15, 16, 17, 18, 19, 20, 21]
		},
		{
			"name": "group",
			"origin": [0, 0, 0],
			"color": 0,
			"nbt": "{}",
			"armAnimationEnabled": false,
			"children": [22, 23, 24, 25, 26]
		},
		{
			"name": "group",
			"origin": [7.9, 8.58233, 14.15297],
			"color": 0,
			"nbt": "{}",
			"armAnimationEnabled": false,
			"children": [27, 28, 29, 30, 31, 32, 33, 34, 35]
		},
		{
			"name": "group",
			"origin": [0, 0, 0],
			"color": 0,
			"nbt": "{}",
			"armAnimationEnabled": false,
			"children": [36, 37, 38, 39, 40, 41]
		},
		{
			"name": "group",
			"origin": [8, 8, 8],
			"color": 0,
			"nbt": "{}",
			"armAnimationEnabled": false,
			"children": [42, 43, 44, 45, 46, 47, 48, 49, 50]
		},
		51,
		52
	]
}