{
	"credit": "Made with Blockbench",
	"textures": {
		"0": "slot_2:item/usp/0",
		"1": "slot_2:item/usp/1",
		"particle": "slot_2:item/usp/0"
	},
	"elements": [
		{
			"from": [6.91, -0.14824, -1.01428],
			"to": [8.99, 4.75176, 1.98572],
			"rotation": {"angle": 22.5, "axis": "x", "origin": [8.25, 4.82632, 3.61687]},
			"faces": {
				"north": {"uv": [15, 0, 16, 1], "texture": "#1"},
				"east": {"uv": [0, 0, 16, 16], "texture": "#1"},
				"south": {"uv": [15, 0, 16, 1], "texture": "#1"},
				"west": {"uv": [0, 16, 16, 0], "rotation": 180, "texture": "#1"},
				"up": {"uv": [16, 1, 15, 0], "texture": "#1"},
				"down": {"uv": [16, 0, 15, 1], "texture": "#1"}
			}
		},
		{
			"from": [6.91, 0.80269, -2.56544],
			"to": [8.99, 2.00269, 0.20456],
			"rotation": {"angle": 0, "axis": "x", "origin": [7.95, 3.25269, -1.36544]},
			"faces": {
				"north": {"uv": [15, 0, 16, 1], "texture": "#1"},
				"east": {"uv": [0, 0, 16, 16], "texture": "#1"},
				"south": {"uv": [15, 0, 16, 1], "texture": "#1"},
				"west": {"uv": [0, 16, 16, 0], "rotation": 180, "texture": "#1"},
				"up": {"uv": [16, 1, 15, 0], "texture": "#1"},
				"down": {"uv": [16, 0, 15, 1], "texture": "#1"}
			}
		},
		{
			"from": [6.91, 4.61008, 1.28846],
			"to": [8.99, 7.31008, 4.28846],
			"rotation": {"angle": 45, "axis": "x", "origin": [7.95, 8.21008, 2.78846]},
			"faces": {
				"north": {"uv": [15, 0, 16, 1], "texture": "#1"},
				"east": {"uv": [0, 0, 16, 16], "texture": "#1"},
				"south": {"uv": [15, 0, 16, 1], "texture": "#1"},
				"west": {"uv": [0, 16, 16, 0], "rotation": 180, "texture": "#1"},
				"up": {"uv": [16, 1, 15, 0], "texture": "#1"},
				"down": {"uv": [16, 0, 15, 1], "texture": "#1"}
			}
		},
		{
			"from": [6.91, 5.64057, -0.9903],
			"to": [8.99, 6.04057, 0.0097],
			"rotation": {"angle": 0, "axis": "x", "origin": [7.95, 6.14057, -0.6903]},
			"faces": {
				"north": {"uv": [0, 14, 2, 16], "rotation": 90, "texture": "#1"},
				"east": {"uv": [0, 14, 2, 16], "rotation": 90, "texture": "#1"},
				"south": {"uv": [0, 14, 2, 16], "rotation": 90, "texture": "#1"},
				"west": {"uv": [0, 14, 2, 16], "rotation": 90, "texture": "#1"},
				"up": {"uv": [0, 14, 2, 16], "rotation": 90, "texture": "#1"},
				"down": {"uv": [0, 14, 2, 16], "rotation": 90, "texture": "#1"}
			}
		},
		{
			"from": [6.89, 6.61093, -2.05822],
			"to": [9.01, 7.01093, -0.95822],
			"rotation": {"angle": 0, "axis": "y", "origin": [7.94, 6.11093, -0.65822]},
			"faces": {
				"north": {"uv": [0, 14, 2, 16], "rotation": 90, "texture": "#1"},
				"east": {"uv": [0, 14, 2, 16], "rotation": 90, "texture": "#1"},
				"south": {"uv": [0, 14, 2, 16], "rotation": 90, "texture": "#1"},
				"west": {"uv": [0, 14, 2, 16], "rotation": 90, "texture": "#1"},
				"up": {"uv": [0, 14, 2, 16], "rotation": 90, "texture": "#1"},
				"down": {"uv": [0, 14, 2, 16], "rotation": 90, "texture": "#1"}
			}
		},
		{
			"from": [6.79, 6.41093, -1.45822],
			"to": [9.11, 6.81093, -0.15822],
			"rotation": {"angle": 0, "axis": "y", "origin": [7.94, 6.11093, -0.65822]},
			"faces": {
				"north": {"uv": [0, 14, 2, 16], "rotation": 90, "texture": "#1"},
				"east": {"uv": [11, 13, 16, 16], "rotation": 90, "texture": "#0"},
				"south": {"uv": [0, 14, 2, 16], "rotation": 90, "texture": "#1"},
				"west": {"uv": [11, 13, 16, 16], "rotation": 90, "texture": "#0"},
				"up": {"uv": [0, 14, 2, 16], "rotation": 90, "texture": "#1"},
				"down": {"uv": [0, 14, 2, 16], "rotation": 90, "texture": "#1"}
			}
		},
		{
			"from": [6.79, 6.21093, 2.44178],
			"to": [9.11, 6.61093, 2.84178],
			"rotation": {"angle": 0, "axis": "y", "origin": [7.94, 6.11093, -0.65822]},
			"faces": {
				"north": {"uv": [0, 14, 2, 16], "rotation": 90, "texture": "#1"},
				"east": {"uv": [12, 8, 16, 12], "rotation": 90, "texture": "#0"},
				"south": {"uv": [0, 14, 2, 16], "rotation": 90, "texture": "#1"},
				"west": {"uv": [12, 8, 16, 12], "rotation": 90, "texture": "#0"},
				"up": {"uv": [0, 14, 2, 16], "rotation": 90, "texture": "#1"},
				"down": {"uv": [0, 14, 2, 16], "rotation": 90, "texture": "#1"}
			}
		},
		{
			"from": [6.91, 5.82446, -1.72921],
			"to": [8.99, 6.12446, -0.82921],
			"rotation": {"angle": -45, "axis": "x", "origin": [7.95, 6.92446, -1.37921]},
			"faces": {
				"north": {"uv": [0, 14, 2, 16], "rotation": 270, "texture": "#1"},
				"east": {"uv": [0, 14, 2, 16], "rotation": 270, "texture": "#1"},
				"south": {"uv": [0, 14, 2, 16], "rotation": 270, "texture": "#1"},
				"west": {"uv": [0, 14, 2, 16], "rotation": 270, "texture": "#1"},
				"up": {"uv": [0, 14, 2, 16], "rotation": 270, "texture": "#1"},
				"down": {"uv": [0, 14, 2, 16], "rotation": 270, "texture": "#1"}
			}
		},
		{
			"from": [6.92, 5.782, -2.3841],
			"to": [8.98, 6.782, -0.6941],
			"rotation": {"angle": 22.5, "axis": "x", "origin": [7.96, 5.77241, -0.24408]},
			"faces": {
				"north": {"uv": [0, 14, 2, 16], "rotation": 90, "texture": "#1"},
				"east": {"uv": [0, 14, 2, 16], "texture": "#1"},
				"south": {"uv": [0, 14, 2, 16], "rotation": 270, "texture": "#1"},
				"west": {"uv": [0, 14, 2, 16], "rotation": 180, "texture": "#1"},
				"up": {"uv": [0, 14, 2, 16], "rotation": 270, "texture": "#1"},
				"down": {"uv": [0, 14, 2, 16], "rotation": 90, "texture": "#1"}
			}
		},
		{
			"from": [6.9, 6.45, 1.8],
			"to": [9, 7, 10],
			"rotation": {"angle": 0, "axis": "y", "origin": [8.25, 4.82632, 3.61687]},
			"faces": {
				"north": {"uv": [0, 14, 1, 16], "texture": "#1"},
				"east": {"uv": [0, 14, 1, 16], "texture": "#1"},
				"south": {"uv": [0, 14, 1, 16], "texture": "#1"},
				"west": {"uv": [0, 14, 1, 16], "texture": "#1"},
				"up": {"uv": [0, 14, 1, 16], "texture": "#1"},
				"down": {"uv": [0, 14, 1, 16], "texture": "#1"}
			}
		},
		{
			"from": [7.865, 5.09911, 3.48536],
			"to": [8.035, 5.79911, 3.78536],
			"rotation": {"angle": 0, "axis": "x", "origin": [7.95, 5.24911, 3.63536]},
			"faces": {
				"north": {"uv": [12, 4, 16, 8], "rotation": 90, "texture": "#0"},
				"east": {"uv": [12, 0, 16, 4], "rotation": 90, "texture": "#0"},
				"south": {"uv": [12, 4, 16, 8], "rotation": 90, "texture": "#0"},
				"west": {"uv": [12, 0, 16, 4], "rotation": 90, "texture": "#0"},
				"up": {"uv": [12, 0, 16, 4], "rotation": 90, "texture": "#0"},
				"down": {"uv": [12, 0, 16, 4], "rotation": 90, "texture": "#0"}
			}
		},
		{
			"from": [7.865, 4.60769, 3.68892],
			"to": [8.035, 5.30769, 3.98892],
			"rotation": {"angle": -45, "axis": "x", "origin": [7.95, 4.95769, 3.83892]},
			"faces": {
				"north": {"uv": [12, 4, 16, 8], "rotation": 90, "texture": "#0"},
				"east": {"uv": [12, 0, 16, 4], "rotation": 90, "texture": "#0"},
				"south": {"uv": [12, 4, 16, 8], "rotation": 90, "texture": "#0"},
				"west": {"uv": [12, 0, 16, 4], "rotation": 90, "texture": "#0"},
				"up": {"uv": [12, 0, 16, 4], "rotation": 90, "texture": "#0"},
				"down": {"uv": [12, 0, 16, 4], "rotation": 90, "texture": "#0"}
			}
		},
		{
			"from": [7.865, 5.69757, 3.23791],
			"to": [8.035, 6.79757, 3.53791],
			"rotation": {"angle": 22.5, "axis": "x", "origin": [8.25, 5.12632, 3.61687]},
			"faces": {
				"north": {"uv": [12, 4, 16, 8], "rotation": 90, "texture": "#0"},
				"east": {"uv": [12, 0, 16, 4], "rotation": 90, "texture": "#0"},
				"south": {"uv": [12, 4, 16, 8], "rotation": 90, "texture": "#0"},
				"west": {"uv": [12, 0, 16, 4], "rotation": 90, "texture": "#0"},
				"up": {"uv": [12, 0, 16, 4], "rotation": 90, "texture": "#0"},
				"down": {"uv": [12, 0, 16, 4], "rotation": 90, "texture": "#0"}
			}
		},
		{
			"from": [7.71, 3.88898, 5.4226],
			"to": [8.19, 6.78898, 5.9226],
			"rotation": {"angle": 22.5, "axis": "x", "origin": [7.95, 5.08898, 5.3726]},
			"faces": {
				"north": {"uv": [12, 4, 16, 8], "rotation": 90, "texture": "#0"},
				"east": {"uv": [12, 0, 16, 4], "rotation": 90, "texture": "#0"},
				"south": {"uv": [12, 4, 16, 8], "rotation": 90, "texture": "#0"},
				"west": {"uv": [12, 0, 16, 4], "rotation": 90, "texture": "#0"},
				"up": {"uv": [12, 0, 16, 4], "rotation": 90, "texture": "#0"},
				"down": {"uv": [12, 0, 16, 4], "rotation": 90, "texture": "#0"}
			}
		},
		{
			"from": [7.71, 3.76985, 2.52151],
			"to": [8.19, 4.26985, 5.42151],
			"rotation": {"angle": 0, "axis": "x", "origin": [8.25, 4.82632, 3.61687]},
			"faces": {
				"north": {"uv": [12, 0, 16, 4], "texture": "#0"},
				"east": {"uv": [12, 0, 16, 4], "texture": "#0"},
				"south": {"uv": [12, 0, 16, 4], "texture": "#0"},
				"west": {"uv": [12, 0, 16, 4], "texture": "#0"},
				"up": {"uv": [12, 4, 16, 8], "texture": "#0"},
				"down": {"uv": [12, 4, 16, 8], "texture": "#0"}
			}
		},
		{
			"from": [7.71, 3.30475, 2.08936],
			"to": [8.19, 3.80475, 3.58936],
			"rotation": {"angle": 45, "axis": "x", "origin": [8.25, 4.82632, 3.61687]},
			"faces": {
				"north": {"uv": [12, 0, 16, 4], "texture": "#0"},
				"east": {"uv": [12, 0, 16, 4], "texture": "#0"},
				"south": {"uv": [12, 0, 16, 4], "texture": "#0"},
				"west": {"uv": [12, 0, 16, 4], "texture": "#0"},
				"up": {"uv": [12, 4, 16, 8], "texture": "#0"},
				"down": {"uv": [12, 4, 16, 8], "texture": "#0"}
			}
		},
		{
			"from": [7.71, 4.02697, 1.41795],
			"to": [8.19, 4.62697, 2.31795],
			"rotation": {"angle": 0, "axis": "x", "origin": [7.95, 4.47697, 2.16795]},
			"faces": {
				"north": {"uv": [12, 0, 16, 4], "rotation": 90, "texture": "#0"},
				"east": {"uv": [12, 0, 16, 4], "rotation": 90, "texture": "#0"},
				"south": {"uv": [12, 0, 16, 4], "rotation": 90, "texture": "#0"},
				"west": {"uv": [12, 0, 16, 4], "rotation": 90, "texture": "#0"},
				"up": {"uv": [12, 0, 16, 4], "rotation": 90, "texture": "#0"},
				"down": {"uv": [12, 4, 16, 8], "rotation": 90, "texture": "#0"}
			}
		},
		{
			"from": [7.21, -0.54824, -0.61428],
			"to": [8.69, 4.75176, 1.78572],
			"rotation": {"angle": 22.5, "axis": "x", "origin": [8.25, 4.82632, 3.61687]},
			"faces": {
				"north": {"uv": [0, 14, 2, 16], "rotation": 90, "texture": "#0"},
				"east": {"uv": [0, 14, 2, 16], "rotation": 90, "texture": "#0"},
				"south": {"uv": [0, 14, 2, 16], "rotation": 90, "texture": "#0"},
				"west": {"uv": [0, 14, 2, 16], "rotation": 90, "texture": "#0"},
				"up": {"uv": [0, 14, 2, 16], "rotation": 90, "texture": "#0"},
				"down": {"uv": [0, 14, 2, 16], "rotation": 90, "texture": "#0"}
			}
		},
		{
			"from": [7.21, -1.428, -0.19145],
			"to": [8.69, -1.128, 2.50855],
			"rotation": {"angle": 22.5, "axis": "x", "origin": [8.25, 5.04656, 3.8397]},
			"faces": {
				"north": {"uv": [0, 14, 2, 16], "rotation": 90, "texture": "#0"},
				"east": {"uv": [0, 14, 2, 16], "rotation": 90, "texture": "#0"},
				"south": {"uv": [0, 14, 2, 16], "rotation": 90, "texture": "#0"},
				"west": {"uv": [0, 14, 2, 16], "rotation": 90, "texture": "#0"},
				"up": {"uv": [0, 14, 2, 16], "rotation": 90, "texture": "#0"},
				"down": {"uv": [0, 14, 2, 16], "rotation": 90, "texture": "#0"}
			}
		},
		{
			"from": [7.21, -0.03838, -0.73165],
			"to": [8.69, 1.26162, -0.13165],
			"rotation": {"angle": 0, "axis": "x", "origin": [7.95, 0.66162, -0.38165]},
			"faces": {
				"north": {"uv": [0, 14, 2, 16], "rotation": 90, "texture": "#0"},
				"east": {"uv": [0, 14, 2, 16], "rotation": 90, "texture": "#0"},
				"south": {"uv": [0, 14, 2, 16], "rotation": 90, "texture": "#0"},
				"west": {"uv": [0, 14, 2, 16], "rotation": 90, "texture": "#0"},
				"up": {"uv": [0, 14, 2, 16], "rotation": 90, "texture": "#0"},
				"down": {"uv": [0, 14, 2, 16], "rotation": 90, "texture": "#0"}
			}
		},
		{
			"from": [7.21, 0.26162, -1.33165],
			"to": [8.69, 1.56162, -0.73165],
			"rotation": {"angle": 0, "axis": "y", "origin": [7.95, 0.66162, -0.38165]},
			"faces": {
				"north": {"uv": [0, 14, 2, 16], "rotation": 90, "texture": "#0"},
				"east": {"uv": [0, 14, 2, 16], "rotation": 90, "texture": "#0"},
				"south": {"uv": [0, 14, 2, 16], "rotation": 90, "texture": "#0"},
				"west": {"uv": [0, 14, 2, 16], "rotation": 90, "texture": "#0"},
				"up": {"uv": [0, 14, 2, 16], "rotation": 90, "texture": "#0"},
				"down": {"uv": [0, 14, 2, 16], "rotation": 90, "texture": "#0"}
			}
		},
		{
			"from": [7.21, 0.46162, -1.93165],
			"to": [8.69, 1.76162, -1.33165],
			"rotation": {"angle": 0, "axis": "y", "origin": [7.95, 0.66162, -0.38165]},
			"faces": {
				"north": {"uv": [0, 14, 2, 16], "rotation": 90, "texture": "#0"},
				"east": {"uv": [0, 14, 2, 16], "rotation": 90, "texture": "#0"},
				"south": {"uv": [0, 14, 2, 16], "rotation": 90, "texture": "#0"},
				"west": {"uv": [0, 14, 2, 16], "rotation": 90, "texture": "#0"},
				"up": {"uv": [0, 14, 2, 16], "rotation": 90, "texture": "#0"},
				"down": {"uv": [0, 14, 2, 16], "rotation": 90, "texture": "#0"}
			}
		},
		{
			"from": [7.21, 0.66162, -2.23165],
			"to": [8.69, 1.76162, -1.93165],
			"rotation": {"angle": 0, "axis": "y", "origin": [7.95, 0.66162, -0.38165]},
			"faces": {
				"north": {"uv": [0, 14, 2, 16], "rotation": 90, "texture": "#0"},
				"east": {"uv": [0, 14, 2, 16], "rotation": 90, "texture": "#0"},
				"south": {"uv": [0, 14, 2, 16], "rotation": 90, "texture": "#0"},
				"west": {"uv": [0, 14, 2, 16], "rotation": 90, "texture": "#0"},
				"up": {"uv": [0, 14, 2, 16], "rotation": 90, "texture": "#0"},
				"down": {"uv": [0, 14, 2, 16], "rotation": 90, "texture": "#0"}
			}
		},
		{
			"from": [6.9, 7, 1.8],
			"to": [9, 8.6, 10],
			"rotation": {"angle": 0, "axis": "y", "origin": [8.25, 4.82632, 3.61687]},
			"faces": {
				"north": {"uv": [0, 0, 1, 1], "texture": "#0"},
				"east": {"uv": [0, 0, 1, 1], "texture": "#0"},
				"south": {"uv": [0, 0, 1, 1], "texture": "#0"},
				"west": {"uv": [0, 0, 1, 1], "texture": "#0"},
				"up": {"uv": [0, 0, 1, 1], "texture": "#0"},
				"down": {"uv": [0, 0, 1, 1], "texture": "#0"}
			}
		},
		{
			"from": [7.85, 10.25322, 8.87777],
			"to": [8.05, 10.65322, 9.08777],
			"rotation": {"angle": 22.5, "axis": "x", "origin": [7.95, 8.64928, 4.72754]},
			"faces": {
				"north": {"uv": [4, 13, 5, 14], "rotation": 180, "texture": "#0"},
				"east": {"uv": [4, 13, 5, 14], "rotation": 270, "texture": "#0"},
				"south": {"uv": [4, 13, 5, 14], "texture": "#0"},
				"west": {"uv": [4, 13, 5, 14], "rotation": 90, "texture": "#0"},
				"up": {"uv": [4, 13, 5, 14], "rotation": 180, "texture": "#0"},
				"down": {"uv": [4, 13, 5, 14], "texture": "#0"}
			}
		},
		{
			"from": [7.85, 8.51246, 9.32873],
			"to": [8.05, 8.91246, 9.63873],
			"rotation": {"angle": 0, "axis": "x", "origin": [7.95, 8.76246, 9.48373]},
			"faces": {
				"north": {"uv": [4, 13, 5, 14], "rotation": 180, "texture": "#0"},
				"east": {"uv": [4, 13, 5, 14], "rotation": 270, "texture": "#0"},
				"south": {"uv": [4, 13, 5, 14], "texture": "#0"},
				"west": {"uv": [4, 13, 5, 14], "rotation": 90, "texture": "#0"},
				"up": {"uv": [4, 13, 5, 14], "rotation": 180, "texture": "#0"},
				"down": {"uv": [4, 13, 5, 14], "texture": "#0"}
			}
		},
		{
			"from": [8.1, 8.58, -1.4],
			"to": [8.9, 8.89, -0.9],
			"rotation": {"angle": 0, "axis": "y", "origin": [7.95, 8.63717, 3.66687]},
			"faces": {
				"north": {"uv": [4, 13, 5, 14], "texture": "#0"},
				"east": {"uv": [4, 13, 5, 14], "texture": "#0"},
				"south": {"uv": [4, 13, 5, 14], "texture": "#0"},
				"west": {"uv": [4, 13, 5, 14], "texture": "#0"},
				"up": {"uv": [4, 13, 5, 14], "texture": "#0"},
				"down": {"uv": [4, 13, 5, 14], "texture": "#0"}
			}
		},
		{
			"from": [7.8, 8.58, -1.4],
			"to": [8.1, 8.69, -0.9],
			"rotation": {"angle": 0, "axis": "y", "origin": [7.95, 8.63717, 3.66687]},
			"faces": {
				"north": {"uv": [4, 13, 5, 14], "texture": "#0"},
				"east": {"uv": [4, 13, 5, 14], "texture": "#0"},
				"south": {"uv": [4, 13, 5, 14], "texture": "#0"},
				"west": {"uv": [4, 13, 5, 14], "texture": "#0"},
				"up": {"uv": [4, 13, 5, 14], "texture": "#0"},
				"down": {"uv": [4, 13, 5, 14], "texture": "#0"}
			}
		},
		{
			"from": [7, 8.58, -1.4],
			"to": [7.8, 8.89, -0.9],
			"rotation": {"angle": 0, "axis": "y", "origin": [7.95, 8.63717, 3.66687]},
			"faces": {
				"north": {"uv": [4, 13, 5, 14], "texture": "#0"},
				"east": {"uv": [4, 13, 5, 14], "texture": "#0"},
				"south": {"uv": [4, 13, 5, 14], "texture": "#0"},
				"west": {"uv": [4, 13, 5, 14], "texture": "#0"},
				"up": {"uv": [4, 13, 5, 14], "texture": "#0"},
				"down": {"uv": [4, 13, 5, 14], "texture": "#0"}
			}
		},
		{
			"from": [6.9, 6.98, -1.4],
			"to": [9, 8.6, 1.8],
			"rotation": {"angle": 0, "axis": "y", "origin": [8.25, 4.82632, 3.61687]},
			"faces": {
				"north": {"uv": [0, 0, 1, 1], "texture": "#0"},
				"east": {"uv": [0, 0, 1, 1], "texture": "#0"},
				"south": {"uv": [0, 0, 1, 1], "texture": "#0"},
				"west": {"uv": [0, 0, 1, 1], "texture": "#0"},
				"up": {"uv": [0, 0, 1, 1], "texture": "#0"},
				"down": {"uv": [0, 0, 1, 1], "texture": "#0"}
			}
		},
		{
			"from": [6.9, 7.20339, -1.71759],
			"to": [9, 8.62339, -1.01759],
			"rotation": {"angle": 22.5, "axis": "x", "origin": [7.95, 7.81339, -1.61759]},
			"faces": {
				"north": {"uv": [0, 0, 1, 1], "texture": "#0"},
				"east": {"uv": [0, 0, 1, 1], "texture": "#0"},
				"south": {"uv": [0, 0, 1, 1], "texture": "#0"},
				"west": {"uv": [0, 0, 1, 1], "texture": "#0"},
				"up": {"uv": [0, 0, 1, 1], "texture": "#0"},
				"down": {"uv": [0, 0, 1, 1], "texture": "#0"}
			}
		},
		{
			"from": [6.9, 6.98, -1.9],
			"to": [9, 7.3, -1.4],
			"rotation": {"angle": 0, "axis": "x", "origin": [7.95, 7.04, -1.75]},
			"faces": {
				"north": {"uv": [0, 0, 1, 1], "texture": "#0"},
				"east": {"uv": [0, 0, 1, 1], "texture": "#0"},
				"south": {"uv": [0, 0, 1, 1], "texture": "#0"},
				"west": {"uv": [0, 0, 1, 1], "texture": "#0"},
				"up": {"uv": [0, 0, 1, 1], "texture": "#0"},
				"down": {"uv": [0, 0, 1, 1], "texture": "#0"}
			}
		},
		{
			"from": [6.9, 6.91422, -2.026],
			"to": [9, 7.23422, -1.866],
			"rotation": {"angle": 22.5, "axis": "x", "origin": [7.95, 7.02422, -1.71932]},
			"faces": {
				"north": {"uv": [0, 0, 1, 1], "texture": "#0"},
				"east": {"uv": [0, 0, 1, 1], "texture": "#0"},
				"south": {"uv": [0, 0, 1, 1], "texture": "#0"},
				"west": {"uv": [0, 0, 1, 1], "texture": "#0"},
				"up": {"uv": [0, 0, 1, 1], "texture": "#0"},
				"down": {"uv": [0, 0, 1, 1], "texture": "#0"}
			}
		},
		{
			"from": [6.8, 6.88, 0.2],
			"to": [9.1, 8.69, 0.3],
			"rotation": {"angle": 22.5, "axis": "x", "origin": [7.95, 7.785, 0.25]},
			"faces": {
				"north": {"uv": [4, 13, 5, 14], "texture": "#0"},
				"east": {"uv": [12, 14, 13, 15], "texture": "#0"},
				"south": {"uv": [4, 13, 5, 14], "texture": "#0"},
				"west": {"uv": [4, 13, 5, 14], "texture": "#0"},
				"up": {"uv": [4, 13, 5, 14], "texture": "#0"},
				"down": {"uv": [4, 13, 5, 14], "texture": "#0"}
			}
		},
		{
			"from": [6.8, 6.88, -0.3],
			"to": [9.1, 8.69, -0.2],
			"rotation": {"angle": 22.5, "axis": "x", "origin": [7.95, 7.785, -0.25]},
			"faces": {
				"north": {"uv": [4, 13, 5, 14], "texture": "#0"},
				"east": {"uv": [12, 14, 13, 15], "texture": "#0"},
				"south": {"uv": [4, 13, 5, 14], "texture": "#0"},
				"west": {"uv": [4, 13, 5, 14], "texture": "#0"},
				"up": {"uv": [4, 13, 5, 14], "texture": "#0"},
				"down": {"uv": [4, 13, 5, 14], "texture": "#0"}
			}
		},
		{
			"from": [6.8, 6.88, 1.2],
			"to": [9.1, 8.69, 1.3],
			"rotation": {"angle": 22.5, "axis": "x", "origin": [7.95, 7.785, 1.25]},
			"faces": {
				"north": {"uv": [4, 13, 5, 14], "texture": "#0"},
				"east": {"uv": [12, 14, 13, 15], "texture": "#0"},
				"south": {"uv": [4, 13, 5, 14], "texture": "#0"},
				"west": {"uv": [4, 13, 5, 14], "texture": "#0"},
				"up": {"uv": [4, 13, 5, 14], "texture": "#0"},
				"down": {"uv": [4, 13, 5, 14], "texture": "#0"}
			}
		},
		{
			"from": [6.8, 6.88, 0.7],
			"to": [9.1, 8.69, 0.8],
			"rotation": {"angle": 22.5, "axis": "x", "origin": [7.95, 7.785, 0.75]},
			"faces": {
				"north": {"uv": [4, 13, 5, 14], "texture": "#0"},
				"east": {"uv": [12, 14, 13, 15], "texture": "#0"},
				"south": {"uv": [4, 13, 5, 14], "texture": "#0"},
				"west": {"uv": [4, 13, 5, 14], "texture": "#0"},
				"up": {"uv": [4, 13, 5, 14], "texture": "#0"},
				"down": {"uv": [4, 13, 5, 14], "texture": "#0"}
			}
		},
		{
			"from": [6.8, 6.88, -0.8],
			"to": [9.1, 8.69, -0.7],
			"rotation": {"angle": 22.5, "axis": "x", "origin": [7.95, 7.785, -0.75]},
			"faces": {
				"north": {"uv": [4, 13, 5, 14], "texture": "#0"},
				"east": {"uv": [12, 14, 13, 15], "texture": "#0"},
				"south": {"uv": [4, 13, 5, 14], "texture": "#0"},
				"west": {"uv": [4, 13, 5, 14], "texture": "#0"},
				"up": {"uv": [4, 13, 5, 14], "texture": "#0"},
				"down": {"uv": [4, 13, 5, 14], "texture": "#0"}
			}
		},
		{
			"from": [6.8, 6.88, -1.3],
			"to": [9.1, 8.69, -1.2],
			"rotation": {"angle": 22.5, "axis": "x", "origin": [7.95, 7.785, -1.25]},
			"faces": {
				"north": {"uv": [4, 13, 5, 14], "texture": "#0"},
				"east": {"uv": [12, 14, 13, 15], "texture": "#0"},
				"south": {"uv": [4, 13, 5, 14], "texture": "#0"},
				"west": {"uv": [4, 13, 5, 14], "texture": "#0"},
				"up": {"uv": [4, 13, 5, 14], "texture": "#0"},
				"down": {"uv": [4, 13, 5, 14], "texture": "#0"}
			}
		},
		{
			"from": [7.5, 7.3, 1.8],
			"to": [8.4, 8.3, 10.5],
			"rotation": {"angle": 0, "axis": "y", "origin": [8.25, 4.82632, 3.61687]},
			"faces": {
				"north": {"uv": [3, 2, 7, 8], "texture": "#0"},
				"east": {"uv": [3, 2, 7, 8], "texture": "#0"},
				"south": {"uv": [3, 2, 7, 8], "texture": "#0"},
				"west": {"uv": [3, 2, 7, 8], "texture": "#0"},
				"up": {"uv": [3, 2, 7, 8], "texture": "#0"},
				"down": {"uv": [3, 2, 7, 8], "texture": "#0"}
			}
		},
		{
			"from": [7, 7, 10.5],
			"to": [8.8, 8.8, 21.2],
			"rotation": {"angle": 0, "axis": "y", "origin": [8.25, 4.82632, 3.61687]},
			"faces": {
				"north": {"uv": [0, 0, 1, 1], "texture": "#0"},
				"east": {"uv": [0, 0, 1, 1], "texture": "#0"},
				"south": {"uv": [1, 0, 9, 10], "rotation": 90, "texture": "#0"},
				"west": {"uv": [0, 0, 1, 1], "texture": "#0"},
				"up": {"uv": [0, 0, 1, 1], "texture": "#0"},
				"down": {"uv": [0, 0, 1, 1], "texture": "#0"}
			}
		},
		{
			"from": [8.8, 8.8, 10.5],
			"to": [8.9, 8.9, 21.2],
			"rotation": {"angle": 0, "axis": "y", "origin": [8.25, 4.82632, 3.61687]},
			"faces": {
				"north": {"uv": [3, 7, 4, 8], "rotation": 90, "texture": "#0"},
				"east": {"uv": [3, 7, 4, 8], "rotation": 90, "texture": "#0"},
				"south": {"uv": [3, 7, 4, 8], "rotation": 90, "texture": "#0"},
				"west": {"uv": [3, 7, 4, 8], "rotation": 90, "texture": "#0"},
				"up": {"uv": [3, 7, 4, 8], "rotation": 90, "texture": "#0"},
				"down": {"uv": [3, 7, 4, 8], "rotation": 90, "texture": "#0"}
			}
		},
		{
			"from": [6.9, 8.8, 10.5],
			"to": [8.9, 8.9, 10.6],
			"rotation": {"angle": 0, "axis": "y", "origin": [7.9, 7.9, 10.55]},
			"faces": {
				"north": {"uv": [3, 7, 4, 8], "rotation": 90, "texture": "#0"},
				"east": {"uv": [3, 7, 4, 8], "rotation": 90, "texture": "#0"},
				"south": {"uv": [3, 7, 4, 8], "rotation": 90, "texture": "#0"},
				"west": {"uv": [3, 7, 4, 8], "rotation": 90, "texture": "#0"},
				"up": {"uv": [3, 7, 4, 8], "rotation": 90, "texture": "#0"},
				"down": {"uv": [3, 7, 4, 8], "rotation": 90, "texture": "#0"}
			}
		},
		{
			"from": [6.9, 6.9, 10.5],
			"to": [8.9, 7, 10.6],
			"rotation": {"angle": 0, "axis": "y", "origin": [7.9, 7.9, 10.55]},
			"faces": {
				"north": {"uv": [3, 7, 4, 8], "rotation": 90, "texture": "#0"},
				"east": {"uv": [3, 7, 4, 8], "rotation": 90, "texture": "#0"},
				"south": {"uv": [3, 7, 4, 8], "rotation": 90, "texture": "#0"},
				"west": {"uv": [3, 7, 4, 8], "rotation": 90, "texture": "#0"},
				"up": {"uv": [3, 7, 4, 8], "rotation": 90, "texture": "#0"},
				"down": {"uv": [3, 7, 4, 8], "rotation": 90, "texture": "#0"}
			}
		},
		{
			"from": [6.9, 6.9, 10.5],
			"to": [7, 8.9, 10.6],
			"rotation": {"angle": 0, "axis": "z", "origin": [7.9, 7.9, 10.55]},
			"faces": {
				"north": {"uv": [3, 7, 4, 8], "rotation": 180, "texture": "#0"},
				"east": {"uv": [3, 7, 4, 8], "texture": "#0"},
				"south": {"uv": [3, 7, 4, 8], "texture": "#0"},
				"west": {"uv": [3, 7, 4, 8], "texture": "#0"},
				"up": {"uv": [3, 7, 4, 8], "texture": "#0"},
				"down": {"uv": [3, 7, 4, 8], "texture": "#0"}
			}
		},
		{
			"from": [8.8, 6.9, 10.5],
			"to": [8.9, 8.9, 10.6],
			"rotation": {"angle": 0, "axis": "z", "origin": [7.9, 7.9, 10.55]},
			"faces": {
				"north": {"uv": [3, 7, 4, 8], "rotation": 180, "texture": "#0"},
				"east": {"uv": [3, 7, 4, 8], "texture": "#0"},
				"south": {"uv": [3, 7, 4, 8], "texture": "#0"},
				"west": {"uv": [3, 7, 4, 8], "texture": "#0"},
				"up": {"uv": [3, 7, 4, 8], "texture": "#0"},
				"down": {"uv": [3, 7, 4, 8], "texture": "#0"}
			}
		},
		{
			"from": [6.9, 6.9, 21.1],
			"to": [8.9, 7, 21.2],
			"rotation": {"angle": 0, "axis": "y", "origin": [7.9, 7.9, 10.55]},
			"faces": {
				"north": {"uv": [3, 7, 4, 8], "rotation": 90, "texture": "#0"},
				"east": {"uv": [3, 7, 4, 8], "rotation": 90, "texture": "#0"},
				"south": {"uv": [3, 7, 4, 8], "rotation": 90, "texture": "#0"},
				"west": {"uv": [3, 7, 4, 8], "rotation": 90, "texture": "#0"},
				"up": {"uv": [3, 7, 4, 8], "rotation": 90, "texture": "#0"},
				"down": {"uv": [3, 7, 4, 8], "rotation": 90, "texture": "#0"}
			}
		},
		{
			"from": [6.9, 8.8, 21.1],
			"to": [8.9, 8.9, 21.2],
			"rotation": {"angle": 0, "axis": "y", "origin": [7.9, 7.9, 10.55]},
			"faces": {
				"north": {"uv": [3, 7, 4, 8], "rotation": 90, "texture": "#0"},
				"east": {"uv": [3, 7, 4, 8], "rotation": 90, "texture": "#0"},
				"south": {"uv": [3, 7, 4, 8], "rotation": 90, "texture": "#0"},
				"west": {"uv": [3, 7, 4, 8], "rotation": 90, "texture": "#0"},
				"up": {"uv": [3, 7, 4, 8], "rotation": 90, "texture": "#0"},
				"down": {"uv": [3, 7, 4, 8], "rotation": 90, "texture": "#0"}
			}
		},
		{
			"from": [6.9, 6.9, 21.1],
			"to": [7, 8.9, 21.2],
			"rotation": {"angle": 0, "axis": "y", "origin": [7.9, 7.9, 10.55]},
			"faces": {
				"north": {"uv": [3, 7, 4, 8], "rotation": 180, "texture": "#0"},
				"east": {"uv": [3, 7, 4, 8], "texture": "#0"},
				"south": {"uv": [3, 7, 4, 8], "texture": "#0"},
				"west": {"uv": [3, 7, 4, 8], "texture": "#0"},
				"up": {"uv": [3, 7, 4, 8], "texture": "#0"},
				"down": {"uv": [3, 7, 4, 8], "texture": "#0"}
			}
		},
		{
			"from": [8.8, 6.9, 21.1],
			"to": [8.9, 8.9, 21.2],
			"rotation": {"angle": 0, "axis": "y", "origin": [7.9, 7.9, 10.55]},
			"faces": {
				"north": {"uv": [3, 7, 4, 8], "rotation": 180, "texture": "#0"},
				"east": {"uv": [3, 7, 4, 8], "texture": "#0"},
				"south": {"uv": [3, 7, 4, 8], "texture": "#0"},
				"west": {"uv": [3, 7, 4, 8], "texture": "#0"},
				"up": {"uv": [3, 7, 4, 8], "texture": "#0"},
				"down": {"uv": [3, 7, 4, 8], "texture": "#0"}
			}
		},
		{
			"from": [6.9, 8.8, 10.5],
			"to": [7, 8.9, 21.2],
			"rotation": {"angle": 0, "axis": "y", "origin": [8.25, 4.82632, 3.61687]},
			"faces": {
				"north": {"uv": [3, 7, 4, 8], "rotation": 90, "texture": "#0"},
				"east": {"uv": [3, 7, 4, 8], "rotation": 90, "texture": "#0"},
				"south": {"uv": [3, 7, 4, 8], "rotation": 90, "texture": "#0"},
				"west": {"uv": [3, 7, 4, 8], "rotation": 90, "texture": "#0"},
				"up": {"uv": [3, 7, 4, 8], "rotation": 90, "texture": "#0"},
				"down": {"uv": [3, 7, 4, 8], "rotation": 90, "texture": "#0"}
			}
		},
		{
			"from": [8.8, 6.9, 10.5],
			"to": [8.9, 7, 21.2],
			"rotation": {"angle": 0, "axis": "y", "origin": [8.25, 4.82632, 3.61687]},
			"faces": {
				"north": {"uv": [3, 7, 4, 8], "rotation": 90, "texture": "#0"},
				"east": {"uv": [3, 7, 4, 8], "rotation": 90, "texture": "#0"},
				"south": {"uv": [3, 7, 4, 8], "rotation": 90, "texture": "#0"},
				"west": {"uv": [3, 7, 4, 8], "rotation": 90, "texture": "#0"},
				"up": {"uv": [3, 7, 4, 8], "rotation": 90, "texture": "#0"},
				"down": {"uv": [3, 7, 4, 8], "rotation": 90, "texture": "#0"}
			}
		},
		{
			"from": [6.9, 6.9, 10.5],
			"to": [7, 7, 21.2],
			"rotation": {"angle": 0, "axis": "y", "origin": [8.25, 4.82632, 3.61687]},
			"faces": {
				"north": {"uv": [3, 7, 4, 8], "rotation": 90, "texture": "#0"},
				"east": {"uv": [3, 7, 4, 8], "rotation": 90, "texture": "#0"},
				"south": {"uv": [3, 7, 4, 8], "rotation": 90, "texture": "#0"},
				"west": {"uv": [3, 7, 4, 8], "rotation": 90, "texture": "#0"},
				"up": {"uv": [3, 7, 4, 8], "rotation": 90, "texture": "#0"},
				"down": {"uv": [3, 7, 4, 8], "rotation": 90, "texture": "#0"}
			}
		}
	],
	"display": {
		"thirdperson_righthand": {
			"rotation": [0, -180, 0],
			"translation": [0, 1, -2],
			"scale": [0.5, 0.5, 0.5]
		},
		"thirdperson_lefthand": {
			"scale": [0, 0, 0]
		},
		"firstperson_righthand": {
			"rotation": [-8, 165, 0],
			"translation": [11.5, 0, -9]
		},
		"firstperson_lefthand": {
			"scale": [0, 0, 0]
		},
		"ground": {
			"rotation": [0, 0, 90],
			"scale": [0.5, 0.5, 0.5]
		},
		"gui": {
			"rotation": [-90, -45, -90],
			"translation": [2, 2, 0]
		},
		"head": {
			"rotation": [0, 0, 90],
			"translation": [-1, -42, 0],
			"scale": [0.75, 0.75, 0.75]
		},
		"fixed": {
			"scale": [0, 0, 0]
		}
	},
	"groups": [
		{
			"name": "group",
			"origin": [1.25, 7.55697, 8.46829],
			"color": 0,
			"children": [0, 1, 2, 3, 4, 5, 6, 7, 8, 9]
		},
		{
			"name": "group",
			"origin": [1.25, 4.76985, 7.37151],
			"color": 0,
			"children": [10, 11, 12]
		},
		{
			"name": "group",
			"origin": [1.25, 5.08051, 9.56085],
			"color": 0,
			"children": [13, 14, 15, 16]
		},
		{
			"name": "group",
			"origin": [7.95, 7.5, 8.5],
			"color": 0,
			"children": [17, 18, 19, 20, 21, 22]
		},
		{
			"name": "group",
			"origin": [8, 8, 8],
			"color": 0,
			"children": [
				23,
				{
					"name": "group",
					"origin": [1.25, 7.775, 4],
					"color": 0,
					"children": [24, 25, 26, 27, 28]
				},
				{
					"name": "group",
					"origin": [7.95, 7.775, 4],
					"color": 0,
					"children": [29, 30, 31, 32]
				},
				{
					"name": "group",
					"origin": [1.25, 7.775, 4],
					"color": 0,
					"children": [33, 34, 35, 36, 37, 38]
				}
			]
		},
		39,
		40,
		41,
		42,
		43,
		44,
		45,
		46,
		47,
		48,
		49,
		50,
		51,
		52
	]
}