{
    "effects.blaster": {
      "category": "player",
      "sounds": [
        {
          "name": "effects/blaster",
          "stream": false
        }]
    },
    "effects.heavyblaster": {
      "category": "player",
      "sounds": [
        {
          "name": "effects/heavyblaster",
          "stream": false
        }]
    },
	  "effects.riser": {
      "category": "player",
      "sounds": [
        {
          "name": "effects/2secriser",
          "stream": false
        }]
    },
    "effects.saberhum": {
      "category": "player",
      "sounds": [
        {
          "name": "effects/lightsaberhum",
          "stream": false
        }]
    },
    "effects.saberhum_idle": {
      "category": "player",
      "sounds": [
        {
          "name": "effects/lightsaberhum_idle",
          "stream": false
        }]
    },
    "effects.saber_start": {
      "category": "player",
      "sounds": [
        {
          "name": "effects/lightsaber_ignite",
          "stream": false
        }]
    },
    "effects.saber_stop": {
      "category": "player",
      "sounds": [
        {
          "name": "effects/lightsaber_exstinguish",
          "stream": false
        }]
    },
    "effects.lukedash": {
      "category": "player",
      "sounds": [
        {
          "name": "effects/woosh",
          "stream": false
        }]
    },
    "explosions.soniccharge": {
      "category": "player",
      "sounds": [
        {
          "name": "explosions/soniccharge",
          "stream": false
        }]
    },
    "effects.beepboop": {
      "category": "player",
      "sounds": [
        {
          "name": "effects/beepboop",
          "stream": false
        }]
    },
    "at-at.stomp": {
      "category": "player",
      "sounds": [
        {
          "name": "at-at/stomp",
          "pitch": 0.9,
          "stream": false
        },
        {
          "name": "at-at/stomp",
          "pitch": 1,
          "stream": false
        },
        {
          "name": "at-at/stomp",
          "pitch": 1.1,
          "stream": false
        }]
    },
    "at-at.blaster": {
      "category": "player",
      "sounds": [
        {
          "name": "at-at/blaster",
          "pitch": 1,
          "stream": false
        },
        {
          "name": "at-at/blaster",
          "pitch": 1.05,
          "stream": false
        }]
    }
}