{
	"credit": "Made with Blockbench",
	"texture_size": [32, 32],
	"textures": {
		"0": "gc/objects/dome",
		"particle": "gc/objects/dome"
	},
	"elements": [
		{
			"name": "voxel",
			"from": [14, 15, 6],
			"to": [18, 19, 10],
			"rotation": {"angle": 0, "axis": "y", "origin": [-10, -10, -10]},
			"faces": {
				"north": {"uv": [2.5, 6.5, 3, 7], "texture": "#0"},
				"east": {"uv": [9, 3, 9.5, 3.5], "texture": "#0"},
				"south": {"uv": [10, 10, 10.5, 10.5], "texture": "#0"},
				"west": {"uv": [0, 10.5, 0.5, 11], "texture": "#0"},
				"up": {"uv": [11, 0.5, 10.5, 0], "texture": "#0"},
				"down": {"uv": [1, 10.5, 0.5, 11], "texture": "#0"}
			}
		},
		{
			"name": "voxel",
			"from": [-2, 15, 6],
			"to": [2, 19, 10],
			"rotation": {"angle": 0, "axis": "y", "origin": [-10, -10, -10]},
			"faces": {
				"north": {"uv": [10.5, 0.5, 11, 1], "texture": "#0"},
				"east": {"uv": [1, 10.5, 1.5, 11], "texture": "#0"},
				"south": {"uv": [1.5, 10.5, 2, 11], "texture": "#0"},
				"west": {"uv": [10.5, 1.5, 11, 2], "texture": "#0"},
				"up": {"uv": [3, 11, 2.5, 10.5], "texture": "#0"},
				"down": {"uv": [3.5, 10.5, 3, 11], "texture": "#0"}
			}
		},
		{
			"name": "voxel",
			"from": [10, 15, 2],
			"to": [14, 19, 14],
			"rotation": {"angle": 0, "axis": "y", "origin": [-10, -10, -10]},
			"faces": {
				"north": {"uv": [3.5, 10.5, 4, 11], "texture": "#0"},
				"east": {"uv": [7, 3.5, 8.5, 4], "texture": "#0"},
				"south": {"uv": [4, 10.5, 4.5, 11], "texture": "#0"},
				"west": {"uv": [5.5, 7, 7, 7.5], "texture": "#0"},
				"up": {"uv": [0.5, 8.5, 0, 7], "texture": "#0"},
				"down": {"uv": [7.5, 6, 7, 7.5], "texture": "#0"}
			}
		},
		{
			"name": "voxel",
			"from": [2, 15, 2],
			"to": [6, 19, 14],
			"rotation": {"angle": 0, "axis": "y", "origin": [-10, -10, -10]},
			"faces": {
				"north": {"uv": [4.5, 10.5, 5, 11], "texture": "#0"},
				"east": {"uv": [7.5, 0, 9, 0.5], "texture": "#0"},
				"south": {"uv": [10.5, 4.5, 11, 5], "texture": "#0"},
				"west": {"uv": [0.5, 7.5, 2, 8], "texture": "#0"},
				"up": {"uv": [8, 2, 7.5, 0.5], "texture": "#0"},
				"down": {"uv": [2.5, 7.5, 2, 9], "texture": "#0"}
			}
		},
		{
			"name": "voxel",
			"from": [6, 15, -2],
			"to": [10, 19, 18],
			"rotation": {"angle": 0, "axis": "y", "origin": [-10, -10, -10]},
			"faces": {
				"north": {"uv": [5, 10.5, 5.5, 11], "texture": "#0"},
				"east": {"uv": [0, 4, 2.5, 4.5], "texture": "#0"},
				"south": {"uv": [10.5, 5.5, 11, 6], "texture": "#0"},
				"west": {"uv": [2.5, 4, 5, 4.5], "texture": "#0"},
				"up": {"uv": [0.5, 7, 0, 4.5], "texture": "#0"},
				"down": {"uv": [5, 0, 4.5, 2.5], "texture": "#0"}
			}
		},
		{
			"name": "voxel",
			"from": [2, 11, 14],
			"to": [14, 15, 22],
			"rotation": {"angle": 0, "axis": "y", "origin": [-10, -10, -10]},
			"faces": {
				"north": {"uv": [7.5, 2, 9, 2.5], "texture": "#0"},
				"east": {"uv": [8, 3, 9, 3.5], "texture": "#0"},
				"south": {"uv": [7.5, 4, 9, 4.5], "texture": "#0"},
				"west": {"uv": [7, 8, 8, 8.5], "texture": "#0"},
				"up": {"uv": [1.5, 1, 0, 0], "texture": "#0"},
				"down": {"uv": [1.5, 1, 0, 2], "texture": "#0"}
			}
		},
		{
			"name": "voxel",
			"from": [14, 11, -2],
			"to": [18, 15, 18],
			"rotation": {"angle": 0, "axis": "y", "origin": [-10, -10, -10]},
			"faces": {
				"north": {"uv": [10.5, 6, 11, 6.5], "texture": "#0"},
				"east": {"uv": [0.5, 4.5, 3, 5], "texture": "#0"},
				"south": {"uv": [6.5, 10.5, 7, 11], "texture": "#0"},
				"west": {"uv": [4.5, 2.5, 7, 3], "texture": "#0"},
				"up": {"uv": [3.5, 7, 3, 4.5], "texture": "#0"},
				"down": {"uv": [4, 4.5, 3.5, 7], "texture": "#0"}
			}
		},
		{
			"name": "voxel",
			"from": [-2, 11, -2],
			"to": [2, 15, 18],
			"rotation": {"angle": 0, "axis": "y", "origin": [-10, -10, -10]},
			"faces": {
				"north": {"uv": [10.5, 6.5, 11, 7], "texture": "#0"},
				"east": {"uv": [4.5, 3, 7, 3.5], "texture": "#0"},
				"south": {"uv": [7, 10.5, 7.5, 11], "texture": "#0"},
				"west": {"uv": [4.5, 3.5, 7, 4], "texture": "#0"},
				"up": {"uv": [4.5, 7, 4, 4.5], "texture": "#0"},
				"down": {"uv": [5, 4.5, 4.5, 7], "texture": "#0"}
			}
		},
		{
			"name": "voxel",
			"from": [2, 11, -6],
			"to": [14, 15, 2],
			"rotation": {"angle": 0, "axis": "y", "origin": [-10, -10, -10]},
			"faces": {
				"north": {"uv": [7.5, 4.5, 9, 5], "texture": "#0"},
				"east": {"uv": [8, 8, 9, 8.5], "texture": "#0"},
				"south": {"uv": [7.5, 5, 9, 5.5], "texture": "#0"},
				"west": {"uv": [0, 8.5, 1, 9], "texture": "#0"},
				"up": {"uv": [3, 1, 1.5, 0], "texture": "#0"},
				"down": {"uv": [3, 1, 1.5, 2], "texture": "#0"}
			}
		},
		{
			"name": "voxel",
			"from": [6, 7, 22],
			"to": [10, 11, 26],
			"rotation": {"angle": 0, "axis": "y", "origin": [-10, -10, -10]},
			"faces": {
				"north": {"uv": [10.5, 7.5, 11, 8], "texture": "#0"},
				"east": {"uv": [10.5, 8, 11, 8.5], "texture": "#0"},
				"south": {"uv": [8.5, 10.5, 9, 11], "texture": "#0"},
				"west": {"uv": [10.5, 8.5, 11, 9], "texture": "#0"},
				"up": {"uv": [9.5, 11, 9, 10.5], "texture": "#0"},
				"down": {"uv": [11, 9, 10.5, 9.5], "texture": "#0"}
			}
		},
		{
			"name": "voxel",
			"from": [-2, 7, 18],
			"to": [18, 11, 22],
			"rotation": {"angle": 0, "axis": "y", "origin": [-10, -10, -10]},
			"faces": {
				"north": {"uv": [5, 0, 7.5, 0.5], "texture": "#0"},
				"east": {"uv": [9.5, 10.5, 10, 11], "texture": "#0"},
				"south": {"uv": [0.5, 5, 3, 5.5], "texture": "#0"},
				"west": {"uv": [10, 10.5, 10.5, 11], "texture": "#0"},
				"up": {"uv": [7.5, 1, 5, 0.5], "texture": "#0"},
				"down": {"uv": [7.5, 1, 5, 1.5], "texture": "#0"}
			}
		},
		{
			"name": "voxel",
			"from": [22, 7, 6],
			"to": [26, 11, 10],
			"rotation": {"angle": 0, "axis": "y", "origin": [-10, -10, -10]},
			"faces": {
				"north": {"uv": [10.5, 10, 11, 10.5], "texture": "#0"},
				"east": {"uv": [10.5, 10.5, 11, 11], "texture": "#0"},
				"south": {"uv": [0, 11, 0.5, 11.5], "texture": "#0"},
				"west": {"uv": [11, 0, 11.5, 0.5], "texture": "#0"},
				"up": {"uv": [1, 11.5, 0.5, 11], "texture": "#0"},
				"down": {"uv": [11.5, 0.5, 11, 1], "texture": "#0"}
			}
		},
		{
			"name": "voxel",
			"from": [-10, 7, 6],
			"to": [-6, 11, 10],
			"rotation": {"angle": 0, "axis": "y", "origin": [-10, -10, -10]},
			"faces": {
				"north": {"uv": [1, 11, 1.5, 11.5], "texture": "#0"},
				"east": {"uv": [11, 1, 11.5, 1.5], "texture": "#0"},
				"south": {"uv": [1.5, 11, 2, 11.5], "texture": "#0"},
				"west": {"uv": [11, 1.5, 11.5, 2], "texture": "#0"},
				"up": {"uv": [2.5, 11.5, 2, 11], "texture": "#0"},
				"down": {"uv": [11.5, 2, 11, 2.5], "texture": "#0"}
			}
		},
		{
			"name": "voxel",
			"from": [18, 7, 2],
			"to": [22, 15, 14],
			"rotation": {"angle": 0, "axis": "y", "origin": [-10, -10, -10]},
			"faces": {
				"north": {"uv": [1, 8.5, 1.5, 9.5], "texture": "#0"},
				"east": {"uv": [0, 2, 1.5, 3], "texture": "#0"},
				"south": {"uv": [1.5, 8.5, 2, 9.5], "texture": "#0"},
				"west": {"uv": [1.5, 2, 3, 3], "texture": "#0"},
				"up": {"uv": [6, 9, 5.5, 7.5], "texture": "#0"},
				"down": {"uv": [8, 5.5, 7.5, 7], "texture": "#0"}
			}
		},
		{
			"name": "voxel",
			"from": [-6, 7, 2],
			"to": [-2, 15, 14],
			"rotation": {"angle": 0, "axis": "y", "origin": [-10, -10, -10]},
			"faces": {
				"north": {"uv": [2.5, 8.5, 3, 9.5], "texture": "#0"},
				"east": {"uv": [0, 3, 1.5, 4], "texture": "#0"},
				"south": {"uv": [3, 8.5, 3.5, 9.5], "texture": "#0"},
				"west": {"uv": [3, 0, 4.5, 1], "texture": "#0"},
				"up": {"uv": [6.5, 9, 6, 7.5], "texture": "#0"},
				"down": {"uv": [7, 7.5, 6.5, 9], "texture": "#0"}
			}
		},
		{
			"name": "voxel",
			"from": [10, 7, -6],
			"to": [18, 11, -2],
			"rotation": {"angle": 0, "axis": "y", "origin": [-10, -10, -10]},
			"faces": {
				"north": {"uv": [8.5, 3.5, 9.5, 4], "texture": "#0"},
				"east": {"uv": [2.5, 11, 3, 11.5], "texture": "#0"},
				"south": {"uv": [8.5, 5.5, 9.5, 6], "texture": "#0"},
				"west": {"uv": [11, 2.5, 11.5, 3], "texture": "#0"},
				"up": {"uv": [9.5, 6.5, 8.5, 6], "texture": "#0"},
				"down": {"uv": [9.5, 6.5, 8.5, 7], "texture": "#0"}
			}
		},
		{
			"name": "voxel",
			"from": [-2, 7, -6],
			"to": [6, 11, -2],
			"rotation": {"angle": 0, "axis": "y", "origin": [-10, -10, -10]},
			"faces": {
				"north": {"uv": [7, 8.5, 8, 9], "texture": "#0"},
				"east": {"uv": [3, 11, 3.5, 11.5], "texture": "#0"},
				"south": {"uv": [8.5, 7.5, 9.5, 8], "texture": "#0"},
				"west": {"uv": [11, 3, 11.5, 3.5], "texture": "#0"},
				"up": {"uv": [9, 9, 8, 8.5], "texture": "#0"},
				"down": {"uv": [1, 9, 0, 9.5], "texture": "#0"}
			}
		},
		{
			"name": "voxel",
			"from": [6, 7, -10],
			"to": [10, 11, -2],
			"rotation": {"angle": 0, "axis": "y", "origin": [-10, -10, -10]},
			"faces": {
				"north": {"uv": [3.5, 11, 4, 11.5], "texture": "#0"},
				"east": {"uv": [9, 0, 10, 0.5], "texture": "#0"},
				"south": {"uv": [11, 3.5, 11.5, 4], "texture": "#0"},
				"west": {"uv": [9, 2, 10, 2.5], "texture": "#0"},
				"up": {"uv": [4, 9.5, 3.5, 8.5], "texture": "#0"},
				"down": {"uv": [2.5, 9, 2, 10], "texture": "#0"}
			}
		},
		{
			"name": "voxel",
			"from": [2, 3, 22],
			"to": [14, 7, 26],
			"rotation": {"angle": 0, "axis": "y", "origin": [-10, -10, -10]},
			"faces": {
				"north": {"uv": [7, 7.5, 8.5, 8], "texture": "#0"},
				"east": {"uv": [4, 11, 4.5, 11.5], "texture": "#0"},
				"south": {"uv": [7.5, 7, 9, 7.5], "texture": "#0"},
				"west": {"uv": [11, 4, 11.5, 4.5], "texture": "#0"},
				"up": {"uv": [2, 8.5, 0.5, 8], "texture": "#0"},
				"down": {"uv": [9.5, 0.5, 8, 1], "texture": "#0"}
			}
		},
		{
			"name": "voxel",
			"from": [18, 3, 14],
			"to": [22, 11, 18],
			"rotation": {"angle": 0, "axis": "y", "origin": [-10, -10, -10]},
			"faces": {
				"north": {"uv": [9, 4, 9.5, 5], "texture": "#0"},
				"east": {"uv": [5.5, 9, 6, 10], "texture": "#0"},
				"south": {"uv": [6, 9, 6.5, 10], "texture": "#0"},
				"west": {"uv": [6.5, 9, 7, 10], "texture": "#0"},
				"up": {"uv": [5, 11.5, 4.5, 11], "texture": "#0"},
				"down": {"uv": [11.5, 4.5, 11, 5], "texture": "#0"}
			}
		},
		{
			"name": "voxel",
			"from": [-6, 3, 14],
			"to": [-2, 11, 18],
			"rotation": {"angle": 0, "axis": "y", "origin": [-10, -10, -10]},
			"faces": {
				"north": {"uv": [7, 9, 7.5, 10], "texture": "#0"},
				"east": {"uv": [7.5, 9, 8, 10], "texture": "#0"},
				"south": {"uv": [8, 9, 8.5, 10], "texture": "#0"},
				"west": {"uv": [9, 8, 9.5, 9], "texture": "#0"},
				"up": {"uv": [5.5, 11.5, 5, 11], "texture": "#0"},
				"down": {"uv": [11.5, 5, 11, 5.5], "texture": "#0"}
			}
		},
		{
			"name": "voxel",
			"from": [18, 3, -2],
			"to": [22, 11, 2],
			"rotation": {"angle": 0, "axis": "y", "origin": [-10, -10, -10]},
			"faces": {
				"north": {"uv": [8.5, 9, 9, 10], "texture": "#0"},
				"east": {"uv": [9, 9, 9.5, 10], "texture": "#0"},
				"south": {"uv": [0, 9.5, 0.5, 10.5], "texture": "#0"},
				"west": {"uv": [0.5, 9.5, 1, 10.5], "texture": "#0"},
				"up": {"uv": [6, 11.5, 5.5, 11], "texture": "#0"},
				"down": {"uv": [11.5, 5.5, 11, 6], "texture": "#0"}
			}
		},
		{
			"name": "voxel",
			"from": [-6, 3, -2],
			"to": [-2, 11, 2],
			"rotation": {"angle": 0, "axis": "y", "origin": [-10, -10, -10]},
			"faces": {
				"north": {"uv": [9.5, 0.5, 10, 1.5], "texture": "#0"},
				"east": {"uv": [1, 9.5, 1.5, 10.5], "texture": "#0"},
				"south": {"uv": [1.5, 9.5, 2, 10.5], "texture": "#0"},
				"west": {"uv": [2.5, 9.5, 3, 10.5], "texture": "#0"},
				"up": {"uv": [6.5, 11.5, 6, 11], "texture": "#0"},
				"down": {"uv": [11.5, 6, 11, 6.5], "texture": "#0"}
			}
		},
		{
			"name": "voxel",
			"from": [2, 3, -10],
			"to": [14, 7, -6],
			"rotation": {"angle": 0, "axis": "y", "origin": [-10, -10, -10]},
			"faces": {
				"north": {"uv": [8, 1, 9.5, 1.5], "texture": "#0"},
				"east": {"uv": [6.5, 11, 7, 11.5], "texture": "#0"},
				"south": {"uv": [8, 1.5, 9.5, 2], "texture": "#0"},
				"west": {"uv": [11, 6.5, 11.5, 7], "texture": "#0"},
				"up": {"uv": [4, 8.5, 2.5, 8], "texture": "#0"},
				"down": {"uv": [9.5, 2.5, 8, 3], "texture": "#0"}
			}
		},
		{
			"name": "voxel",
			"from": [-2, -1, 22],
			"to": [18, 3, 26],
			"rotation": {"angle": 0, "axis": "y", "origin": [-10, -10, -10]},
			"faces": {
				"north": {"uv": [5, 1.5, 7.5, 2], "texture": "#0"},
				"east": {"uv": [7, 11, 7.5, 11.5], "texture": "#0"},
				"south": {"uv": [5, 2, 7.5, 2.5], "texture": "#0"},
				"west": {"uv": [11, 7, 11.5, 7.5], "texture": "#0"},
				"up": {"uv": [7.5, 4.5, 5, 4], "texture": "#0"},
				"down": {"uv": [7.5, 4.5, 5, 5], "texture": "#0"}
			}
		},
		{
			"name": "voxel",
			"from": [14, -1, 18],
			"to": [22, 7, 22],
			"rotation": {"angle": 0, "axis": "y", "origin": [-10, -10, -10]},
			"faces": {
				"north": {"uv": [5, 6, 6, 7], "texture": "#0"},
				"east": {"uv": [9.5, 2.5, 10, 3.5], "texture": "#0"},
				"south": {"uv": [6, 6, 7, 7], "texture": "#0"},
				"west": {"uv": [3, 9.5, 3.5, 10.5], "texture": "#0"},
				"up": {"uv": [10, 5.5, 9, 5], "texture": "#0"},
				"down": {"uv": [10, 7, 9, 7.5], "texture": "#0"}
			}
		},
		{
			"name": "voxel",
			"from": [-6, -1, 18],
			"to": [2, 7, 22],
			"rotation": {"angle": 0, "axis": "y", "origin": [-10, -10, -10]},
			"faces": {
				"north": {"uv": [0.5, 6.5, 1.5, 7.5], "texture": "#0"},
				"east": {"uv": [3.5, 9.5, 4, 10.5], "texture": "#0"},
				"south": {"uv": [1.5, 6.5, 2.5, 7.5], "texture": "#0"},
				"west": {"uv": [9.5, 3.5, 10, 4.5], "texture": "#0"},
				"up": {"uv": [10.5, 2, 9.5, 1.5], "texture": "#0"},
				"down": {"uv": [5, 9.5, 4, 10], "texture": "#0"}
			}
		},
		{
			"name": "voxel",
			"from": [18, -1, 14],
			"to": [26, 3, 18],
			"rotation": {"angle": 0, "axis": "y", "origin": [-10, -10, -10]},
			"faces": {
				"north": {"uv": [9.5, 4.5, 10.5, 5], "texture": "#0"},
				"east": {"uv": [7.5, 11, 8, 11.5], "texture": "#0"},
				"south": {"uv": [9.5, 5.5, 10.5, 6], "texture": "#0"},
				"west": {"uv": [11, 7.5, 11.5, 8], "texture": "#0"},
				"up": {"uv": [10.5, 6.5, 9.5, 6], "texture": "#0"},
				"down": {"uv": [10.5, 6.5, 9.5, 7], "texture": "#0"}
			}
		},
		{
			"name": "voxel",
			"from": [-10, -1, 14],
			"to": [-2, 3, 18],
			"rotation": {"angle": 0, "axis": "y", "origin": [-10, -10, -10]},
			"faces": {
				"north": {"uv": [9.5, 7.5, 10.5, 8], "texture": "#0"},
				"east": {"uv": [8, 11, 8.5, 11.5], "texture": "#0"},
				"south": {"uv": [9.5, 8, 10.5, 8.5], "texture": "#0"},
				"west": {"uv": [11, 8, 11.5, 8.5], "texture": "#0"},
				"up": {"uv": [10.5, 9, 9.5, 8.5], "texture": "#0"},
				"down": {"uv": [10.5, 9, 9.5, 9.5], "texture": "#0"}
			}
		},
		{
			"name": "voxel",
			"from": [22, -1, 2],
			"to": [26, 7, 14],
			"rotation": {"angle": 0, "axis": "y", "origin": [-10, -10, -10]},
			"faces": {
				"north": {"uv": [5, 9.5, 5.5, 10.5], "texture": "#0"},
				"east": {"uv": [3, 1, 4.5, 2], "texture": "#0"},
				"south": {"uv": [9.5, 9.5, 10, 10.5], "texture": "#0"},
				"west": {"uv": [1.5, 3, 3, 4], "texture": "#0"},
				"up": {"uv": [4.5, 9.5, 4, 8], "texture": "#0"},
				"down": {"uv": [5, 8, 4.5, 9.5], "texture": "#0"}
			}
		},
		{
			"name": "voxel",
			"from": [-10, -1, 2],
			"to": [-6, 7, 14],
			"rotation": {"angle": 0, "axis": "y", "origin": [-10, -10, -10]},
			"faces": {
				"north": {"uv": [10, 0, 10.5, 1], "texture": "#0"},
				"east": {"uv": [3, 2, 4.5, 3], "texture": "#0"},
				"south": {"uv": [2, 10, 2.5, 11], "texture": "#0"},
				"west": {"uv": [3, 3, 4.5, 4], "texture": "#0"},
				"up": {"uv": [5.5, 9.5, 5, 8], "texture": "#0"},
				"down": {"uv": [8.5, 5.5, 8, 7], "texture": "#0"}
			}
		},
		{
			"name": "voxel",
			"from": [18, -1, -2],
			"to": [26, 3, 2],
			"rotation": {"angle": 0, "axis": "y", "origin": [-10, -10, -10]},
			"faces": {
				"north": {"uv": [10, 1, 11, 1.5], "texture": "#0"},
				"east": {"uv": [8.5, 11, 9, 11.5], "texture": "#0"},
				"south": {"uv": [10, 2, 11, 2.5], "texture": "#0"},
				"west": {"uv": [11, 8.5, 11.5, 9], "texture": "#0"},
				"up": {"uv": [11, 3, 10, 2.5], "texture": "#0"},
				"down": {"uv": [11, 3, 10, 3.5], "texture": "#0"}
			}
		},
		{
			"name": "voxel",
			"from": [-10, -1, -2],
			"to": [-2, 3, 2],
			"rotation": {"angle": 0, "axis": "y", "origin": [-10, -10, -10]},
			"faces": {
				"north": {"uv": [10, 3.5, 11, 4], "texture": "#0"},
				"east": {"uv": [9, 11, 9.5, 11.5], "texture": "#0"},
				"south": {"uv": [4, 10, 5, 10.5], "texture": "#0"},
				"west": {"uv": [11, 9, 11.5, 9.5], "texture": "#0"},
				"up": {"uv": [11, 4.5, 10, 4], "texture": "#0"},
				"down": {"uv": [11, 5, 10, 5.5], "texture": "#0"}
			}
		},
		{
			"name": "voxel",
			"from": [14, -1, -6],
			"to": [22, 7, -2],
			"rotation": {"angle": 0, "axis": "y", "origin": [-10, -10, -10]},
			"faces": {
				"north": {"uv": [2.5, 7, 3.5, 8], "texture": "#0"},
				"east": {"uv": [5.5, 10, 6, 11], "texture": "#0"},
				"south": {"uv": [7, 2.5, 8, 3.5], "texture": "#0"},
				"west": {"uv": [6, 10, 6.5, 11], "texture": "#0"},
				"up": {"uv": [7.5, 10.5, 6.5, 10], "texture": "#0"},
				"down": {"uv": [11, 7, 10, 7.5], "texture": "#0"}
			}
		},
		{
			"name": "voxel",
			"from": [-6, -1, -6],
			"to": [2, 7, -2],
			"rotation": {"angle": 0, "axis": "y", "origin": [-10, -10, -10]},
			"faces": {
				"north": {"uv": [3.5, 7, 4.5, 8], "texture": "#0"},
				"east": {"uv": [7.5, 10, 8, 11], "texture": "#0"},
				"south": {"uv": [4.5, 7, 5.5, 8], "texture": "#0"},
				"west": {"uv": [8, 10, 8.5, 11], "texture": "#0"},
				"up": {"uv": [9.5, 10.5, 8.5, 10], "texture": "#0"},
				"down": {"uv": [11, 9.5, 10, 10], "texture": "#0"}
			}
		},
		{
			"name": "voxel",
			"from": [-2, -1, -10],
			"to": [18, 3, -6],
			"rotation": {"angle": 0, "axis": "y", "origin": [-10, -10, -10]},
			"faces": {
				"north": {"uv": [5, 5, 7.5, 5.5], "texture": "#0"},
				"east": {"uv": [9.5, 11, 10, 11.5], "texture": "#0"},
				"south": {"uv": [0.5, 5.5, 3, 6], "texture": "#0"},
				"west": {"uv": [11, 9.5, 11.5, 10], "texture": "#0"},
				"up": {"uv": [7.5, 6, 5, 5.5], "texture": "#0"},
				"down": {"uv": [3, 6, 0.5, 6.5], "texture": "#0"}
			}
		}
	],
	"display": {
		"head": {
			"translation": [0, -6.5, 0],
			"scale": [4, 4, 4]
		}
	},
	"groups": [
		{
			"name": "voxel_file",
			"origin": [8, 8, 8],
			"color": 0,
			"children": [0, 1, 2, 3, 4, 5, 6, 7, 8, 9, 10, 11, 12, 13, 14, 15, 16, 17, 18, 19, 20, 21, 22, 23, 24, 25, 26, 27, 28, 29, 30, 31, 32, 33, 34, 35]
		}
	]
}