{
	"credit": "Made with Blockbench",
	"texture_size": [32, 32],
	"textures": {
		"0": "gc/objects/dome_top",
		"particle": "gc/objects/dome_top"
	},
	"elements": [
		{
			"name": "smol",
			"from": [2, 2, 2],
			"to": [6, 6, 6],
			"faces": {
				"north": {"uv": [6, 0, 8, 2], "texture": "#0"},
				"west": {"uv": [6, 6, 8, 8], "texture": "#0"},
				"up": {"uv": [6, 6, 4, 4], "texture": "#0"},
				"down": {"uv": [6, 8, 4, 6], "texture": "#0"}
			}
		},
		{
			"name": "smol",
			"from": [6, 2, 2],
			"to": [10, 6, 6],
			"faces": {
				"up": {"uv": [6, 6, 4, 4], "texture": "#0"},
				"down": {"uv": [6, 8, 4, 6], "texture": "#0"}
			}
		},
		{
			"name": "smol",
			"from": [10, 2, 2],
			"to": [14, 6, 6],
			"faces": {
				"north": {"uv": [6, 0, 8, 2], "texture": "#0"},
				"east": {"uv": [6, 2, 8, 4], "texture": "#0"},
				"up": {"uv": [6, 6, 4, 4], "texture": "#0"},
				"down": {"uv": [6, 8, 4, 6], "texture": "#0"}
			}
		},
		{
			"name": "smol",
			"from": [2, 2, 6],
			"to": [6, 6, 10],
			"faces": {
				"up": {"uv": [6, 6, 4, 4], "texture": "#0"},
				"down": {"uv": [6, 8, 4, 6], "texture": "#0"}
			}
		},
		{
			"name": "smol",
			"from": [6, 2, 6],
			"to": [10, 6, 10],
			"faces": {
				"up": {"uv": [6, 6, 4, 4], "texture": "#0"},
				"down": {"uv": [6, 8, 4, 6], "texture": "#0"}
			}
		},
		{
			"name": "smol",
			"from": [10, 2, 6],
			"to": [14, 6, 10],
			"faces": {
				"up": {"uv": [6, 6, 4, 4], "texture": "#0"},
				"down": {"uv": [6, 8, 4, 6], "texture": "#0"}
			}
		},
		{
			"name": "smol",
			"from": [2, 2, 10],
			"to": [6, 6, 14],
			"faces": {
				"south": {"uv": [6, 4, 8, 6], "texture": "#0"},
				"west": {"uv": [6, 6, 8, 8], "texture": "#0"},
				"up": {"uv": [6, 6, 4, 4], "texture": "#0"},
				"down": {"uv": [6, 8, 4, 6], "texture": "#0"}
			}
		},
		{
			"name": "smol",
			"from": [6, 2, 10],
			"to": [10, 6, 14],
			"faces": {
				"up": {"uv": [6, 6, 4, 4], "texture": "#0"},
				"down": {"uv": [6, 8, 4, 6], "texture": "#0"}
			}
		},
		{
			"name": "smol",
			"from": [10, 2, 10],
			"to": [14, 6, 14],
			"faces": {
				"east": {"uv": [6, 2, 8, 4], "texture": "#0"},
				"south": {"uv": [6, 4, 8, 6], "texture": "#0"},
				"up": {"uv": [6, 6, 4, 4], "texture": "#0"},
				"down": {"uv": [6, 8, 4, 6], "texture": "#0"}
			}
		},
		{
			"from": [6, 2, 14],
			"to": [10, 6, 18],
			"faces": {
				"east": {"uv": [12, 0, 14, 2], "texture": "#0"},
				"south": {"uv": [2, 12, 4, 14], "texture": "#0"},
				"west": {"uv": [12, 2, 14, 4], "texture": "#0"},
				"up": {"uv": [6, 14, 4, 12], "texture": "#0"}
			}
		},
		{
			"from": [6, 2, -2],
			"to": [10, 6, 2],
			"faces": {
				"north": {"uv": [6, 12, 8, 14], "texture": "#0"},
				"east": {"uv": [12, 6, 14, 8], "texture": "#0"},
				"west": {"uv": [12, 8, 14, 10], "texture": "#0"},
				"up": {"uv": [12, 14, 10, 12], "texture": "#0"}
			}
		},
		{
			"from": [14, 2, 6],
			"to": [18, 6, 10],
			"faces": {
				"north": {"uv": [12, 12, 14, 14], "texture": "#0"},
				"east": {"uv": [0, 14, 2, 16], "texture": "#0"},
				"south": {"uv": [14, 0, 16, 2], "texture": "#0"},
				"up": {"uv": [16, 4, 14, 2], "texture": "#0"}
			}
		},
		{
			"from": [-2, 2, 6],
			"to": [2, 6, 10],
			"faces": {
				"north": {"uv": [6, 8, 8, 10], "texture": "#0"},
				"south": {"uv": [6, 10, 8, 12], "texture": "#0"},
				"west": {"uv": [8, 10, 10, 12], "texture": "#0"},
				"up": {"uv": [12, 10, 10, 8], "texture": "#0"}
			}
		}
	],
	"display": {
		"head": {
			"translation": [0, -6.5, 0],
			"scale": [4, 4, 4]
		}
	}
}