{
	"credit": "Made with Blockbench",
	"texture_size": [64, 64],
	"textures": {
		"0": "gc/objects/dome_side",
		"particle": "gc/objects/dome_side"
	},
	"elements": [
		{
			"from": [10, 3, 10],
			"to": [14, 7, 14],
			"faces": {
				"north": {"uv": [0, 1, 1, 2], "texture": "#0"},
				"south": {"uv": [0, 3, 1, 4], "texture": "#0"},
				"down": {"uv": [7, 0, 6, 1], "texture": "#0"}
			}
		},
		{
			"from": [2, 3, 10],
			"to": [6, 7, 14],
			"faces": {
				"north": {"uv": [2, 1, 3, 2], "texture": "#0"},
				"south": {"uv": [2, 3, 3, 4], "texture": "#0"},
				"down": {"uv": [9, 0, 8, 1], "texture": "#0"}
			}
		},
		{
			"from": [6, 3, 10],
			"to": [10, 7, 14],
			"faces": {
				"south": {"uv": [1, 3, 2, 4], "texture": "#0"},
				"down": {"uv": [8, 0, 7, 1], "texture": "#0"}
			}
		},
		{
			"from": [2, 7, 10],
			"to": [14, 11, 14],
			"faces": {
				"north": {"uv": [0, 0, 3, 1], "texture": "#0"},
				"east": {"uv": [3, 5.975, 4, 6.975], "texture": "#0"},
				"west": {"uv": [6, 2.975, 7, 3.975], "texture": "#0"},
				"up": {"uv": [3, 6.975, 0, 5.975], "texture": "#0"}
			}
		},
		{
			"from": [10, 7, 14],
			"to": [14, 11, 18],
			"faces": {
				"south": {"uv": [3, 4, 4, 5], "texture": "#0"},
				"up": {"uv": [1, 6, 0, 5], "texture": "#0"},
				"down": {"uv": [4, 5, 3, 6], "texture": "#0"}
			}
		},
		{
			"from": [6, 7, 14],
			"to": [10, 11, 18],
			"faces": {
				"south": {"uv": [3.975, 4, 4.975, 5], "texture": "#0"},
				"down": {"uv": [4.975, 5, 3.975, 6], "texture": "#0"}
			}
		},
		{
			"from": [2, 7, 14],
			"to": [6, 11, 18],
			"faces": {
				"south": {"uv": [5, 4, 6, 5], "texture": "#0"},
				"up": {"uv": [3, 6, 2, 5], "texture": "#0"},
				"down": {"uv": [6, 5, 5, 6], "texture": "#0"}
			}
		},
		{
			"from": [6, 3, 6],
			"to": [10, 7, 10],
			"faces": {
				"north": {"uv": [0, 7, 1, 8], "texture": "#0"},
				"east": {"uv": [1, 7, 2, 8], "texture": "#0"},
				"west": {"uv": [7, 3, 8, 4], "texture": "#0"},
				"up": {"uv": [8, 5, 7, 4], "texture": "#0"}
			}
		},
		{
			"from": [2, -5, 6],
			"to": [14, -1, 10],
			"faces": {
				"north": {"uv": [3, 1, 6, 2], "texture": "#0"},
				"south": {"uv": [3, 3, 6, 4], "texture": "#0"},
				"down": {"uv": [9, 2, 6, 3], "texture": "#0"}
			}
		},
		{
			"from": [10, -1, 6],
			"to": [14, 3, 10],
			"faces": {
				"north": {"uv": [3, 0, 4, 1], "texture": "#0"},
				"east": {"uv": [4, 6, 5, 7], "texture": "#0"},
				"south": {"uv": [3, 2, 4, 3], "texture": "#0"},
				"up": {"uv": [7, 2, 6, 1], "texture": "#0"}
			}
		},
		{
			"from": [2, -1, 6],
			"to": [6, 3, 10],
			"faces": {
				"north": {"uv": [3, 0, 4, 1], "texture": "#0"},
				"south": {"uv": [3, 2, 4, 3], "texture": "#0"},
				"west": {"uv": [5, 6, 6, 7], "texture": "#0"},
				"up": {"uv": [7, 2, 6, 1], "texture": "#0"}
			}
		},
		{
			"from": [6, -1, 6],
			"to": [10, 3, 10],
			"faces": {
				"north": {"uv": [3, 0, 4, 1], "texture": "#0"},
				"south": {"uv": [3, 2, 4, 3], "texture": "#0"}
			}
		}
	],
	"display": {
		"head": {
			"translation": [0, -6.5, 0],
			"scale": [4, 4, 4]
		}
	}
}