{
	"credit": "Made with Blockbench",
	"texture_size": [32, 32],
	"textures": {
		"0": "gc/objects/dome_corner",
		"particle": "gc/objects/dome_corner"
	},
	"elements": [
		{
			"from": [10, -5, 6],
			"to": [14, -1, 10],
			"faces": {
				"east": {"uv": [2, 4, 4, 6], "texture": "#0"},
				"south": {"uv": [4, 4, 6, 6], "texture": "#0"},
				"down": {"uv": [8, 12, 6, 14], "texture": "#0"}
			}
		},
		{
			"from": [6, -1, 10],
			"to": [10, 3, 14],
			"faces": {
				"east": {"uv": [2, 8, 4, 10], "texture": "#0"},
				"south": {"uv": [4, 8, 6, 10], "texture": "#0"},
				"west": {"uv": [6, 8, 8, 10], "texture": "#0"}
			}
		},
		{
			"from": [10, -1, 6],
			"to": [14, 3, 10],
			"faces": {
				"north": {"uv": [0, 2, 2, 4], "texture": "#0"},
				"east": {"uv": [2, 2, 4, 4], "texture": "#0"},
				"south": {"uv": [4, 2, 6, 4], "texture": "#0"}
			}
		},
		{
			"from": [6, 3, 10],
			"to": [10, 7, 14],
			"faces": {
				"north": {"uv": [6, 0, 8, 2], "texture": "#0"},
				"west": {"uv": [6, 6, 8, 8], "texture": "#0"},
				"up": {"uv": [14, 10, 12, 8], "texture": "#0"}
			}
		},
		{
			"from": [10, 3, 6],
			"to": [14, 7, 10],
			"faces": {
				"north": {"uv": [0, 0, 2, 2], "texture": "#0"},
				"west": {"uv": [0, 6, 2, 8], "texture": "#0"},
				"up": {"uv": [14, 6, 12, 4], "texture": "#0"}
			}
		},
		{
			"from": [6, -5, 6],
			"to": [10, 3, 10],
			"faces": {
				"north": {"uv": [10, 4, 12, 8], "texture": "#0"},
				"west": {"uv": [12, 0, 14, 4], "texture": "#0"},
				"up": {"uv": [14, 8, 12, 6], "texture": "#0"},
				"down": {"uv": [10, 12, 8, 14], "texture": "#0"}
			}
		},
		{
			"from": [10, 3, 10],
			"to": [14, 7, 14],
			"faces": {
				"east": {"uv": [8, 6, 10, 8], "texture": "#0"},
				"south": {"uv": [8, 10, 10, 12], "texture": "#0"},
				"down": {"uv": [6, 12, 4, 14], "texture": "#0"}
			}
		},
		{
			"from": [10, 7, 10],
			"to": [14, 11, 14],
			"faces": {
				"north": {"uv": [8, 0, 10, 2], "texture": "#0"},
				"west": {"uv": [10, 0, 12, 2], "texture": "#0"},
				"up": {"uv": [4, 14, 2, 12], "texture": "#0"}
			}
		},
		{
			"from": [10, -5, 2],
			"to": [14, -1, 6],
			"faces": {
				"north": {"uv": [12, 10, 14, 12], "texture": "#0"},
				"west": {"uv": [2, 14, 4, 16], "texture": "#0"},
				"up": {"uv": [16, 4, 14, 2], "texture": "#0"},
				"down": {"uv": [6, 14, 4, 16], "texture": "#0"}
			}
		},
		{
			"from": [2, -5, 10],
			"to": [6, -1, 14],
			"faces": {
				"north": {"uv": [14, 4, 16, 6], "texture": "#0"},
				"west": {"uv": [8, 14, 10, 16], "texture": "#0"},
				"up": {"uv": [16, 10, 14, 8], "texture": "#0"},
				"down": {"uv": [12, 14, 10, 16], "texture": "#0"}
			}
		},
		{
			"from": [6, -5, 10],
			"to": [10, -1, 14],
			"faces": {
				"east": {"uv": [2, 10, 4, 12], "texture": "#0"},
				"south": {"uv": [4, 10, 6, 12], "texture": "#0"},
				"down": {"uv": [12, 12, 10, 14], "texture": "#0"}
			}
		}
	],
	"display": {
		"head": {
			"translation": [0, -6.5, 0],
			"scale": [4, 4, 4]
		}
	}
}