{
	"credit": "Made with Blockbench",
	"texture_size": [32, 32],
	"textures": {
		"0": "gc/objects/eweb",
		"particle": "gc/objects/eweb"
	},
	"elements": [
		{
			"from": [7, 0, 2],
			"to": [9, 1, 4],
			"faces": {
				"north": {"uv": [9.5, 3, 10.5, 3.5], "texture": "#0"},
				"east": {"uv": [9.5, 8.5, 10.5, 9], "texture": "#0"},
				"south": {"uv": [10, 0, 11, 0.5], "texture": "#0"},
				"west": {"uv": [10, 0.5, 11, 1], "texture": "#0"},
				"up": {"uv": [8.5, 6.5, 7.5, 5.5], "texture": "#0"},
				"down": {"uv": [1, 8, 0, 9], "texture": "#0"}
			}
		},
		{
			"from": [11, 0, 11],
			"to": [13, 1, 13],
			"faces": {
				"north": {"uv": [10, 2, 11, 2.5], "texture": "#0"},
				"east": {"uv": [10, 2.5, 11, 3], "texture": "#0"},
				"south": {"uv": [10, 3.5, 11, 4], "texture": "#0"},
				"west": {"uv": [10, 4, 11, 4.5], "texture": "#0"},
				"up": {"uv": [2, 9, 1, 8], "texture": "#0"},
				"down": {"uv": [3, 8, 2, 9], "texture": "#0"}
			}
		},
		{
			"from": [5.5, 3, 9.5],
			"to": [6.5, 5, 10.5],
			"rotation": {"angle": 0, "axis": "y", "origin": [16, 0, 0]},
			"faces": {
				"north": {"uv": [11, 4.5, 11.5, 5.5], "texture": "#0"},
				"east": {"uv": [5.5, 11, 6, 12], "texture": "#0"},
				"south": {"uv": [6, 11, 6.5, 12], "texture": "#0"},
				"west": {"uv": [6.5, 11, 7, 12], "texture": "#0"},
				"up": {"uv": [12, 10, 11.5, 9.5], "texture": "#0"},
				"down": {"uv": [10.5, 11.5, 10, 12], "texture": "#0"}
			}
		},
		{
			"from": [5.5, 6, 9.5],
			"to": [6.5, 8, 10.5],
			"rotation": {"angle": 0, "axis": "y", "origin": [16, 0, 0]},
			"faces": {
				"north": {"uv": [2.5, 11, 3, 12], "texture": "#0"},
				"east": {"uv": [3, 11, 3.5, 12], "texture": "#0"},
				"south": {"uv": [11, 3.5, 11.5, 4.5], "texture": "#0"},
				"west": {"uv": [4, 11, 4.5, 12], "texture": "#0"},
				"up": {"uv": [12, 9.5, 11.5, 9], "texture": "#0"},
				"down": {"uv": [10, 11.5, 9.5, 12], "texture": "#0"}
			}
		},
		{
			"from": [4.5, 2, 10.5],
			"to": [5.5, 6, 11.5],
			"rotation": {"angle": 0, "axis": "y", "origin": [16, 0, 0]},
			"faces": {
				"north": {"uv": [1, 9, 1.5, 11], "texture": "#0"},
				"east": {"uv": [1.5, 9, 2, 11], "texture": "#0"},
				"south": {"uv": [2, 9, 2.5, 11], "texture": "#0"},
				"west": {"uv": [2.5, 9, 3, 11], "texture": "#0"},
				"up": {"uv": [12, 9, 11.5, 8.5], "texture": "#0"},
				"down": {"uv": [9.5, 11.5, 9, 12], "texture": "#0"}
			}
		},
		{
			"from": [3.5, 1, 11.5],
			"to": [4.5, 3, 12.5],
			"rotation": {"angle": 0, "axis": "y", "origin": [16, 0, 0]},
			"faces": {
				"north": {"uv": [1, 11, 1.5, 12], "texture": "#0"},
				"east": {"uv": [1.5, 11, 2, 12], "texture": "#0"},
				"south": {"uv": [11, 1.5, 11.5, 2.5], "texture": "#0"},
				"west": {"uv": [2, 11, 2.5, 12], "texture": "#0"},
				"up": {"uv": [12, 8.5, 11.5, 8], "texture": "#0"},
				"down": {"uv": [9, 11.5, 8.5, 12], "texture": "#0"}
			}
		},
		{
			"from": [3, 0, 11],
			"to": [5, 1, 13],
			"rotation": {"angle": 0, "axis": "y", "origin": [16, 0, 0]},
			"faces": {
				"north": {"uv": [10, 10.5, 11, 11], "texture": "#0"},
				"east": {"uv": [10.5, 10, 11.5, 10.5], "texture": "#0"},
				"south": {"uv": [0, 11, 1, 11.5], "texture": "#0"},
				"west": {"uv": [11, 0, 12, 0.5], "texture": "#0"},
				"up": {"uv": [1, 10, 0, 9], "texture": "#0"},
				"down": {"uv": [10, 0, 9, 1], "texture": "#0"}
			}
		},
		{
			"from": [11.5, 1, 11.5],
			"to": [12.5, 3, 12.5],
			"faces": {
				"north": {"uv": [0.5, 10, 1, 11], "texture": "#0"},
				"east": {"uv": [3, 10, 3.5, 11], "texture": "#0"},
				"south": {"uv": [4, 10, 4.5, 11], "texture": "#0"},
				"west": {"uv": [10, 4.5, 10.5, 5.5], "texture": "#0"},
				"up": {"uv": [11.5, 10, 11, 9.5], "texture": "#0"},
				"down": {"uv": [10.5, 11, 10, 11.5], "texture": "#0"}
			}
		},
		{
			"from": [9.5, 3, 9.5],
			"to": [10.5, 5, 10.5],
			"faces": {
				"north": {"uv": [8, 10, 8.5, 11], "texture": "#0"},
				"east": {"uv": [10, 9.5, 10.5, 10.5], "texture": "#0"},
				"south": {"uv": [3.5, 10.5, 4, 11.5], "texture": "#0"},
				"west": {"uv": [4.5, 10.5, 5, 11.5], "texture": "#0"},
				"up": {"uv": [12, 4, 11.5, 3.5], "texture": "#0"},
				"down": {"uv": [12, 4, 11.5, 4.5], "texture": "#0"}
			}
		},
		{
			"from": [8.5, 5, 7.5],
			"to": [9.5, 6, 9.5],
			"faces": {
				"north": {"uv": [4.5, 11.5, 5, 12], "texture": "#0"},
				"east": {"uv": [10.5, 1, 11.5, 1.5], "texture": "#0"},
				"south": {"uv": [11.5, 4.5, 12, 5], "texture": "#0"},
				"west": {"uv": [10.5, 3, 11.5, 3.5], "texture": "#0"},
				"up": {"uv": [11, 5.5, 10.5, 4.5], "texture": "#0"},
				"down": {"uv": [5.5, 10.5, 5, 11.5], "texture": "#0"}
			}
		},
		{
			"from": [7.5, 4, 5.5],
			"to": [8.5, 5, 6.5],
			"rotation": {"angle": 0, "axis": "y", "origin": [0, 0, 16]},
			"faces": {
				"north": {"uv": [11.5, 6.5, 12, 7], "texture": "#0"},
				"east": {"uv": [7, 11.5, 7.5, 12], "texture": "#0"},
				"south": {"uv": [11.5, 7, 12, 7.5], "texture": "#0"},
				"west": {"uv": [7.5, 11.5, 8, 12], "texture": "#0"},
				"up": {"uv": [12, 8, 11.5, 7.5], "texture": "#0"},
				"down": {"uv": [8.5, 11.5, 8, 12], "texture": "#0"}
			}
		},
		{
			"from": [7.5, 7, 5.5],
			"to": [8.5, 8, 6.5],
			"rotation": {"angle": 0, "axis": "y", "origin": [0, 0, 16]},
			"faces": {
				"north": {"uv": [11.5, 10, 12, 10.5], "texture": "#0"},
				"east": {"uv": [10.5, 11.5, 11, 12], "texture": "#0"},
				"south": {"uv": [11.5, 10.5, 12, 11], "texture": "#0"},
				"west": {"uv": [11, 11.5, 11.5, 12], "texture": "#0"},
				"up": {"uv": [12, 11.5, 11.5, 11], "texture": "#0"},
				"down": {"uv": [12, 11.5, 11.5, 12], "texture": "#0"}
			}
		},
		{
			"from": [7.5, 5, 6.5],
			"to": [8.5, 6, 8.5],
			"rotation": {"angle": 0, "axis": "y", "origin": [0, 0, 16]},
			"faces": {
				"north": {"uv": [11.5, 5.5, 12, 6], "texture": "#0"},
				"east": {"uv": [8.5, 10.5, 9.5, 11], "texture": "#0"},
				"south": {"uv": [11.5, 6, 12, 6.5], "texture": "#0"},
				"west": {"uv": [10.5, 8.5, 11.5, 9], "texture": "#0"},
				"up": {"uv": [11, 10, 10.5, 9], "texture": "#0"},
				"down": {"uv": [10, 10.5, 9.5, 11.5], "texture": "#0"}
			}
		},
		{
			"from": [6.5, 5, 7.5],
			"to": [7.5, 6, 9.5],
			"rotation": {"angle": 0, "axis": "y", "origin": [16, 0, 0]},
			"faces": {
				"north": {"uv": [5, 11.5, 5.5, 12], "texture": "#0"},
				"east": {"uv": [10.5, 5.5, 11.5, 6], "texture": "#0"},
				"south": {"uv": [11.5, 5, 12, 5.5], "texture": "#0"},
				"west": {"uv": [10.5, 6, 11.5, 6.5], "texture": "#0"},
				"up": {"uv": [11, 7.5, 10.5, 6.5], "texture": "#0"},
				"down": {"uv": [11, 7.5, 10.5, 8.5], "texture": "#0"}
			}
		},
		{
			"from": [6.5, 8, 6.5],
			"to": [9.5, 9, 9.5],
			"rotation": {"angle": 0, "axis": "y", "origin": [16, 0, 16]},
			"faces": {
				"north": {"uv": [6, 1.5, 7.5, 2], "texture": "#0"},
				"east": {"uv": [9, 1, 10.5, 1.5], "texture": "#0"},
				"south": {"uv": [9, 9, 10.5, 9.5], "texture": "#0"},
				"west": {"uv": [9.5, 1.5, 11, 2], "texture": "#0"},
				"up": {"uv": [8.5, 8, 7, 6.5], "texture": "#0"},
				"down": {"uv": [9, 0, 7.5, 1.5], "texture": "#0"}
			}
		},
		{
			"from": [7.5, 6, 7.5],
			"to": [8.5, 10, 8.5],
			"rotation": {"angle": 0, "axis": "y", "origin": [16, 0, 16]},
			"faces": {
				"north": {"uv": [8.5, 4.5, 9, 6.5], "texture": "#0"},
				"east": {"uv": [5, 8.5, 5.5, 10.5], "texture": "#0"},
				"south": {"uv": [8.5, 6.5, 9, 8.5], "texture": "#0"},
				"west": {"uv": [8.5, 8.5, 9, 10.5], "texture": "#0"},
				"up": {"uv": [12, 3.5, 11.5, 3], "texture": "#0"},
				"down": {"uv": [4, 11.5, 3.5, 12], "texture": "#0"}
			}
		},
		{
			"from": [7.5, 3, 4.5],
			"to": [8.5, 7, 5.5],
			"rotation": {"angle": 0, "axis": "y", "origin": [16, 0, 16]},
			"faces": {
				"north": {"uv": [7, 8, 7.5, 10], "texture": "#0"},
				"east": {"uv": [7.5, 8, 8, 10], "texture": "#0"},
				"south": {"uv": [8, 8, 8.5, 10], "texture": "#0"},
				"west": {"uv": [4.5, 8.5, 5, 10.5], "texture": "#0"},
				"up": {"uv": [12, 2.5, 11.5, 2], "texture": "#0"},
				"down": {"uv": [12, 2.5, 11.5, 3], "texture": "#0"}
			}
		},
		{
			"from": [7.5, 2, 3.5],
			"to": [8.5, 5, 4.5],
			"rotation": {"angle": 0, "axis": "y", "origin": [16, 0, 16]},
			"faces": {
				"north": {"uv": [3.5, 9, 4, 10.5], "texture": "#0"},
				"east": {"uv": [9, 4.5, 9.5, 6], "texture": "#0"},
				"south": {"uv": [9, 6, 9.5, 7.5], "texture": "#0"},
				"west": {"uv": [9, 7.5, 9.5, 9], "texture": "#0"},
				"up": {"uv": [12, 1.5, 11.5, 1], "texture": "#0"},
				"down": {"uv": [12, 1.5, 11.5, 2], "texture": "#0"}
			}
		},
		{
			"from": [7.5, 1, 2.5],
			"to": [8.5, 3, 3.5],
			"rotation": {"angle": 0, "axis": "y", "origin": [16, 0, 16]},
			"faces": {
				"north": {"uv": [10, 6.5, 10.5, 7.5], "texture": "#0"},
				"east": {"uv": [7, 10, 7.5, 11], "texture": "#0"},
				"south": {"uv": [7.5, 10, 8, 11], "texture": "#0"},
				"west": {"uv": [10, 7.5, 10.5, 8.5], "texture": "#0"},
				"up": {"uv": [1, 12, 0.5, 11.5], "texture": "#0"},
				"down": {"uv": [12, 0.5, 11.5, 1], "texture": "#0"}
			}
		},
		{
			"from": [10.5, 2, 10.5],
			"to": [11.5, 6, 11.5],
			"faces": {
				"north": {"uv": [3, 8, 3.5, 10], "texture": "#0"},
				"east": {"uv": [5.5, 8, 6, 10], "texture": "#0"},
				"south": {"uv": [6, 8, 6.5, 10], "texture": "#0"},
				"west": {"uv": [6.5, 8, 7, 10], "texture": "#0"},
				"up": {"uv": [11, 11.5, 10.5, 11], "texture": "#0"},
				"down": {"uv": [11.5, 10.5, 11, 11], "texture": "#0"}
			}
		},
		{
			"from": [9.5, 6, 9.5],
			"to": [10.5, 8, 10.5],
			"faces": {
				"north": {"uv": [5.5, 10, 6, 11], "texture": "#0"},
				"east": {"uv": [10, 5.5, 10.5, 6.5], "texture": "#0"},
				"south": {"uv": [6, 10, 6.5, 11], "texture": "#0"},
				"west": {"uv": [6.5, 10, 7, 11], "texture": "#0"},
				"up": {"uv": [11.5, 11.5, 11, 11], "texture": "#0"},
				"down": {"uv": [0.5, 11.5, 0, 12], "texture": "#0"}
			}
		}
	],
	"display": {
		"head": {
			"translation": [0, -24.15, 0],
			"scale": [2.4, 2.4, 2.4]
		}
	}
}