{
	"credit": "Made with Blockbench",
	"textures": {
		"0": "gc/objects/eweb",
		"particle": "gc/objects/eweb"
	},
	"elements": [
		{
			"from": [6, 7.49, 7],
			"to": [10, 7.49, 9],
			"rotation": {"angle": 0, "axis": "y", "origin": [16, 0, 16]},
			"faces": {
				"north": {"uv": [0, 0, 2, 0], "texture": "#0"},
				"east": {"uv": [0, 0, 1, 0], "texture": "#0"},
				"south": {"uv": [0, 0, 2, 0], "texture": "#0"},
				"west": {"uv": [0, 0, 1, 0], "texture": "#0"},
				"up": {"uv": [9.5, 2.5, 7.5, 1.5], "texture": "#0"},
				"down": {"uv": [9.5, 2.5, 7.5, 3.5], "texture": "#0"}
			}
		},
		{
			"from": [6.5, 7.5, 11],
			"to": [9.5, 10.5, 15],
			"rotation": {"angle": 0, "axis": "y", "origin": [16, 0, 16]},
			"faces": {
				"north": {"uv": [6, 0, 7.5, 1.5], "texture": "#0"},
				"east": {"uv": [2, 2, 4, 3.5], "texture": "#0"},
				"south": {"uv": [4, 6, 5.5, 7.5], "texture": "#0"},
				"west": {"uv": [2, 3.5, 4, 5], "texture": "#0"},
				"up": {"uv": [5.5, 4, 4, 2], "texture": "#0"},
				"down": {"uv": [5.5, 4, 4, 6], "texture": "#0"}
			}
		},
		{
			"from": [7, 7.5, -1],
			"to": [9, 9.5, 11],
			"rotation": {"angle": 0, "axis": "y", "origin": [16, 0, 16]},
			"faces": {
				"north": {"uv": [4.5, 7.5, 5.5, 8.5], "texture": "#0"},
				"east": {"uv": [0, 0, 6, 1], "texture": "#0"},
				"south": {"uv": [7.5, 4.5, 8.5, 5.5], "texture": "#0"},
				"west": {"uv": [0, 1, 6, 2], "texture": "#0"},
				"up": {"uv": [1, 8, 0, 2], "texture": "#0"},
				"down": {"uv": [2, 2, 1, 8], "texture": "#0"}
			}
		},
		{
			"from": [5.99, 7, 6],
			"to": [5.99, 10, 10],
			"rotation": {"angle": 0, "axis": "y", "origin": [16, 0, 16]},
			"faces": {
				"north": {"uv": [0, 0, 0, 1.5], "texture": "#0"},
				"east": {"uv": [2, 5, 4, 6.5], "texture": "#0"},
				"south": {"uv": [0, 0, 0, 1.5], "texture": "#0"},
				"west": {"uv": [5.5, 2, 7.5, 3.5], "texture": "#0"},
				"up": {"uv": [0, 2, 0, 0], "texture": "#0"},
				"down": {"uv": [0, 0, 0, 2], "texture": "#0"}
			}
		},
		{
			"from": [10.01, 7, 6],
			"to": [10.01, 10, 10],
			"rotation": {"angle": 0, "axis": "y", "origin": [16, 0, 16]},
			"faces": {
				"north": {"uv": [0, 0, 0, 1.5], "texture": "#0"},
				"east": {"uv": [5.5, 3.5, 7.5, 5], "texture": "#0"},
				"south": {"uv": [0, 0, 0, 1.5], "texture": "#0"},
				"west": {"uv": [5.5, 5, 7.5, 6.5], "texture": "#0"},
				"up": {"uv": [0, 2, 0, 0], "texture": "#0"},
				"down": {"uv": [0, 0, 0, 2], "texture": "#0"}
			}
		},
		{
			"from": [6.5, 7, 1.999],
			"to": [9.5, 10, 1.999],
			"rotation": {"angle": 0, "axis": "y", "origin": [16, 0, 16]},
			"faces": {
				"north": {"uv": [2, 6.5, 3.5, 8], "texture": "#0"},
				"east": {"uv": [0, 0, 0, 1.5], "texture": "#0"},
				"south": {"uv": [5.5, 6.5, 7, 8], "texture": "#0"},
				"west": {"uv": [0, 0, 0, 1.5], "texture": "#0"},
				"up": {"uv": [1.5, 0, 0, 0], "texture": "#0"},
				"down": {"uv": [1.5, 0, 0, 0], "texture": "#0"}
			}
		},
		{
			"from": [7.5, 8, -2],
			"to": [8.5, 9, -1],
			"rotation": {"angle": 0, "axis": "y", "origin": [16, 0, 16]},
			"faces": {
				"north": {"uv": [11, 0.5, 11.5, 1], "texture": "#0"},
				"east": {"uv": [11, 2.5, 11.5, 3], "texture": "#0"},
				"south": {"uv": [11, 6.5, 11.5, 7], "texture": "#0"},
				"west": {"uv": [7, 11, 7.5, 11.5], "texture": "#0"},
				"up": {"uv": [11.5, 7.5, 11, 7], "texture": "#0"},
				"down": {"uv": [8, 11, 7.5, 11.5], "texture": "#0"}
			}
		},
		{
			"from": [7.5, 10.5, 10],
			"to": [8.5, 11.5, 15],
			"rotation": {"angle": 0, "axis": "y", "origin": [16, 0, 16]},
			"faces": {
				"north": {"uv": [11, 7.5, 11.5, 8], "texture": "#0"},
				"east": {"uv": [7.5, 3.5, 10, 4], "texture": "#0"},
				"south": {"uv": [8, 11, 8.5, 11.5], "texture": "#0"},
				"west": {"uv": [7.5, 4, 10, 4.5], "texture": "#0"},
				"up": {"uv": [4, 9, 3.5, 6.5], "texture": "#0"},
				"down": {"uv": [4.5, 7.5, 4, 10], "texture": "#0"}
			}
		},
		{
			"from": [5.5, 7.5, 15],
			"to": [6.5, 9.5, 16],
			"rotation": {"angle": 0, "axis": "y", "origin": [16, 0, 16]},
			"faces": {
				"north": {"uv": [9.5, 2, 10, 3], "texture": "#0"},
				"east": {"uv": [9.5, 4.5, 10, 5.5], "texture": "#0"},
				"south": {"uv": [9.5, 5.5, 10, 6.5], "texture": "#0"},
				"west": {"uv": [9.5, 6.5, 10, 7.5], "texture": "#0"},
				"up": {"uv": [11.5, 8.5, 11, 8], "texture": "#0"},
				"down": {"uv": [9, 11, 8.5, 11.5], "texture": "#0"}
			}
		},
		{
			"from": [9.5, 7.5, 15],
			"to": [10.5, 9.5, 16],
			"rotation": {"angle": 0, "axis": "y", "origin": [16, 0, 16]},
			"faces": {
				"north": {"uv": [9.5, 7.5, 10, 8.5], "texture": "#0"},
				"east": {"uv": [9, 9.5, 9.5, 10.5], "texture": "#0"},
				"south": {"uv": [9.5, 9.5, 10, 10.5], "texture": "#0"},
				"west": {"uv": [0, 10, 0.5, 11], "texture": "#0"},
				"up": {"uv": [9.5, 11.5, 9, 11], "texture": "#0"},
				"down": {"uv": [11.5, 9, 11, 9.5], "texture": "#0"}
			}
		}
	],
	"display": {
		"head": {
			"translation": [0, -42.4, 0],
			"scale": [2.4, 2.4, 2.4]
		}
	}
}