{
	"credit": "Made with Blockbench",
	"texture_size": [64, 64],
	"textures": {
		"0": "gc/objects/r2d2",
		"particle": "gc/objects/r2d2"
	},
	"elements": [
		{
			"name": "voxel",
			"from": [6, -4.6, 2],
			"to": [10, 12.4, 12],
			"rotation": {"angle": 22.5, "axis": "x", "origin": [8, 6, 8]},
			"faces": {
				"north": {"uv": [3, 2, 3.5, 4.125], "texture": "#0"},
				"east": {"uv": [0, 0, 1.25, 2.125], "texture": "#0"},
				"south": {"uv": [3.5, 0, 4, 2.125], "texture": "#0"},
				"west": {"uv": [1.25, 0, 2.5, 2.125], "texture": "#0"},
				"up": {"uv": [4, 5.75, 3.5, 4.5], "texture": "#0"},
				"down": {"uv": [5, 3.5, 4.5, 4.75], "texture": "#0"}
			}
		},
		{
			"name": "voxel",
			"from": [4, -4.6, 3],
			"to": [6, 11.4, 11],
			"rotation": {"angle": 22.5, "axis": "x", "origin": [8, 6, 8]},
			"faces": {
				"north": {"uv": [4, 4.5, 4.25, 6.5], "texture": "#0"},
				"east": {"uv": [0, 2.25, 1, 4.25], "texture": "#0"},
				"south": {"uv": [4.25, 4.5, 4.5, 6.5], "texture": "#0"},
				"west": {"uv": [1, 2.25, 2, 4.25], "texture": "#0"},
				"up": {"uv": [6.75, 1, 6.5, 0], "texture": "#0"},
				"down": {"uv": [0.5, 6.5, 0.25, 7.5], "texture": "#0"}
			}
		},
		{
			"name": "voxel",
			"from": [10, -4.6, 3],
			"to": [12, 11.4, 11],
			"rotation": {"angle": 22.5, "axis": "x", "origin": [8, 6, 8]},
			"faces": {
				"north": {"uv": [4.5, 4.75, 4.75, 6.75], "texture": "#0"},
				"east": {"uv": [2, 2.25, 3, 4.25], "texture": "#0"},
				"south": {"uv": [4.75, 4.75, 5, 6.75], "texture": "#0"},
				"west": {"uv": [2.5, 0, 3.5, 2], "texture": "#0"},
				"up": {"uv": [6.75, 2, 6.5, 1], "texture": "#0"},
				"down": {"uv": [6.75, 2, 6.5, 3], "texture": "#0"}
			}
		},
		{
			"name": "voxel",
			"from": [3, -4.6, 5],
			"to": [4, 12.4, 9],
			"rotation": {"angle": 22.5, "axis": "x", "origin": [8, 6, 8]},
			"faces": {
				"north": {"uv": [6, 5.25, 6.125, 7.375], "texture": "#0"},
				"east": {"uv": [3.5, 2.25, 4, 4.375], "texture": "#0"},
				"south": {"uv": [6.25, 0.75, 6.375, 2.875], "texture": "#0"},
				"west": {"uv": [4, 0, 4.5, 2.125], "texture": "#0"},
				"up": {"uv": [6.125, 8.5, 6, 8], "texture": "#0"},
				"down": {"uv": [6.375, 8, 6.25, 8.5], "texture": "#0"}
			}
		},
		{
			"name": "voxel",
			"from": [12, -4.6, 5],
			"to": [13, 12.4, 9],
			"rotation": {"angle": 22.5, "axis": "x", "origin": [8, 6, 8]},
			"faces": {
				"north": {"uv": [6.25, 5.25, 6.375, 7.375], "texture": "#0"},
				"east": {"uv": [4, 2.25, 4.5, 4.375], "texture": "#0"},
				"south": {"uv": [0, 6.5, 0.125, 8.625], "texture": "#0"},
				"west": {"uv": [0, 4.25, 0.5, 6.375], "texture": "#0"},
				"up": {"uv": [8.125, 7, 8, 6.5], "texture": "#0"},
				"down": {"uv": [8.125, 7, 8, 7.5], "texture": "#0"}
			}
		},
		{
			"name": "voxel",
			"from": [6, -3.6, 1],
			"to": [10, 10.4, 2],
			"rotation": {"angle": 22.5, "axis": "x", "origin": [8, 6, 8]},
			"faces": {
				"north": {"uv": [0.5, 4.25, 1, 6], "texture": "#0"},
				"east": {"uv": [6.5, 4.75, 6.625, 6.5], "texture": "#0"},
				"south": {"uv": [1, 4.25, 1.5, 6], "texture": "#0"},
				"west": {"uv": [6.5, 6.5, 6.625, 8.25], "texture": "#0"},
				"up": {"uv": [8.5, 7.625, 8, 7.5], "texture": "#0"},
				"down": {"uv": [8.25, 8, 7.75, 8.125], "texture": "#0"}
			}
		},
		{
			"name": "voxel",
			"from": [4, -3.6, 2],
			"to": [6, 10.4, 3],
			"rotation": {"angle": 22.5, "axis": "x", "origin": [8, 6, 8]},
			"faces": {
				"north": {"uv": [5, 2, 5.25, 3.75], "texture": "#0"},
				"east": {"uv": [6.75, 0, 6.875, 1.75], "texture": "#0"},
				"south": {"uv": [5, 3.75, 5.25, 5.5], "texture": "#0"},
				"west": {"uv": [0.5, 6.75, 0.625, 8.5], "texture": "#0"},
				"up": {"uv": [8.75, 8.625, 8.5, 8.5], "texture": "#0"},
				"down": {"uv": [0.25, 8.75, 0, 8.875], "texture": "#0"}
			}
		},
		{
			"name": "voxel",
			"from": [10, -3.6, 2],
			"to": [12, 10.4, 3],
			"rotation": {"angle": 22.5, "axis": "x", "origin": [8, 6, 8]},
			"faces": {
				"north": {"uv": [5.25, 2, 5.5, 3.75], "texture": "#0"},
				"east": {"uv": [0.75, 6.75, 0.875, 8.5], "texture": "#0"},
				"south": {"uv": [5.25, 3.75, 5.5, 5.5], "texture": "#0"},
				"west": {"uv": [1.75, 6.75, 1.875, 8.5], "texture": "#0"},
				"up": {"uv": [9, 0.125, 8.75, 0], "texture": "#0"},
				"down": {"uv": [0.5, 8.75, 0.25, 8.875], "texture": "#0"}
			}
		},
		{
			"name": "voxel",
			"from": [3, -3.6, 3],
			"to": [4, 10.4, 5],
			"rotation": {"angle": 22.5, "axis": "x", "origin": [8, 6, 8]},
			"faces": {
				"north": {"uv": [6.75, 1.75, 6.875, 3.5], "texture": "#0"},
				"east": {"uv": [5.5, 0, 5.75, 1.75], "texture": "#0"},
				"south": {"uv": [2, 6.75, 2.125, 8.5], "texture": "#0"},
				"west": {"uv": [5.5, 1.75, 5.75, 3.5], "texture": "#0"},
				"up": {"uv": [8.875, 0.5, 8.75, 0.25], "texture": "#0"},
				"down": {"uv": [8.875, 0.5, 8.75, 0.75], "texture": "#0"}
			}
		},
		{
			"name": "voxel",
			"from": [12, -3.6, 3],
			"to": [13, 10.4, 5],
			"rotation": {"angle": 22.5, "axis": "x", "origin": [8, 6, 8]},
			"faces": {
				"north": {"uv": [2.25, 6.75, 2.375, 8.5], "texture": "#0"},
				"east": {"uv": [5.5, 3.5, 5.75, 5.25], "texture": "#0"},
				"south": {"uv": [2.5, 6.75, 2.625, 8.5], "texture": "#0"},
				"west": {"uv": [5, 5.5, 5.25, 7.25], "texture": "#0"},
				"up": {"uv": [8.875, 1, 8.75, 0.75], "texture": "#0"},
				"down": {"uv": [1.125, 8.75, 1, 9], "texture": "#0"}
			}
		},
		{
			"name": "voxel",
			"from": [2, -3.6, 5],
			"to": [3, 10.4, 9],
			"rotation": {"angle": 22.5, "axis": "x", "origin": [8, 6, 8]},
			"faces": {
				"north": {"uv": [4.5, 6.75, 4.625, 8.5], "texture": "#0"},
				"east": {"uv": [1.5, 4.25, 2, 6], "texture": "#0"},
				"south": {"uv": [4.75, 6.75, 4.875, 8.5], "texture": "#0"},
				"west": {"uv": [2, 4.25, 2.5, 6], "texture": "#0"},
				"up": {"uv": [0.375, 8.75, 0.25, 8.25], "texture": "#0"},
				"down": {"uv": [1.125, 8.25, 1, 8.75], "texture": "#0"}
			}
		},
		{
			"name": "voxel",
			"from": [13, -3.6, 5],
			"to": [14, 10.4, 9],
			"rotation": {"angle": 22.5, "axis": "x", "origin": [8, 6, 8]},
			"faces": {
				"north": {"uv": [6.75, 4.75, 6.875, 6.5], "texture": "#0"},
				"east": {"uv": [2.5, 4.25, 3, 6], "texture": "#0"},
				"south": {"uv": [6.75, 6.5, 6.875, 8.25], "texture": "#0"},
				"west": {"uv": [3, 4.25, 3.5, 6], "texture": "#0"},
				"up": {"uv": [1.375, 8.75, 1.25, 8.25], "texture": "#0"},
				"down": {"uv": [8.375, 2, 8.25, 2.5], "texture": "#0"}
			}
		},
		{
			"name": "voxel",
			"from": [3, -3.6, 9],
			"to": [4, 10.4, 11],
			"rotation": {"angle": 22.5, "axis": "x", "origin": [8, 6, 8]},
			"faces": {
				"north": {"uv": [7, 0, 7.125, 1.75], "texture": "#0"},
				"east": {"uv": [5.25, 5.5, 5.5, 7.25], "texture": "#0"},
				"south": {"uv": [7, 1.75, 7.125, 3.5], "texture": "#0"},
				"west": {"uv": [5.5, 5.25, 5.75, 7], "texture": "#0"},
				"up": {"uv": [1.375, 9, 1.25, 8.75], "texture": "#0"},
				"down": {"uv": [1.625, 8.75, 1.5, 9], "texture": "#0"}
			}
		},
		{
			"name": "voxel",
			"from": [12, -3.6, 9],
			"to": [13, 10.4, 11],
			"rotation": {"angle": 22.5, "axis": "x", "origin": [8, 6, 8]},
			"faces": {
				"north": {"uv": [7, 3.5, 7.125, 5.25], "texture": "#0"},
				"east": {"uv": [5.75, 0, 6, 1.75], "texture": "#0"},
				"south": {"uv": [7, 5.25, 7.125, 7], "texture": "#0"},
				"west": {"uv": [5.75, 1.75, 6, 3.5], "texture": "#0"},
				"up": {"uv": [1.875, 9, 1.75, 8.75], "texture": "#0"},
				"down": {"uv": [2.125, 8.75, 2, 9], "texture": "#0"}
			}
		},
		{
			"name": "voxel",
			"from": [4, -3.6, 11],
			"to": [6, 10.4, 12],
			"rotation": {"angle": 22.5, "axis": "x", "origin": [8, 6, 8]},
			"faces": {
				"north": {"uv": [3.5, 5.75, 3.75, 7.5], "texture": "#0"},
				"east": {"uv": [5.5, 7, 5.625, 8.75], "texture": "#0"},
				"south": {"uv": [5.75, 3.5, 6, 5.25], "texture": "#0"},
				"west": {"uv": [5.75, 7, 5.875, 8.75], "texture": "#0"},
				"up": {"uv": [9, 2.125, 8.75, 2], "texture": "#0"},
				"down": {"uv": [2.5, 8.75, 2.25, 8.875], "texture": "#0"}
			}
		},
		{
			"name": "voxel",
			"from": [10, -3.6, 11],
			"to": [12, 10.4, 12],
			"rotation": {"angle": 22.5, "axis": "x", "origin": [8, 6, 8]},
			"faces": {
				"north": {"uv": [3.75, 5.75, 4, 7.5], "texture": "#0"},
				"east": {"uv": [7, 7, 7.125, 8.75], "texture": "#0"},
				"south": {"uv": [5.75, 5.25, 6, 7], "texture": "#0"},
				"west": {"uv": [7.25, 0, 7.375, 1.75], "texture": "#0"},
				"up": {"uv": [9, 2.375, 8.75, 2.25], "texture": "#0"},
				"down": {"uv": [9, 2.5, 8.75, 2.625], "texture": "#0"}
			}
		},
		{
			"name": "voxel",
			"from": [6, -3.6, 12],
			"to": [10, 10.4, 13],
			"rotation": {"angle": 22.5, "axis": "x", "origin": [8, 6, 8]},
			"faces": {
				"north": {"uv": [4.5, 0, 5, 1.75], "texture": "#0"},
				"east": {"uv": [7.25, 1.75, 7.375, 3.5], "texture": "#0"},
				"south": {"uv": [4.5, 1.75, 5, 3.5], "texture": "#0"},
				"west": {"uv": [7.25, 3.5, 7.375, 5.25], "texture": "#0"},
				"up": {"uv": [8.5, 7.875, 8, 7.75], "texture": "#0"},
				"down": {"uv": [7, 8.25, 6.5, 8.375], "texture": "#0"}
			}
		},
		{
			"name": "voxel",
			"from": [5, 10.4, 2],
			"to": [6, 11.4, 3],
			"rotation": {"angle": 22.5, "axis": "x", "origin": [8, 6, 8]},
			"faces": {
				"north": {"uv": [5, 8.75, 5.125, 8.875], "texture": "#0"},
				"east": {"uv": [8.75, 5, 8.875, 5.125], "texture": "#0"},
				"south": {"uv": [5.25, 8.75, 5.375, 8.875], "texture": "#0"},
				"west": {"uv": [5.5, 8.75, 5.625, 8.875], "texture": "#0"},
				"up": {"uv": [5.875, 8.875, 5.75, 8.75], "texture": "#0"},
				"down": {"uv": [6.125, 8.75, 6, 8.875], "texture": "#0"}
			}
		},
		{
			"name": "voxel",
			"from": [10, 10.4, 2],
			"to": [11, 11.4, 3],
			"rotation": {"angle": 22.5, "axis": "x", "origin": [8, 6, 8]},
			"faces": {
				"north": {"uv": [6.25, 8.75, 6.375, 8.875], "texture": "#0"},
				"east": {"uv": [8.75, 6.25, 8.875, 6.375], "texture": "#0"},
				"south": {"uv": [8.75, 6.5, 8.875, 6.625], "texture": "#0"},
				"west": {"uv": [8.75, 6.75, 8.875, 6.875], "texture": "#0"},
				"up": {"uv": [7.125, 8.875, 7, 8.75], "texture": "#0"},
				"down": {"uv": [8.875, 7, 8.75, 7.125], "texture": "#0"}
			}
		},
		{
			"name": "voxel",
			"from": [3, 10.4, 4],
			"to": [4, 11.4, 5],
			"rotation": {"angle": 22.5, "axis": "x", "origin": [8, 6, 8]},
			"faces": {
				"north": {"uv": [7.25, 8.75, 7.375, 8.875], "texture": "#0"},
				"east": {"uv": [8.75, 7.25, 8.875, 7.375], "texture": "#0"},
				"south": {"uv": [7.5, 8.75, 7.625, 8.875], "texture": "#0"},
				"west": {"uv": [8.75, 7.5, 8.875, 7.625], "texture": "#0"},
				"up": {"uv": [7.875, 8.875, 7.75, 8.75], "texture": "#0"},
				"down": {"uv": [8.875, 7.75, 8.75, 7.875], "texture": "#0"}
			}
		},
		{
			"name": "voxel",
			"from": [12, 10.4, 4],
			"to": [13, 11.4, 5],
			"rotation": {"angle": 22.5, "axis": "x", "origin": [8, 6, 8]},
			"faces": {
				"north": {"uv": [8, 8.75, 8.125, 8.875], "texture": "#0"},
				"east": {"uv": [8.75, 8, 8.875, 8.125], "texture": "#0"},
				"south": {"uv": [8.75, 8.25, 8.875, 8.375], "texture": "#0"},
				"west": {"uv": [8.5, 8.75, 8.625, 8.875], "texture": "#0"},
				"up": {"uv": [8.875, 8.625, 8.75, 8.5], "texture": "#0"},
				"down": {"uv": [8.875, 8.75, 8.75, 8.875], "texture": "#0"}
			}
		},
		{
			"name": "voxel",
			"from": [3, 10.4, 9],
			"to": [4, 11.4, 10],
			"rotation": {"angle": 22.5, "axis": "x", "origin": [8, 6, 8]},
			"faces": {
				"north": {"uv": [0, 9, 0.125, 9.125], "texture": "#0"},
				"east": {"uv": [9, 0, 9.125, 0.125], "texture": "#0"},
				"south": {"uv": [0.25, 9, 0.375, 9.125], "texture": "#0"},
				"west": {"uv": [9, 0.25, 9.125, 0.375], "texture": "#0"},
				"up": {"uv": [0.625, 9.125, 0.5, 9], "texture": "#0"},
				"down": {"uv": [9.125, 0.5, 9, 0.625], "texture": "#0"}
			}
		},
		{
			"name": "voxel",
			"from": [12, 10.4, 9],
			"to": [13, 11.4, 10],
			"rotation": {"angle": 22.5, "axis": "x", "origin": [8, 6, 8]},
			"faces": {
				"north": {"uv": [0.75, 9, 0.875, 9.125], "texture": "#0"},
				"east": {"uv": [9, 0.75, 9.125, 0.875], "texture": "#0"},
				"south": {"uv": [1, 9, 1.125, 9.125], "texture": "#0"},
				"west": {"uv": [9, 1, 9.125, 1.125], "texture": "#0"},
				"up": {"uv": [1.375, 9.125, 1.25, 9], "texture": "#0"},
				"down": {"uv": [9.125, 1.25, 9, 1.375], "texture": "#0"}
			}
		},
		{
			"name": "voxel",
			"from": [5, 10.4, 11],
			"to": [6, 11.4, 12],
			"rotation": {"angle": 22.5, "axis": "x", "origin": [8, 6, 8]},
			"faces": {
				"north": {"uv": [1.5, 9, 1.625, 9.125], "texture": "#0"},
				"east": {"uv": [9, 1.5, 9.125, 1.625], "texture": "#0"},
				"south": {"uv": [1.75, 9, 1.875, 9.125], "texture": "#0"},
				"west": {"uv": [9, 1.75, 9.125, 1.875], "texture": "#0"},
				"up": {"uv": [2.125, 9.125, 2, 9], "texture": "#0"},
				"down": {"uv": [9.125, 2, 9, 2.125], "texture": "#0"}
			}
		},
		{
			"name": "voxel",
			"from": [10, 10.4, 11],
			"to": [11, 11.4, 12],
			"rotation": {"angle": 22.5, "axis": "x", "origin": [8, 6, 8]},
			"faces": {
				"north": {"uv": [2.25, 9, 2.375, 9.125], "texture": "#0"},
				"east": {"uv": [9, 2.25, 9.125, 2.375], "texture": "#0"},
				"south": {"uv": [2.5, 9, 2.625, 9.125], "texture": "#0"},
				"west": {"uv": [9, 2.5, 9.125, 2.625], "texture": "#0"},
				"up": {"uv": [2.875, 9.125, 2.75, 9], "texture": "#0"},
				"down": {"uv": [9.125, 2.75, 9, 2.875], "texture": "#0"}
			}
		},
		{
			"name": "voxel",
			"from": [5, 11.4, 3],
			"to": [6, 12.4, 11],
			"rotation": {"angle": 22.5, "axis": "x", "origin": [8, 6, 8]},
			"faces": {
				"north": {"uv": [3, 9, 3.125, 9.125], "texture": "#0"},
				"east": {"uv": [7.5, 1.25, 8.5, 1.375], "texture": "#0"},
				"south": {"uv": [9, 3, 9.125, 3.125], "texture": "#0"},
				"west": {"uv": [7.5, 1.5, 8.5, 1.625], "texture": "#0"},
				"up": {"uv": [1.625, 8.5, 1.5, 7.5], "texture": "#0"},
				"down": {"uv": [7.625, 1.75, 7.5, 2.75], "texture": "#0"}
			}
		},
		{
			"name": "voxel",
			"from": [10, 11.4, 3],
			"to": [11, 12.4, 11],
			"rotation": {"angle": 22.5, "axis": "x", "origin": [8, 6, 8]},
			"faces": {
				"north": {"uv": [3.25, 9, 3.375, 9.125], "texture": "#0"},
				"east": {"uv": [2.75, 7.5, 3.75, 7.625], "texture": "#0"},
				"south": {"uv": [9, 3.25, 9.125, 3.375], "texture": "#0"},
				"west": {"uv": [7.5, 2.75, 8.5, 2.875], "texture": "#0"},
				"up": {"uv": [7.625, 4, 7.5, 3], "texture": "#0"},
				"down": {"uv": [3.875, 7.5, 3.75, 8.5], "texture": "#0"}
			}
		},
		{
			"name": "voxel",
			"from": [4, 11.4, 4],
			"to": [5, 12.4, 10],
			"rotation": {"angle": 22.5, "axis": "x", "origin": [8, 6, 8]},
			"faces": {
				"north": {"uv": [3.5, 9, 3.625, 9.125], "texture": "#0"},
				"east": {"uv": [7.75, 1, 8.5, 1.125], "texture": "#0"},
				"south": {"uv": [9, 3.5, 9.125, 3.625], "texture": "#0"},
				"west": {"uv": [7.75, 1.75, 8.5, 1.875], "texture": "#0"},
				"up": {"uv": [7.875, 2.75, 7.75, 2], "texture": "#0"},
				"down": {"uv": [2.875, 7.75, 2.75, 8.5], "texture": "#0"}
			}
		},
		{
			"name": "voxel",
			"from": [11, 11.4, 4],
			"to": [12, 12.4, 10],
			"rotation": {"angle": 22.5, "axis": "x", "origin": [8, 6, 8]},
			"faces": {
				"north": {"uv": [3.75, 9, 3.875, 9.125], "texture": "#0"},
				"east": {"uv": [3, 7.75, 3.75, 7.875], "texture": "#0"},
				"south": {"uv": [9, 3.75, 9.125, 3.875], "texture": "#0"},
				"west": {"uv": [7.75, 3, 8.5, 3.125], "texture": "#0"},
				"up": {"uv": [7.875, 4, 7.75, 3.25], "texture": "#0"},
				"down": {"uv": [5.125, 7.75, 5, 8.5], "texture": "#0"}
			}
		},
		{
			"name": "voxel",
			"from": [6, 12.4, 3],
			"to": [10, 13.4, 11],
			"rotation": {"angle": 22.5, "axis": "x", "origin": [8, 6, 8]},
			"faces": {
				"north": {"uv": [8.25, 6.5, 8.75, 6.625], "texture": "#0"},
				"east": {"uv": [7.5, 4, 8.5, 4.125], "texture": "#0"},
				"south": {"uv": [8.25, 6.75, 8.75, 6.875], "texture": "#0"},
				"west": {"uv": [7.5, 4.25, 8.5, 4.375], "texture": "#0"},
				"up": {"uv": [5.5, 1, 5, 0], "texture": "#0"},
				"down": {"uv": [5.5, 1, 5, 2], "texture": "#0"}
			}
		},
		{
			"name": "voxel",
			"from": [5, 12.4, 4],
			"to": [6, 13.4, 10],
			"rotation": {"angle": 22.5, "axis": "x", "origin": [8, 6, 8]},
			"faces": {
				"north": {"uv": [4, 9, 4.125, 9.125], "texture": "#0"},
				"east": {"uv": [7.75, 5.25, 8.5, 5.375], "texture": "#0"},
				"south": {"uv": [9, 4, 9.125, 4.125], "texture": "#0"},
				"west": {"uv": [7.75, 5.5, 8.5, 5.625], "texture": "#0"},
				"up": {"uv": [5.375, 8.5, 5.25, 7.75], "texture": "#0"},
				"down": {"uv": [7.375, 7.75, 7.25, 8.5], "texture": "#0"}
			}
		},
		{
			"name": "voxel",
			"from": [10, 12.4, 4],
			"to": [11, 13.4, 10],
			"rotation": {"angle": 22.5, "axis": "x", "origin": [8, 6, 8]},
			"faces": {
				"north": {"uv": [4.25, 9, 4.375, 9.125], "texture": "#0"},
				"east": {"uv": [7.75, 5.75, 8.5, 5.875], "texture": "#0"},
				"south": {"uv": [9, 4.25, 9.125, 4.375], "texture": "#0"},
				"west": {"uv": [7.75, 6, 8.5, 6.125], "texture": "#0"},
				"up": {"uv": [7.875, 8, 7.75, 7.25], "texture": "#0"},
				"down": {"uv": [7.625, 7.75, 7.5, 8.5], "texture": "#0"}
			}
		},
		{
			"name": "voxel",
			"from": [4, 12.4, 5],
			"to": [5, 13.4, 9],
			"rotation": {"angle": 22.5, "axis": "x", "origin": [8, 6, 8]},
			"faces": {
				"north": {"uv": [4.5, 9, 4.625, 9.125], "texture": "#0"},
				"east": {"uv": [8.25, 7, 8.75, 7.125], "texture": "#0"},
				"south": {"uv": [9, 4.5, 9.125, 4.625], "texture": "#0"},
				"west": {"uv": [8.25, 7.25, 8.75, 7.375], "texture": "#0"},
				"up": {"uv": [7.875, 8.75, 7.75, 8.25], "texture": "#0"},
				"down": {"uv": [8.125, 8.25, 8, 8.75], "texture": "#0"}
			}
		},
		{
			"name": "voxel",
			"from": [11, 12.4, 5],
			"to": [12, 13.4, 9],
			"rotation": {"angle": 22.5, "axis": "x", "origin": [8, 6, 8]},
			"faces": {
				"north": {"uv": [4.75, 9, 4.875, 9.125], "texture": "#0"},
				"east": {"uv": [8.25, 8, 8.75, 8.125], "texture": "#0"},
				"south": {"uv": [9, 4.75, 9.125, 4.875], "texture": "#0"},
				"west": {"uv": [8.25, 8.25, 8.75, 8.375], "texture": "#0"},
				"up": {"uv": [0.625, 9, 0.5, 8.5], "texture": "#0"},
				"down": {"uv": [0.875, 8.5, 0.75, 9], "texture": "#0"}
			}
		},
		{
			"name": "voxel",
			"from": [6, 13.4, 5],
			"to": [10, 14.4, 9],
			"rotation": {"angle": 22.5, "axis": "x", "origin": [8, 6, 8]},
			"faces": {
				"north": {"uv": [8.5, 1, 9, 1.125], "texture": "#0"},
				"east": {"uv": [8.5, 1.25, 9, 1.375], "texture": "#0"},
				"south": {"uv": [1.5, 8.5, 2, 8.625], "texture": "#0"},
				"west": {"uv": [8.5, 1.5, 9, 1.625], "texture": "#0"},
				"up": {"uv": [6.75, 3.5, 6.25, 3], "texture": "#0"},
				"down": {"uv": [7, 3.5, 6.5, 4], "texture": "#0"}
			}
		},
		{
			"name": "voxel",
			"from": [13, -8, 5],
			"to": [17, -7, 11],
			"rotation": {"angle": 0, "axis": "y", "origin": [-8, -8, -8]},
			"faces": {
				"north": {"uv": [8.5, 1.75, 9, 1.875], "texture": "#0"},
				"east": {"uv": [8, 0, 8.75, 0.125], "texture": "#0"},
				"south": {"uv": [2, 8.5, 2.5, 8.625], "texture": "#0"},
				"west": {"uv": [8, 0.25, 8.75, 0.375], "texture": "#0"},
				"up": {"uv": [6.5, 0.75, 6, 0], "texture": "#0"},
				"down": {"uv": [1, 6, 0.5, 6.75], "texture": "#0"}
			}
		},
		{
			"name": "voxel",
			"from": [14, -7, 5],
			"to": [16, -6, 11],
			"rotation": {"angle": 0, "axis": "y", "origin": [-8, -8, -8]},
			"faces": {
				"north": {"uv": [8.75, 2.75, 9, 2.875], "texture": "#0"},
				"east": {"uv": [8, 0.5, 8.75, 0.625], "texture": "#0"},
				"south": {"uv": [3, 8.75, 3.25, 8.875], "texture": "#0"},
				"west": {"uv": [8, 0.75, 8.75, 0.875], "texture": "#0"},
				"up": {"uv": [4.25, 8, 4, 7.25], "texture": "#0"},
				"down": {"uv": [4.5, 7.25, 4.25, 8], "texture": "#0"}
			}
		},
		{
			"name": "voxel",
			"from": [13, -7, 6],
			"to": [14, -5, 10],
			"rotation": {"angle": 0, "axis": "y", "origin": [-8, -8, -8]},
			"faces": {
				"north": {"uv": [8.75, 3, 8.875, 3.25], "texture": "#0"},
				"east": {"uv": [2.5, 2, 3, 2.25], "texture": "#0"},
				"south": {"uv": [3.25, 8.75, 3.375, 9], "texture": "#0"},
				"west": {"uv": [7.5, 4.5, 8, 4.75], "texture": "#0"},
				"up": {"uv": [8.625, 2.5, 8.5, 2], "texture": "#0"},
				"down": {"uv": [2.625, 8.5, 2.5, 9], "texture": "#0"}
			}
		},
		{
			"name": "voxel",
			"from": [16, -7, 6],
			"to": [17, -5, 10],
			"rotation": {"angle": 0, "axis": "y", "origin": [-8, -8, -8]},
			"faces": {
				"north": {"uv": [8.75, 3.25, 8.875, 3.5], "texture": "#0"},
				"east": {"uv": [7.5, 4.75, 8, 5], "texture": "#0"},
				"south": {"uv": [3.5, 8.75, 3.625, 9], "texture": "#0"},
				"west": {"uv": [7.5, 5, 8, 5.25], "texture": "#0"},
				"up": {"uv": [2.875, 9, 2.75, 8.5], "texture": "#0"},
				"down": {"uv": [8.625, 2.75, 8.5, 3.25], "texture": "#0"}
			}
		},
		{
			"name": "voxel",
			"from": [14, -6, 6],
			"to": [16, -3, 10],
			"rotation": {"angle": 0, "axis": "y", "origin": [-8, -8, -8]},
			"faces": {
				"north": {"uv": [8, 2, 8.25, 2.375], "texture": "#0"},
				"east": {"uv": [5, 7.25, 5.5, 7.625], "texture": "#0"},
				"south": {"uv": [3, 8, 3.25, 8.375], "texture": "#0"},
				"west": {"uv": [7.25, 5.25, 7.75, 5.625], "texture": "#0"},
				"up": {"uv": [7.75, 6.25, 7.5, 5.75], "texture": "#0"},
				"down": {"uv": [6.25, 7.5, 6, 8], "texture": "#0"}
			}
		},
		{
			"name": "voxel",
			"from": [14, -3, 7],
			"to": [16, 9, 9],
			"rotation": {"angle": 0, "axis": "y", "origin": [-8, -8, -8]},
			"faces": {
				"north": {"uv": [6, 0.75, 6.25, 2.25], "texture": "#0"},
				"east": {"uv": [1, 6, 1.25, 7.5], "texture": "#0"},
				"south": {"uv": [1.25, 6, 1.5, 7.5], "texture": "#0"},
				"west": {"uv": [1.5, 6, 1.75, 7.5], "texture": "#0"},
				"up": {"uv": [6.5, 3.75, 6.25, 3.5], "texture": "#0"},
				"down": {"uv": [3.25, 8.5, 3, 8.75], "texture": "#0"}
			}
		},
		{
			"name": "voxel",
			"from": [-1, -8, 5],
			"to": [3, -7, 11],
			"rotation": {"angle": 0, "axis": "y", "origin": [-8, -8, -8]},
			"faces": {
				"north": {"uv": [3.25, 8.5, 3.75, 8.625], "texture": "#0"},
				"east": {"uv": [8, 2.5, 8.75, 2.625], "texture": "#0"},
				"south": {"uv": [3.75, 8.5, 4.25, 8.625], "texture": "#0"},
				"west": {"uv": [8, 3.25, 8.75, 3.375], "texture": "#0"},
				"up": {"uv": [2.25, 6.75, 1.75, 6], "texture": "#0"},
				"down": {"uv": [2.75, 6, 2.25, 6.75], "texture": "#0"}
			}
		},
		{
			"name": "voxel",
			"from": [0, -7, 5],
			"to": [2, -6, 11],
			"rotation": {"angle": 0, "axis": "y", "origin": [-8, -8, -8]},
			"faces": {
				"north": {"uv": [8.75, 3.5, 9, 3.625], "texture": "#0"},
				"east": {"uv": [8, 3.5, 8.75, 3.625], "texture": "#0"},
				"south": {"uv": [3.75, 8.75, 4, 8.875], "texture": "#0"},
				"west": {"uv": [8, 3.75, 8.75, 3.875], "texture": "#0"},
				"up": {"uv": [7.5, 6.5, 7.25, 5.75], "texture": "#0"},
				"down": {"uv": [7.5, 6.5, 7.25, 7.25], "texture": "#0"}
			}
		},
		{
			"name": "voxel",
			"from": [-1, -7, 6],
			"to": [0, -5, 10],
			"rotation": {"angle": 0, "axis": "y", "origin": [-8, -8, -8]},
			"faces": {
				"north": {"uv": [8.75, 3.75, 8.875, 4], "texture": "#0"},
				"east": {"uv": [7.5, 6.25, 8, 6.5], "texture": "#0"},
				"south": {"uv": [4, 8.75, 4.125, 9], "texture": "#0"},
				"west": {"uv": [7.5, 6.5, 8, 6.75], "texture": "#0"},
				"up": {"uv": [8.625, 4.5, 8.5, 4], "texture": "#0"},
				"down": {"uv": [4.375, 8.5, 4.25, 9], "texture": "#0"}
			}
		},
		{
			"name": "voxel",
			"from": [2, -7, 6],
			"to": [3, -5, 10],
			"rotation": {"angle": 0, "axis": "y", "origin": [-8, -8, -8]},
			"faces": {
				"north": {"uv": [8.75, 4, 8.875, 4.25], "texture": "#0"},
				"east": {"uv": [7.5, 6.75, 8, 7], "texture": "#0"},
				"south": {"uv": [8.75, 4.25, 8.875, 4.5], "texture": "#0"},
				"west": {"uv": [7.5, 7, 8, 7.25], "texture": "#0"},
				"up": {"uv": [4.625, 9, 4.5, 8.5], "texture": "#0"},
				"down": {"uv": [4.875, 8.5, 4.75, 9], "texture": "#0"}
			}
		},
		{
			"name": "voxel",
			"from": [0, -6, 6],
			"to": [2, -3, 10],
			"rotation": {"angle": 0, "axis": "y", "origin": [-8, -8, -8]},
			"faces": {
				"north": {"uv": [3.25, 8, 3.5, 8.375], "texture": "#0"},
				"east": {"uv": [7.25, 7.25, 7.75, 7.625], "texture": "#0"},
				"south": {"uv": [3.5, 8, 3.75, 8.375], "texture": "#0"},
				"west": {"uv": [7.5, 0, 8, 0.375], "texture": "#0"},
				"up": {"uv": [6.5, 8, 6.25, 7.5], "texture": "#0"},
				"down": {"uv": [8, 0.5, 7.75, 1], "texture": "#0"}
			}
		},
		{
			"name": "voxel",
			"from": [0, -3, 7],
			"to": [2, 9, 9],
			"rotation": {"angle": 0, "axis": "y", "origin": [-8, -8, -8]},
			"faces": {
				"north": {"uv": [6, 2.25, 6.25, 3.75], "texture": "#0"},
				"east": {"uv": [2.75, 6, 3, 7.5], "texture": "#0"},
				"south": {"uv": [3, 6, 3.25, 7.5], "texture": "#0"},
				"west": {"uv": [3.25, 6, 3.5, 7.5], "texture": "#0"},
				"up": {"uv": [5.25, 8.75, 5, 8.5], "texture": "#0"},
				"down": {"uv": [5.5, 8.5, 5.25, 8.75], "texture": "#0"}
			}
		},
		{
			"name": "voxel",
			"from": [6, -8, -1.4],
			"to": [10, -7, 4.6],
			"rotation": {"angle": 0, "axis": "y", "origin": [-8, -8, -8]},
			"faces": {
				"north": {"uv": [8.5, 5.25, 9, 5.375], "texture": "#0"},
				"east": {"uv": [8, 4.5, 8.75, 4.625], "texture": "#0"},
				"south": {"uv": [8.5, 5.5, 9, 5.625], "texture": "#0"},
				"west": {"uv": [8, 4.75, 8.75, 4.875], "texture": "#0"},
				"up": {"uv": [6.5, 4.5, 6, 3.75], "texture": "#0"},
				"down": {"uv": [6.5, 4.5, 6, 5.25], "texture": "#0"}
			}
		},
		{
			"name": "voxel",
			"from": [7, -7, -1.4],
			"to": [9, -6, 4.6],
			"rotation": {"angle": 0, "axis": "y", "origin": [-8, -8, -8]},
			"faces": {
				"north": {"uv": [8.75, 4.5, 9, 4.625], "texture": "#0"},
				"east": {"uv": [8, 5, 8.75, 5.125], "texture": "#0"},
				"south": {"uv": [8.75, 4.75, 9, 4.875], "texture": "#0"},
				"west": {"uv": [8, 6.25, 8.75, 6.375], "texture": "#0"},
				"up": {"uv": [0.5, 8.25, 0.25, 7.5], "texture": "#0"},
				"down": {"uv": [7.75, 0.5, 7.5, 1.25], "texture": "#0"}
			}
		},
		{
			"name": "voxel",
			"from": [9, -7, -0.4],
			"to": [10, -6, 3.6],
			"rotation": {"angle": 0, "axis": "y", "origin": [-8, -8, -8]},
			"faces": {
				"north": {"uv": [5, 9, 5.125, 9.125], "texture": "#0"},
				"east": {"uv": [8.5, 5.75, 9, 5.875], "texture": "#0"},
				"south": {"uv": [9, 5, 9.125, 5.125], "texture": "#0"},
				"west": {"uv": [6, 8.5, 6.5, 8.625], "texture": "#0"},
				"up": {"uv": [6.625, 9, 6.5, 8.5], "texture": "#0"},
				"down": {"uv": [6.875, 8.5, 6.75, 9], "texture": "#0"}
			}
		},
		{
			"name": "voxel",
			"from": [7, -8.6, 5],
			"to": [9, -3.6, 8.4],
			"rotation": {"angle": 22.5, "axis": "x", "origin": [8, 6, 8]},
			"faces": {
				"north": {"uv": [1, 7.5, 1.25, 8.125], "texture": "#0"},
				"east": {"uv": [4, 6.5, 4.375, 7.125], "texture": "#0"},
				"south": {"uv": [1.25, 7.5, 1.5, 8.125], "texture": "#0"},
				"west": {"uv": [6.5, 4, 6.875, 4.625], "texture": "#0"},
				"up": {"uv": [4.25, 8.375, 4, 8], "texture": "#0"},
				"down": {"uv": [4.5, 8, 4.25, 8.375], "texture": "#0"}
			}
		},
		{
			"name": "voxel",
			"from": [6, -7, -0.4],
			"to": [7, -6, 3.6],
			"rotation": {"angle": 0, "axis": "y", "origin": [-8, -8, -8]},
			"faces": {
				"north": {"uv": [5.25, 9, 5.375, 9.125], "texture": "#0"},
				"east": {"uv": [8.5, 6, 9, 6.125], "texture": "#0"},
				"south": {"uv": [9, 5.25, 9.125, 5.375], "texture": "#0"},
				"west": {"uv": [7.25, 8.5, 7.75, 8.625], "texture": "#0"},
				"up": {"uv": [8.625, 8, 8.5, 7.5], "texture": "#0"},
				"down": {"uv": [8.375, 8.5, 8.25, 9], "texture": "#0"}
			}
		}
	],
	"display": {
		"head": {
			"translation": [0, 0.75, 3.25],
			"scale": [2, 2, 2]
		}
	},
	"groups": [
		{
			"name": "voxel_file",
			"origin": [8, 8, 8],
			"color": 0,
			"children": [
				{
					"name": "body",
					"origin": [0, 0, 0],
					"color": 0,
					"children": [0, 1, 2, 3, 4, 5, 6, 7, 8, 9, 10, 11, 12, 13, 14, 15, 16, 17, 18, 19, 20, 21, 22, 23, 24, 25, 26, 27, 28, 29, 30, 31, 32, 33, 34]
				},
				{
					"name": "right",
					"origin": [0, 0, 0],
					"color": 0,
					"children": [35, 36, 37, 38, 39, 40]
				},
				{
					"name": "left",
					"origin": [0, 0, 0],
					"color": 0,
					"children": [41, 42, 43, 44, 45, 46]
				},
				{
					"name": "middle",
					"origin": [8, 7, 8],
					"color": 0,
					"children": [47, 48, 49, 50, 51]
				}
			]
		}
	]
}