{
  "parent": "minecraft:item/handheld_rod",
  "textures": {
    "layer0": "minecraft:item/carrot_on_a_stick"
  },
  "overrides": [
    {
      "predicate": { "custom_model_data": 1977000 },
      "model": "gc/guns/ee3"
    },
    {
      "predicate": { "custom_model_data": 1977001 },
      "model": "gc/guns/bowcaster"
    },
    {
      "predicate": { "custom_model_data": 1977002 },
      "model": "gc/guns/dlt20a"
    },
    {
      "predicate": { "custom_model_data": 1977003 },
      "model": "gc/guns/dl44"
    },
    {
      "predicate": { "custom_model_data": 1977004 },
      "model": "gc/guns/tl50"
    },
    {
      "predicate": { "custom_model_data": 1977005 },
      "model": "gc/guns/e11"
    },
    {
      "predicate": { "custom_model_data": 1977006 },
      "model": "gc/guns/relbyv10"
    },
    {
      "predicate": { "custom_model_data": 1977007 },
      "model": "gc/guns/x-8"
    },
    {
      "predicate": { "custom_model_data": 1977008 },
      "model": "gc/guns/relbyv10_gas"
    },
    {
      "predicate": { "custom_model_data": 1977009 },
      "model": "gc/guns/relbyv10_skill"
    },
    {
      "predicate": { "custom_model_data": 1977010 },
      "model": "gc/guns/x-8_shotgun"
    },
    {
      "predicate": { "custom_model_data": 1977011 },
      "model": "gc/guns/dlt20a_explosive"
    },
    {
      "predicate": { "custom_model_data": 1977012 },
      "model": "gc/guns/dl44_skill"
    },
    {
      "predicate": { "custom_model_data": 1977013 },
      "model": "gc/guns/dl44_mag"
    },
    {
      "predicate": { "custom_model_data": 1977014 },
      "model": "gc/guns/dt12"
    },
    {
      "predicate": { "custom_model_data": 1977015 },
      "model": "gc/guns/dh17"
    },
    {
      "predicate": { "custom_model_data": 1977100 },
      "model": "gc/lightsabers/lightsaber"
    },
    {
      "predicate": { "custom_model_data": 1977101 },
      "model": "gc/lightsabers/lightsaber_blocking"
    },
    {
      "predicate": { "custom_model_data": 1977102 },
      "model": "gc/lightsabers/vadersaber"
    },
    {
      "predicate": { "custom_model_data": 1977103 },
      "model": "gc/lightsabers/vadersaber_blocking"
    },
    {
      "predicate": { "custom_model_data": 1977200 },
      "model": "gc/abilities/aim"
    },
    {
      "predicate": { "custom_model_data": 1977201 },
      "model": "gc/abilities/incendiary"
    },
    {
      "predicate": { "custom_model_data": 1977203 },
      "model": "gc/abilities/choke"
    },
    {
      "predicate": { "custom_model_data": 1977204 },
      "model": "gc/abilities/dash"
    },
    {
      "predicate": { "custom_model_data": 1977205 },
      "model": "gc/abilities/explode"
    },
    {
      "predicate": { "custom_model_data": 1977206 },
      "model": "gc/abilities/flamethrower"
    },
    {
      "predicate": { "custom_model_data": 1977207 },
      "model": "gc/abilities/jetpack"
    },
    {
      "predicate": { "custom_model_data": 1977208 },
      "model": "gc/abilities/mindless"
    },
    {
      "predicate": { "custom_model_data": 1977209 },
      "model": "gc/abilities/push"
    },
    {
      "predicate": { "custom_model_data": 1977210 },
      "model": "gc/abilities/reload"
    },
    {
      "predicate": { "custom_model_data": 1977211 },
      "model": "gc/abilities/smash"
    },
    {
      "predicate": { "custom_model_data": 1977212 },
      "model": "gc/abilities/smoke"
    },
    {
      "predicate": { "custom_model_data": 1977213 },
      "model": "gc/abilities/saberthrow"
    },
    {
      "predicate": { "custom_model_data": 1977214 },
      "model": "gc/abilities/dome"
    },
    {
      "predicate": { "custom_model_data": 1977215 },
      "model": "gc/abilities/skilled_leader"
    },
    {
      "predicate": { "custom_model_data": 1977216 },
      "model": "gc/abilities/plasma_wall"
    },
    {
      "predicate": { "custom_model_data": 1977217 },
      "model": "gc/abilities/seismic"
    },
    {
      "predicate": { "custom_model_data": 1977218 },
      "model": "gc/abilities/gas"
    },
    {
      "predicate": { "custom_model_data": 1977219 },
      "model": "gc/abilities/trappingshot"
    },
    {
      "predicate": { "custom_model_data": 1977220 },
      "model": "gc/abilities/x8overcharge"
    },
    {
      "predicate": { "custom_model_data": 1977221 },
      "model": "gc/abilities/sneak"
    },
    {
      "predicate": { "custom_model_data": 1977222 },
      "model": "gc/abilities/ion"
    },
    {
      "predicate": { "custom_model_data": 1977223 },
      "model": "gc/abilities/astromech"
    },
    {
      "predicate": { "custom_model_data": 1977224 },
      "model": "gc/abilities/rolling_charge"
    },
    {
      "predicate": { "custom_model_data": 1977225 },
      "model": "gc/abilities/greedo_face"
    },
    {
      "predicate": { "custom_model_data": 1977226 },
      "model": "gc/abilities/smoke_wall"
    },
    {
      "predicate": { "custom_model_data": 1977227 },
      "model": "gc/abilities/rocket_launcher"
    },
    {
      "predicate": { "custom_model_data": 1977300 },
      "model": "gc/guns/pulse_cannon"
    }
  ]
}