{
	"parent": "item/generated",
	"textures": {
		"layer0": "item/white_dye"
	},
	"overrides": [
		{
			"predicate": {
				"custom_model_data": 1
			},
			"model": "minecraft:gc/objects/atat/atst/hips"
		},
		{
			"predicate": {
				"custom_model_data": 2
			},
			"model": "minecraft:gc/objects/atat/atst/leg_l"
		},
		{
			"predicate": {
				"custom_model_data": 3
			},
			"model": "minecraft:gc/objects/atat/atst/lower_leg_l"
		},
		{
			"predicate": {
				"custom_model_data": 4
			},
			"model": "minecraft:gc/objects/atat/atst/foot_l"
		},
		{
			"predicate": {
				"custom_model_data": 5
			},
			"model": "minecraft:gc/objects/atat/atst/head"
		},
		{
			"predicate": {
				"custom_model_data": 6
			},
			"model": "minecraft:gc/objects/atat/atst/leg_r"
		},
		{
			"predicate": {
				"custom_model_data": 7
			},
			"model": "minecraft:gc/objects/atat/atst/lower_leg_r"
		},
		{
			"predicate": {
				"custom_model_data": 8
			},
			"model": "minecraft:gc/objects/atat/atst/foot_r"
		},
		{
			"predicate": {
				"custom_model_data": 9
			},
			"model": "minecraft:gc/objects/atat/atst/hip"
		},
		{
			"predicate": {
				"custom_model_data": 10
			},
			"model": "minecraft:gc/objects/atat/atst/leg_l"
		},
		{
			"predicate": {
				"custom_model_data": 11
			},
			"model": "minecraft:gc/objects/atat/atst/lower_leg_l"
		},
		{
			"predicate": {
				"custom_model_data": 12
			},
			"model": "minecraft:gc/objects/atat/atst/foot_l"
		},
		{
			"predicate": {
				"custom_model_data": 13
			},
			"model": "minecraft:gc/objects/atat/atst/leg_r"
		},
		{
			"predicate": {
				"custom_model_data": 14
			},
			"model": "minecraft:gc/objects/atat/atst/lower_leg_r"
		},
		{
			"predicate": {
				"custom_model_data": 15
			},
			"model": "minecraft:gc/objects/atat/atst/foot_r"
		},
		{
			"predicate": {
				"custom_model_data": 16
			},
			"model": "minecraft:gc/objects/atat/atst/head"
		}
	],
	"aj": {
		"includedRigs": {
			"6451d01c-532a-dbb5-8648-80862ea6b051": {
				"name": "at_st",
				"usedIDs": [
					[1, 8]
				]
			},
			"6217bf50-d14b-8097-918c-708622279164": {
				"name": "atst",
				"usedIDs": [
					[9, 16]
				]
			}
		}
	}
}