{
	"credit": "Made with Blockbench",
	"texture_size": [32, 32],
	"textures": {
		"0": "slot_2:item/glock/0",
		"1": "slot_2:item/glock/1",
		"particle": "slot_2:item/glock/0"
	},
	"elements": [
		{
			"from": [6.91, 5.86735, 3.0306],
			"to": [8.99, 6.86735, 4.0306],
			"rotation": {"angle": 0, "axis": "x", "origin": [8.25, 4.82632, 7.61687]},
			"faces": {
				"north": {"uv": [0, 14, 2, 16], "rotation": 180, "texture": "#0"},
				"east": {"uv": [0, 14, 2, 16], "rotation": 180, "texture": "#0"},
				"south": {"uv": [0, 14, 2, 16], "rotation": 180, "texture": "#0"},
				"west": {"uv": [0, 14, 2, 16], "rotation": 180, "texture": "#0"},
				"up": {"uv": [0, 14, 2, 16], "rotation": 180, "texture": "#0"},
				"down": {"uv": [0, 14, 2, 16], "rotation": 180, "texture": "#0"}
			}
		},
		{
			"from": [6.91, -0.24824, 2.98572],
			"to": [8.99, 6.25176, 5.98572],
			"rotation": {"angle": 22.5, "axis": "x", "origin": [8.25, 4.82632, 7.61687]},
			"faces": {
				"north": {"uv": [15, 0, 16, 1], "texture": "#1"},
				"east": {"uv": [0, 0, 16, 16], "texture": "#1"},
				"south": {"uv": [15, 0, 16, 1], "texture": "#1"},
				"west": {"uv": [0, 16, 16, 0], "rotation": 180, "texture": "#1"},
				"up": {"uv": [16, 1, 15, 0], "texture": "#1"},
				"down": {"uv": [16, 0, 15, 1], "texture": "#1"}
			}
		},
		{
			"from": [6.91, 7.5445, 3.89703],
			"to": [8.99, 8.5445, 4.89703],
			"rotation": {"angle": -22.5, "axis": "x", "origin": [8.25, 4.82632, 7.61687]},
			"faces": {
				"north": {"uv": [0, 14, 2, 16], "rotation": 180, "texture": "#0"},
				"east": {"uv": [0, 14, 2, 16], "rotation": 180, "texture": "#0"},
				"south": {"uv": [0, 14, 2, 16], "rotation": 180, "texture": "#0"},
				"west": {"uv": [0, 14, 2, 16], "rotation": 180, "texture": "#0"},
				"up": {"uv": [0, 14, 2, 16], "rotation": 180, "texture": "#0"},
				"down": {"uv": [0, 14, 2, 16], "rotation": 180, "texture": "#0"}
			}
		},
		{
			"from": [6.91, 2.77446, 2.44954],
			"to": [8.99, 3.77446, 3.44954],
			"rotation": {"angle": 45, "axis": "x", "origin": [8.25, 4.82632, 7.61687]},
			"faces": {
				"north": {"uv": [0, 14, 2, 16], "rotation": 90, "texture": "#0"},
				"east": {"uv": [0, 14, 2, 16], "rotation": 90, "texture": "#0"},
				"south": {"uv": [0, 14, 2, 16], "rotation": 90, "texture": "#0"},
				"west": {"uv": [0, 14, 2, 16], "rotation": 90, "texture": "#0"},
				"up": {"uv": [0, 14, 2, 16], "rotation": 90, "texture": "#0"},
				"down": {"uv": [0, 14, 2, 16], "rotation": 90, "texture": "#0"}
			}
		},
		{
			"from": [6.91, 4.89225, 1.83462],
			"to": [8.99, 5.89225, 2.83462],
			"rotation": {"angle": 22.5, "axis": "x", "origin": [8.25, 4.82632, 7.61687]},
			"faces": {
				"north": {"uv": [0, 14, 2, 16], "rotation": 90, "texture": "#0"},
				"east": {"uv": [0, 14, 2, 16], "rotation": 90, "texture": "#0"},
				"south": {"uv": [0, 14, 2, 16], "rotation": 90, "texture": "#0"},
				"west": {"uv": [0, 14, 2, 16], "rotation": 90, "texture": "#0"},
				"up": {"uv": [0, 14, 2, 16], "rotation": 90, "texture": "#0"},
				"down": {"uv": [0, 14, 2, 16], "rotation": 90, "texture": "#0"}
			}
		},
		{
			"from": [6.9, 6, 5.8],
			"to": [9, 7, 13],
			"rotation": {"angle": 0, "axis": "y", "origin": [8.25, 4.82632, 7.61687]},
			"faces": {
				"north": {"uv": [0, 14, 1, 16], "texture": "#0"},
				"east": {"uv": [0, 14, 1, 16], "texture": "#0"},
				"south": {"uv": [0, 14, 1, 16], "texture": "#0"},
				"west": {"uv": [0, 14, 1, 16], "texture": "#0"},
				"up": {"uv": [0, 14, 1, 16], "texture": "#0"},
				"down": {"uv": [0, 14, 1, 16], "texture": "#0"}
			}
		},
		{
			"from": [7.865, 4.97032, 6.79877],
			"to": [8.035, 5.67032, 6.89877],
			"rotation": {"angle": -45, "axis": "x", "origin": [8.25, 4.82632, 7.61687]},
			"faces": {
				"north": {"uv": [0, 14, 2, 16], "rotation": 90, "texture": "#0"},
				"east": {"uv": [0, 14, 2, 16], "rotation": 90, "texture": "#0"},
				"south": {"uv": [0, 14, 2, 16], "rotation": 90, "texture": "#0"},
				"west": {"uv": [0, 14, 2, 16], "rotation": 90, "texture": "#0"},
				"up": {"uv": [0, 14, 2, 16], "rotation": 90, "texture": "#0"},
				"down": {"uv": [0, 14, 2, 16], "rotation": 90, "texture": "#0"}
			}
		},
		{
			"from": [7.865, 4.64629, 6.20594],
			"to": [8.035, 5.84629, 6.80594],
			"rotation": {"angle": -22.5, "axis": "x", "origin": [8.25, 4.82632, 7.61687]},
			"faces": {
				"north": {"uv": [0, 14, 2, 16], "rotation": 90, "texture": "#0"},
				"east": {"uv": [0, 14, 2, 16], "rotation": 90, "texture": "#0"},
				"south": {"uv": [0, 14, 2, 16], "rotation": 90, "texture": "#0"},
				"west": {"uv": [0, 14, 2, 16], "rotation": 90, "texture": "#0"},
				"up": {"uv": [0, 14, 2, 16], "rotation": 90, "texture": "#0"},
				"down": {"uv": [0, 14, 2, 16], "rotation": 90, "texture": "#0"}
			}
		},
		{
			"from": [7.865, 4.80853, 6.02703],
			"to": [8.035, 5.80853, 6.62703],
			"rotation": {"angle": 0, "axis": "x", "origin": [8.25, 4.82632, 7.61687]},
			"faces": {
				"north": {"uv": [0, 14, 2, 16], "rotation": 90, "texture": "#0"},
				"east": {"uv": [0, 14, 2, 16], "rotation": 90, "texture": "#0"},
				"south": {"uv": [0, 14, 2, 16], "rotation": 90, "texture": "#0"},
				"west": {"uv": [0, 14, 2, 16], "rotation": 90, "texture": "#0"},
				"up": {"uv": [0, 14, 2, 16], "rotation": 90, "texture": "#0"},
				"down": {"uv": [0, 14, 2, 16], "rotation": 90, "texture": "#0"}
			}
		},
		{
			"from": [7.865, 4.79757, 5.93791],
			"to": [8.035, 5.79757, 6.43791],
			"rotation": {"angle": 22.5, "axis": "x", "origin": [8.25, 4.82632, 7.61687]},
			"faces": {
				"north": {"uv": [0, 14, 2, 16], "rotation": 90, "texture": "#0"},
				"east": {"uv": [0, 14, 2, 16], "rotation": 90, "texture": "#0"},
				"south": {"uv": [0, 14, 2, 16], "rotation": 90, "texture": "#0"},
				"west": {"uv": [0, 14, 2, 16], "rotation": 90, "texture": "#0"},
				"up": {"uv": [0, 14, 2, 16], "rotation": 90, "texture": "#0"},
				"down": {"uv": [0, 14, 2, 16], "rotation": 90, "texture": "#0"}
			}
		},
		{
			"from": [7.81, 4.26985, 8.72151],
			"to": [8.09, 6.06985, 9.22151],
			"rotation": {"angle": 0, "axis": "x", "origin": [8.25, 4.82632, 7.61687]},
			"faces": {
				"north": {"uv": [0, 14, 2, 16], "rotation": 90, "texture": "#0"},
				"east": {"uv": [0, 14, 2, 16], "rotation": 90, "texture": "#0"},
				"south": {"uv": [0, 14, 2, 16], "rotation": 90, "texture": "#0"},
				"west": {"uv": [0, 14, 2, 16], "rotation": 90, "texture": "#0"},
				"up": {"uv": [0, 14, 2, 16], "rotation": 90, "texture": "#0"},
				"down": {"uv": [0, 14, 2, 16], "rotation": 90, "texture": "#0"}
			}
		},
		{
			"from": [7.81, 2.80321, 8.1459],
			"to": [8.09, 3.51121, 8.5159],
			"rotation": {"angle": -45, "axis": "x", "origin": [8.25, 4.82632, 7.61687]},
			"faces": {
				"north": {"uv": [0, 14, 2, 16], "rotation": 90, "texture": "#0"},
				"east": {"uv": [0, 14, 2, 16], "rotation": 90, "texture": "#0"},
				"south": {"uv": [0, 14, 2, 16], "rotation": 90, "texture": "#0"},
				"west": {"uv": [0, 14, 2, 16], "rotation": 90, "texture": "#0"},
				"up": {"uv": [0, 14, 2, 16], "rotation": 90, "texture": "#0"},
				"down": {"uv": [0, 14, 2, 16], "rotation": 90, "texture": "#0"}
			}
		},
		{
			"from": [7.81, 3.15676, 7.79235],
			"to": [8.09, 3.86476, 8.34235],
			"rotation": {"angle": -45, "axis": "x", "origin": [8.25, 4.82632, 7.61687]},
			"faces": {
				"north": {"uv": [0, 14, 2, 16], "rotation": 90, "texture": "#0"},
				"east": {"uv": [0, 14, 2, 16], "rotation": 90, "texture": "#0"},
				"south": {"uv": [0, 14, 2, 16], "rotation": 90, "texture": "#0"},
				"west": {"uv": [0, 14, 2, 16], "rotation": 90, "texture": "#0"},
				"up": {"uv": [0, 14, 2, 16], "rotation": 90, "texture": "#0"},
				"down": {"uv": [0, 14, 2, 16], "rotation": 90, "texture": "#0"}
			}
		},
		{
			"from": [7.81, 3.76985, 6.52151],
			"to": [8.09, 4.26985, 9.42151],
			"rotation": {"angle": 0, "axis": "x", "origin": [8.25, 4.82632, 7.61687]},
			"faces": {
				"north": {"uv": [0, 14, 2, 16], "rotation": 270, "texture": "#0"},
				"east": {"uv": [0, 14, 2, 16], "rotation": 180, "texture": "#0"},
				"south": {"uv": [0, 14, 2, 16], "rotation": 90, "texture": "#0"},
				"west": {"uv": [0, 14, 2, 16], "texture": "#0"},
				"up": {"uv": [0, 14, 2, 16], "rotation": 90, "texture": "#0"},
				"down": {"uv": [0, 14, 2, 16], "rotation": 270, "texture": "#0"}
			}
		},
		{
			"from": [7.81, 3.30475, 6.08936],
			"to": [8.09, 3.80475, 7.58936],
			"rotation": {"angle": 45, "axis": "x", "origin": [8.25, 4.82632, 7.61687]},
			"faces": {
				"north": {"uv": [0, 14, 2, 16], "rotation": 270, "texture": "#0"},
				"east": {"uv": [0, 14, 2, 16], "rotation": 180, "texture": "#0"},
				"south": {"uv": [0, 14, 2, 16], "rotation": 90, "texture": "#0"},
				"west": {"uv": [0, 14, 2, 16], "texture": "#0"},
				"up": {"uv": [0, 14, 2, 16], "rotation": 90, "texture": "#0"},
				"down": {"uv": [0, 14, 2, 16], "rotation": 270, "texture": "#0"}
			}
		},
		{
			"from": [7.81, 4.83051, 5.46085],
			"to": [8.09, 5.33051, 6.06085],
			"rotation": {"angle": 0, "axis": "y", "origin": [8.25, 4.82632, 7.61687]},
			"faces": {
				"north": {"uv": [0, 14, 2, 16], "rotation": 270, "texture": "#0"},
				"east": {"uv": [0, 14, 2, 16], "rotation": 180, "texture": "#0"},
				"south": {"uv": [0, 14, 2, 16], "rotation": 90, "texture": "#0"},
				"west": {"uv": [0, 14, 2, 16], "texture": "#0"},
				"up": {"uv": [0, 14, 2, 16], "rotation": 90, "texture": "#0"},
				"down": {"uv": [0, 14, 2, 16], "rotation": 270, "texture": "#0"}
			}
		},
		{
			"from": [7.21, -0.54824, 3.38572],
			"to": [8.69, 4.75176, 5.78572],
			"rotation": {"angle": 22.5, "axis": "x", "origin": [8.25, 4.82632, 7.61687]},
			"faces": {
				"north": {"uv": [0, 14, 2, 16], "rotation": 90, "texture": "#0"},
				"east": {"uv": [0, 14, 2, 16], "rotation": 90, "texture": "#0"},
				"south": {"uv": [0, 14, 2, 16], "rotation": 90, "texture": "#0"},
				"west": {"uv": [0, 14, 2, 16], "rotation": 90, "texture": "#0"},
				"up": {"uv": [0, 14, 2, 16], "rotation": 90, "texture": "#0"},
				"down": {"uv": [0, 14, 2, 16], "rotation": 90, "texture": "#0"}
			}
		},
		{
			"from": [7.21, -0.74824, 3.48572],
			"to": [8.69, -0.54824, 5.88572],
			"rotation": {"angle": 22.5, "axis": "x", "origin": [8.25, 4.82632, 7.61687]},
			"faces": {
				"north": {"uv": [0, 14, 2, 16], "rotation": 90, "texture": "#0"},
				"east": {"uv": [0, 14, 2, 16], "rotation": 90, "texture": "#0"},
				"south": {"uv": [0, 14, 2, 16], "rotation": 90, "texture": "#0"},
				"west": {"uv": [0, 14, 2, 16], "rotation": 90, "texture": "#0"},
				"up": {"uv": [0, 14, 2, 16], "rotation": 90, "texture": "#0"},
				"down": {"uv": [0, 14, 2, 16], "rotation": 90, "texture": "#0"}
			}
		},
		{
			"from": [6.9, 7, 5.8],
			"to": [9, 8.6, 13],
			"rotation": {"angle": 0, "axis": "y", "origin": [8.25, 4.82632, 7.61687]},
			"faces": {
				"north": {"uv": [0, 0, 1, 1], "texture": "#0"},
				"east": {"uv": [0, 0, 1, 1], "texture": "#0"},
				"south": {"uv": [0, 0, 1, 1], "texture": "#0"},
				"west": {"uv": [0, 0, 1, 1], "texture": "#0"},
				"up": {"uv": [0, 0, 1, 1], "texture": "#0"},
				"down": {"uv": [0, 0, 1, 1], "texture": "#0"}
			}
		},
		{
			"from": [7.8, 9.97016, 10.35494],
			"to": [8.1, 10.37016, 10.56494],
			"rotation": {"angle": 22.5, "axis": "x", "origin": [8.25, 4.82632, 7.61687]},
			"faces": {
				"north": {"uv": [4, 13, 5, 14], "rotation": 180, "texture": "#0"},
				"east": {"uv": [4, 13, 5, 14], "rotation": 270, "texture": "#0"},
				"south": {"uv": [4, 13, 5, 14], "texture": "#0"},
				"west": {"uv": [4, 13, 5, 14], "rotation": 90, "texture": "#0"},
				"up": {"uv": [4, 13, 5, 14], "rotation": 180, "texture": "#0"},
				"down": {"uv": [4, 13, 5, 14], "texture": "#0"}
			}
		},
		{
			"from": [7.8, 10.99598, 8.02499],
			"to": [8.1, 11.10598, 8.52499],
			"rotation": {"angle": 45, "axis": "x", "origin": [8.25, 4.82632, 7.61687]},
			"faces": {
				"north": {"uv": [4, 13, 5, 14], "texture": "#0"},
				"east": {"uv": [4, 13, 5, 14], "texture": "#0"},
				"south": {"uv": [4, 13, 5, 14], "texture": "#0"},
				"west": {"uv": [4, 13, 5, 14], "texture": "#0"},
				"up": {"uv": [4, 13, 5, 14], "texture": "#0"},
				"down": {"uv": [4, 13, 5, 14], "texture": "#0"}
			}
		},
		{
			"from": [7.8, 9.87016, 10.56494],
			"to": [8.1, 10.29016, 10.77494],
			"rotation": {"angle": 22.5, "axis": "x", "origin": [8.25, 4.82632, 7.61687]},
			"faces": {
				"north": {"uv": [4, 13, 5, 14], "rotation": 180, "texture": "#0"},
				"east": {"uv": [4, 13, 5, 14], "rotation": 270, "texture": "#0"},
				"south": {"uv": [4, 13, 5, 14], "texture": "#0"},
				"west": {"uv": [4, 13, 5, 14], "rotation": 90, "texture": "#0"},
				"up": {"uv": [4, 13, 5, 14], "rotation": 180, "texture": "#0"},
				"down": {"uv": [4, 13, 5, 14], "texture": "#0"}
			}
		},
		{
			"from": [8.1, 8.58, 2.6],
			"to": [8.9, 8.89, 3.1],
			"rotation": {"angle": 0, "axis": "y", "origin": [8.25, 4.82632, 7.61687]},
			"faces": {
				"north": {"uv": [4, 13, 5, 14], "texture": "#0"},
				"east": {"uv": [4, 13, 5, 14], "texture": "#0"},
				"south": {"uv": [4, 13, 5, 14], "texture": "#0"},
				"west": {"uv": [4, 13, 5, 14], "texture": "#0"},
				"up": {"uv": [4, 13, 5, 14], "texture": "#0"},
				"down": {"uv": [4, 13, 5, 14], "texture": "#0"}
			}
		},
		{
			"from": [7.8, 8.58, 2.6],
			"to": [8.1, 8.69, 3.1],
			"rotation": {"angle": 0, "axis": "y", "origin": [8.25, 4.82632, 7.61687]},
			"faces": {
				"north": {"uv": [4, 13, 5, 14], "texture": "#0"},
				"east": {"uv": [4, 13, 5, 14], "texture": "#0"},
				"south": {"uv": [4, 13, 5, 14], "texture": "#0"},
				"west": {"uv": [4, 13, 5, 14], "texture": "#0"},
				"up": {"uv": [4, 13, 5, 14], "texture": "#0"},
				"down": {"uv": [4, 13, 5, 14], "texture": "#0"}
			}
		},
		{
			"from": [7, 8.58, 2.6],
			"to": [7.8, 8.89, 3.1],
			"rotation": {"angle": 0, "axis": "y", "origin": [8.25, 4.82632, 7.61687]},
			"faces": {
				"north": {"uv": [4, 13, 5, 14], "texture": "#0"},
				"east": {"uv": [4, 13, 5, 14], "texture": "#0"},
				"south": {"uv": [4, 13, 5, 14], "texture": "#0"},
				"west": {"uv": [4, 13, 5, 14], "texture": "#0"},
				"up": {"uv": [4, 13, 5, 14], "texture": "#0"},
				"down": {"uv": [4, 13, 5, 14], "texture": "#0"}
			}
		},
		{
			"from": [6.9, 6.98, 2.3],
			"to": [9, 8.6, 5.8],
			"rotation": {"angle": 0, "axis": "y", "origin": [8.25, 4.82632, 7.61687]},
			"faces": {
				"north": {"uv": [0, 0, 1, 1], "texture": "#0"},
				"east": {"uv": [0, 0, 1, 1], "texture": "#0"},
				"south": {"uv": [0, 0, 1, 1], "texture": "#0"},
				"west": {"uv": [0, 0, 1, 1], "texture": "#0"},
				"up": {"uv": [0, 0, 1, 1], "texture": "#0"},
				"down": {"uv": [0, 0, 1, 1], "texture": "#0"}
			}
		},
		{
			"from": [6.8, 6.98, 4.5],
			"to": [9.1, 8.59, 4.6],
			"rotation": {"angle": 0, "axis": "y", "origin": [8.25, 4.82632, 7.61687]},
			"faces": {
				"north": {"uv": [4, 13, 5, 14], "texture": "#0"},
				"east": {"uv": [4, 13, 5, 14], "texture": "#0"},
				"south": {"uv": [4, 13, 5, 14], "texture": "#0"},
				"west": {"uv": [4, 13, 5, 14], "texture": "#0"},
				"up": {"uv": [4, 13, 5, 14], "texture": "#0"},
				"down": {"uv": [4, 13, 5, 14], "texture": "#0"}
			}
		},
		{
			"from": [6.8, 6.98, 4.1],
			"to": [9.1, 8.59, 4.2],
			"rotation": {"angle": 0, "axis": "y", "origin": [8.25, 4.82632, 7.61687]},
			"faces": {
				"north": {"uv": [4, 13, 5, 14], "texture": "#0"},
				"east": {"uv": [4, 13, 5, 14], "texture": "#0"},
				"south": {"uv": [4, 13, 5, 14], "texture": "#0"},
				"west": {"uv": [4, 13, 5, 14], "texture": "#0"},
				"up": {"uv": [4, 13, 5, 14], "texture": "#0"},
				"down": {"uv": [4, 13, 5, 14], "texture": "#0"}
			}
		},
		{
			"from": [9, 7.5818, 3.17678],
			"to": [9.2, 7.7018, 3.87678],
			"rotation": {"angle": 0, "axis": "x", "origin": [8.25, 4.82632, 7.61687]},
			"faces": {
				"north": {"uv": [0, 15, 1, 16], "texture": "#0"},
				"east": {"uv": [0, 15, 1, 16], "texture": "#0"},
				"south": {"uv": [0, 15, 1, 16], "texture": "#0"},
				"west": {"uv": [0, 15, 1, 16], "texture": "#0"},
				"up": {"uv": [0, 15, 1, 16], "texture": "#0"},
				"down": {"uv": [0, 15, 1, 16], "texture": "#0"}
			}
		},
		{
			"from": [9, 9.63515, 6.18931],
			"to": [9.2, 10.25515, 6.78931],
			"rotation": {"angle": -45, "axis": "x", "origin": [8.25, 4.82632, 7.61687]},
			"faces": {
				"north": {"uv": [0, 15, 1, 16], "texture": "#0"},
				"east": {"uv": [0, 15, 1, 16], "texture": "#0"},
				"south": {"uv": [0, 15, 1, 16], "texture": "#0"},
				"west": {"uv": [0, 15, 1, 16], "texture": "#0"},
				"up": {"uv": [0, 15, 1, 16], "texture": "#0"},
				"down": {"uv": [0, 15, 1, 16], "texture": "#0"}
			}
		},
		{
			"from": [6.8, 6.98, 3.1],
			"to": [9.1, 8.59, 3.2],
			"rotation": {"angle": 0, "axis": "y", "origin": [8.25, 4.82632, 7.61687]},
			"faces": {
				"north": {"uv": [4, 13, 5, 14], "texture": "#0"},
				"east": {"uv": [4, 13, 5, 14], "texture": "#0"},
				"south": {"uv": [4, 13, 5, 14], "texture": "#0"},
				"west": {"uv": [4, 13, 5, 14], "texture": "#0"},
				"up": {"uv": [4, 13, 5, 14], "texture": "#0"},
				"down": {"uv": [4, 13, 5, 14], "texture": "#0"}
			}
		},
		{
			"from": [6.8, 6.98, 2.7],
			"to": [9.1, 8.59, 2.8],
			"rotation": {"angle": 0, "axis": "y", "origin": [8.25, 4.82632, 7.61687]},
			"faces": {
				"north": {"uv": [4, 13, 5, 14], "texture": "#0"},
				"east": {"uv": [4, 13, 5, 14], "texture": "#0"},
				"south": {"uv": [4, 13, 5, 14], "texture": "#0"},
				"west": {"uv": [4, 13, 5, 14], "texture": "#0"},
				"up": {"uv": [4, 13, 5, 14], "texture": "#0"},
				"down": {"uv": [4, 13, 5, 14], "texture": "#0"}
			}
		},
		{
			"from": [7.5, 7.3, 5.8],
			"to": [8.4, 8.3, 13.2],
			"rotation": {"angle": 0, "axis": "y", "origin": [8.25, 4.82632, 7.61687]},
			"faces": {
				"north": {"uv": [12, 13, 16, 16], "texture": "#0"},
				"east": {"uv": [12, 13, 16, 16], "texture": "#0"},
				"south": {"uv": [3, 2, 7, 8], "texture": "#0"},
				"west": {"uv": [12, 13, 16, 16], "texture": "#0"},
				"up": {"uv": [12, 13, 16, 16], "texture": "#0"},
				"down": {"uv": [12, 13, 16, 16], "texture": "#0"}
			}
		}
	],
	"display": {
		"thirdperson_righthand": {
			"rotation": [0, -180, 0],
			"translation": [0, 1.5, -1],
			"scale": [0.8, 0.8, 0.8]
		},
		"thirdperson_lefthand": {
			"scale": [0, 0, 0]
		},
		"firstperson_righthand": {
			"rotation": [-27, 168, 0],
			"translation": [10, 8.5, -5]
		},
		"firstperson_lefthand": {
			"scale": [0, 0, 0]
		},
		"ground": {
			"rotation": [0, 0, 90],
			"scale": [0.5, 0.5, 0.5]
		},
		"gui": {
			"rotation": [0, -90, 0],
			"translation": [-1, 3, 0],
			"scale": [1.3, 1.3, 1.3]
		},
		"head": {
			"rotation": [0, 0, 90],
			"translation": [-1, -42, 0],
			"scale": [0.85, 0.85, 0.85]
		},
		"fixed": {
			"scale": [0, 0, 0]
		}
	},
	"groups": [
		{
			"name": "group",
			"origin": [1.25, 7.55697, 8.46829],
			"color": 0,
			"children": [0, 1, 2, 3, 4, 5]
		},
		{
			"name": "group",
			"origin": [1.25, 4.76985, 7.37151],
			"color": 0,
			"children": [6, 7, 8, 9]
		},
		{
			"name": "group",
			"origin": [1.25, 5.08051, 9.56085],
			"color": 0,
			"children": [10, 11, 12, 13, 14, 15]
		},
		{
			"name": "group",
			"origin": [7.95, 7.5, 8.5],
			"color": 0,
			"children": [16, 17]
		},
		{
			"name": "group",
			"origin": [8, 8, 8],
			"color": 0,
			"children": [
				18,
				{
					"name": "group",
					"origin": [1.25, 7.775, 4],
					"color": 0,
					"children": [19, 20, 21, 22, 23, 24]
				},
				{
					"name": "group",
					"origin": [7.95, 7.775, 4],
					"color": 0,
					"children": [25]
				},
				{
					"name": "group",
					"origin": [1.25, 7.775, 4],
					"color": 0,
					"children": [26, 27, 28, 29, 30, 31]
				}
			]
		},
		32
	]
}