{
	"format_version": "1.8.0",
	"animations": {
		"animation.atst.walking": {
			"loop": true,
			"animation_length": 1.55,
			"bones": {
				"hip": {
					"position": {
						"0.0": {
							"post": [0, 0, 0],
							"lerp_mode": "catmullrom"
						},
						"0.55": {
							"post": [0, 0.5, 0],
							"lerp_mode": "catmullrom"
						},
						"1.0": {
							"post": [0, 0, 0],
							"lerp_mode": "catmullrom"
						},
						"1.55": {
							"post": [0, 0.5, 0],
							"lerp_mode": "catmullrom"
						},
						"2.0": {
							"post": [0, 0, 0],
							"lerp_mode": "catmullrom"
						}
					}
				},
				"leg_l": {
					"rotation": {
						"0.0": {
							"post": [3, 0, 0],
							"lerp_mode": "catmullrom"
						},
						"1.0": {
							"post": [-20.5, 0, 0],
							"lerp_mode": "catmullrom"
						},
						"1.05": {
							"post": [-20.6, 0, 0],
							"lerp_mode": "catmullrom"
						},
						"1.2": {
							"post": [-16.7, 0, 0],
							"lerp_mode": "catmullrom"
						},
						"1.55": {
							"post": [-7.25, 0, 0],
							"lerp_mode": "catmullrom"
						},
						"2.0": {
							"post": [3, 0, 0],
							"lerp_mode": "catmullrom"
						}
					}
				},
				"lower_leg_l": {
					"rotation": {
						"0.0": {
							"post": [3.5, 0, 0],
							"lerp_mode": "catmullrom"
						},
						"0.4": {
							"post": [-27.5, 0, 0],
							"lerp_mode": "catmullrom"
						},
						"1.0": {
							"post": [0.5, 0, 0],
							"lerp_mode": "catmullrom"
						},
						"1.05": {
							"post": [1.44, 0, 0],
							"lerp_mode": "catmullrom"
						},
						"1.2": {
							"post": [0.37, 0, 0],
							"lerp_mode": "catmullrom"
						},
						"1.55": {
							"post": [0.5, 0, 0],
							"lerp_mode": "catmullrom"
						},
						"2.0": {
							"post": [3.5, 0, 0],
							"lerp_mode": "catmullrom"
						}
					}
				},
				"foot_l": {
					"rotation": {
						"0.0": {
							"post": [-6.5, 0, 0],
							"lerp_mode": "catmullrom"
						},
						"0.25": {
							"post": [-32.3, 0, 0],
							"lerp_mode": "catmullrom"
						},
						"0.55": {
							"post": [-17.5, 0, 0],
							"lerp_mode": "catmullrom"
						},
						"1.0": {
							"post": [20, 0, 0],
							"lerp_mode": "catmullrom"
						},
						"1.05": {
							"post": [19.44, 0, 0],
							"lerp_mode": "catmullrom"
						},
						"1.2": {
							"post": [16.37, 0, 0],
							"lerp_mode": "catmullrom"
						},
						"2.0": {
							"post": [-6.5, 0, 0],
							"lerp_mode": "catmullrom"
						}
					}
				},
				"leg_r": {
					"rotation": {
						"0.0": {
							"post": [-20.6, 0, 0],
							"lerp_mode": "catmullrom"
						},
						"0.15": {
							"post": [-16.7, 0, 0],
							"lerp_mode": "catmullrom"
						},
						"0.45": {
							"post": [-7.25, 0, 0],
							"lerp_mode": "catmullrom"
						},
						"0.95": {
							"post": [3, 0, 0],
							"lerp_mode": "catmullrom"
						},
						"1.0": {
							"post": [3, 0, 0],
							"lerp_mode": "catmullrom"
						},
						"2.0": {
							"post": [-20.5, 0, 0],
							"lerp_mode": "catmullrom"
						}
					}
				},
				"lower_leg_r": {
					"rotation": {
						"0.0": {
							"post": [1.44, 0, 0],
							"lerp_mode": "catmullrom"
						},
						"0.15": {
							"post": [0.37, 0, 0],
							"lerp_mode": "catmullrom"
						},
						"0.45": {
							"post": [0.5, 0, 0],
							"lerp_mode": "catmullrom"
						},
						"0.95": {
							"post": [3.5, 0, 0],
							"lerp_mode": "catmullrom"
						},
						"1.0": {
							"post": [3.5, 0, 0],
							"lerp_mode": "catmullrom"
						},
						"1.4": {
							"post": [-27.5, 0, 0],
							"lerp_mode": "catmullrom"
						},
						"2.0": {
							"post": [0.5, 0, 0],
							"lerp_mode": "catmullrom"
						}
					}
				},
				"foot_r": {
					"rotation": {
						"0.0": {
							"post": [19.44, 0, 0],
							"lerp_mode": "catmullrom"
						},
						"0.15": {
							"post": [16.37, 0, 0],
							"lerp_mode": "catmullrom"
						},
						"0.95": {
							"post": [-6.5, 0, 0],
							"lerp_mode": "catmullrom"
						},
						"1.0": {
							"post": [-6.5, 0, 0],
							"lerp_mode": "catmullrom"
						},
						"1.25": {
							"post": [-32.3, 0, 0],
							"lerp_mode": "catmullrom"
						},
						"1.55": {
							"post": [-17.5, 0, 0],
							"lerp_mode": "catmullrom"
						},
						"2.0": {
							"post": [20, 0, 0],
							"lerp_mode": "catmullrom"
						}
					}
				},
				"head": {
					"rotation": {
						"0.0": {
							"post": [2.5, 0, 0],
							"lerp_mode": "catmullrom"
						},
						"0.45": {
							"post": [-1, 0, 0],
							"lerp_mode": "catmullrom"
						},
						"1.0": {
							"post": [2.5, 0, 0],
							"lerp_mode": "catmullrom"
						},
						"1.45": {
							"post": [-1, 0, 0],
							"lerp_mode": "catmullrom"
						},
						"2.0": {
							"post": [2.5, 0, 0],
							"lerp_mode": "catmullrom"
						}
					}
				}
			}
		},
		"animation.atst.idle": {
			"loop": true,
			"animation_length": 5,
			"bones": {
				"hip": {
					"position": {
						"0.0": [0, 0, 0],
						"2.25": [0, 0.34, 0.2],
						"5.0": [0, 0, 0]
					}
				},
				"leg_l": {
					"rotation": {
						"0.0": [0, 0, 0],
						"2.25": [-1, 0, 0],
						"5.0": [0, 0, 0]
					}
				},
				"lower_leg_l": {
					"rotation": {
						"0.0": [0, 0, 0],
						"2.25": [1, 0, 0],
						"5.0": [0, 0, 0]
					}
				},
				"leg_r": {
					"rotation": {
						"0.0": [0, 0, 0],
						"2.25": [-1, 0, 0],
						"5.0": [0, 0, 0]
					}
				},
				"lower_leg_r": {
					"rotation": {
						"0.0": [0, 0, 0],
						"2.25": [1, 0, 0],
						"5.0": [0, 0, 0]
					}
				},
				"head": {
					"rotation": {
						"0.0": {
							"post": [0.5, 0, 0],
							"lerp_mode": "catmullrom"
						},
						"2.75": {
							"post": [-1, 0, 0],
							"lerp_mode": "catmullrom"
						},
						"5.0": {
							"post": [0.5, 0, 0],
							"lerp_mode": "catmullrom"
						}
					}
				}
			}
		}
	}
}