{
	"credit": "Made with Blockbench",
	"textures": {
		"0": "slot_1:item/m4a1-s/0",
		"particle": "slot_1:item/m4a1-s/0"
	},
	"elements": [
		{
			"from": [7, 4, 1],
			"to": [9, 6, 7],
			"rotation": {"angle": 0, "axis": "y", "origin": [0, 0, 6]},
			"faces": {
				"north": {"uv": [4, 4, 8, 8], "texture": "#0"},
				"east": {"uv": [4, 4, 8, 8], "texture": "#0"},
				"south": {"uv": [4, 4, 8, 8], "texture": "#0"},
				"west": {"uv": [4, 4, 8, 8], "texture": "#0"},
				"up": {"uv": [4, 4, 8, 8], "texture": "#0"},
				"down": {"uv": [4, 4, 8, 8], "texture": "#0"}
			}
		},
		{
			"from": [6.9, 3.9, 1.5],
			"to": [9.1, 6.1, 1.6],
			"rotation": {"angle": 0, "axis": "y", "origin": [0, 0, 6]},
			"faces": {
				"north": {"uv": [4, 0, 8, 4], "texture": "#0"},
				"east": {"uv": [4, 0, 8, 4], "texture": "#0"},
				"south": {"uv": [4, 0, 8, 4], "texture": "#0"},
				"west": {"uv": [4, 0, 8, 4], "texture": "#0"},
				"up": {"uv": [4, 0, 8, 4], "texture": "#0"},
				"down": {"uv": [4, 0, 8, 4], "texture": "#0"}
			}
		},
		{
			"from": [6.9, 3.9, 1.9],
			"to": [9.1, 6.1, 2],
			"rotation": {"angle": 0, "axis": "y", "origin": [0, 0, 6]},
			"faces": {
				"north": {"uv": [4, 0, 8, 4], "texture": "#0"},
				"east": {"uv": [4, 0, 8, 4], "texture": "#0"},
				"south": {"uv": [4, 0, 8, 4], "texture": "#0"},
				"west": {"uv": [4, 0, 8, 4], "texture": "#0"},
				"up": {"uv": [4, 0, 8, 4], "texture": "#0"},
				"down": {"uv": [4, 0, 8, 4], "texture": "#0"}
			}
		},
		{
			"from": [6.9, 3.9, 2.3],
			"to": [9.1, 6.1, 2.4],
			"rotation": {"angle": 0, "axis": "y", "origin": [0, 0, 6]},
			"faces": {
				"north": {"uv": [4, 0, 8, 4], "texture": "#0"},
				"east": {"uv": [4, 0, 8, 4], "texture": "#0"},
				"south": {"uv": [4, 0, 8, 4], "texture": "#0"},
				"west": {"uv": [4, 0, 8, 4], "texture": "#0"},
				"up": {"uv": [4, 0, 8, 4], "texture": "#0"},
				"down": {"uv": [4, 0, 8, 4], "texture": "#0"}
			}
		},
		{
			"from": [6.9, 3.9, 3.5],
			"to": [9.1, 6.1, 3.6],
			"rotation": {"angle": 0, "axis": "y", "origin": [0, 0, 6]},
			"faces": {
				"north": {"uv": [4, 0, 8, 4], "texture": "#0"},
				"east": {"uv": [4, 0, 8, 4], "texture": "#0"},
				"south": {"uv": [4, 0, 8, 4], "texture": "#0"},
				"west": {"uv": [4, 0, 8, 4], "texture": "#0"},
				"up": {"uv": [4, 0, 8, 4], "texture": "#0"},
				"down": {"uv": [4, 0, 8, 4], "texture": "#0"}
			}
		},
		{
			"from": [6.9, 3.9, 3.1],
			"to": [9.1, 6.1, 3.2],
			"rotation": {"angle": 0, "axis": "y", "origin": [0, 0, 6]},
			"faces": {
				"north": {"uv": [4, 0, 8, 4], "texture": "#0"},
				"east": {"uv": [4, 0, 8, 4], "texture": "#0"},
				"south": {"uv": [4, 0, 8, 4], "texture": "#0"},
				"west": {"uv": [4, 0, 8, 4], "texture": "#0"},
				"up": {"uv": [4, 0, 8, 4], "texture": "#0"},
				"down": {"uv": [4, 0, 8, 4], "texture": "#0"}
			}
		},
		{
			"from": [6.9, 3.9, 2.7],
			"to": [9.1, 6.1, 2.8],
			"rotation": {"angle": 0, "axis": "y", "origin": [0, 0, 6]},
			"faces": {
				"north": {"uv": [4, 0, 8, 4], "texture": "#0"},
				"east": {"uv": [4, 0, 8, 4], "texture": "#0"},
				"south": {"uv": [4, 0, 8, 4], "texture": "#0"},
				"west": {"uv": [4, 0, 8, 4], "texture": "#0"},
				"up": {"uv": [4, 0, 8, 4], "texture": "#0"},
				"down": {"uv": [4, 0, 8, 4], "texture": "#0"}
			}
		},
		{
			"from": [6.9, 3.9, 5.9],
			"to": [9.1, 6.1, 6],
			"rotation": {"angle": 0, "axis": "y", "origin": [0, 0, 6]},
			"faces": {
				"north": {"uv": [4, 0, 8, 4], "texture": "#0"},
				"east": {"uv": [4, 0, 8, 4], "texture": "#0"},
				"south": {"uv": [4, 0, 8, 4], "texture": "#0"},
				"west": {"uv": [4, 0, 8, 4], "texture": "#0"},
				"up": {"uv": [4, 0, 8, 4], "texture": "#0"},
				"down": {"uv": [4, 0, 8, 4], "texture": "#0"}
			}
		},
		{
			"from": [6.9, 3.9, 6.3],
			"to": [9.1, 6.1, 6.4],
			"rotation": {"angle": 0, "axis": "y", "origin": [0, 0, 6]},
			"faces": {
				"north": {"uv": [4, 0, 8, 4], "texture": "#0"},
				"east": {"uv": [4, 0, 8, 4], "texture": "#0"},
				"south": {"uv": [4, 0, 8, 4], "texture": "#0"},
				"west": {"uv": [4, 0, 8, 4], "texture": "#0"},
				"up": {"uv": [4, 0, 8, 4], "texture": "#0"},
				"down": {"uv": [4, 0, 8, 4], "texture": "#0"}
			}
		},
		{
			"from": [6.9, 3.9, 5.5],
			"to": [9.1, 6.1, 5.6],
			"rotation": {"angle": 0, "axis": "y", "origin": [0, 0, 6]},
			"faces": {
				"north": {"uv": [4, 0, 8, 4], "texture": "#0"},
				"east": {"uv": [4, 0, 8, 4], "texture": "#0"},
				"south": {"uv": [4, 0, 8, 4], "texture": "#0"},
				"west": {"uv": [4, 0, 8, 4], "texture": "#0"},
				"up": {"uv": [4, 0, 8, 4], "texture": "#0"},
				"down": {"uv": [4, 0, 8, 4], "texture": "#0"}
			}
		},
		{
			"from": [6.9, 3.9, 5.1],
			"to": [9.1, 6.1, 5.2],
			"rotation": {"angle": 0, "axis": "y", "origin": [0, 0, 6]},
			"faces": {
				"north": {"uv": [4, 0, 8, 4], "texture": "#0"},
				"east": {"uv": [4, 0, 8, 4], "texture": "#0"},
				"south": {"uv": [4, 0, 8, 4], "texture": "#0"},
				"west": {"uv": [4, 0, 8, 4], "texture": "#0"},
				"up": {"uv": [4, 0, 8, 4], "texture": "#0"},
				"down": {"uv": [4, 0, 8, 4], "texture": "#0"}
			}
		},
		{
			"from": [6.9, 3.9, 4.7],
			"to": [9.1, 6.1, 4.8],
			"rotation": {"angle": 0, "axis": "y", "origin": [0, 0, 6]},
			"faces": {
				"north": {"uv": [4, 0, 8, 4], "texture": "#0"},
				"east": {"uv": [4, 0, 8, 4], "texture": "#0"},
				"south": {"uv": [4, 0, 8, 4], "texture": "#0"},
				"west": {"uv": [4, 0, 8, 4], "texture": "#0"},
				"up": {"uv": [4, 0, 8, 4], "texture": "#0"},
				"down": {"uv": [4, 0, 8, 4], "texture": "#0"}
			}
		},
		{
			"from": [6.9, 3.9, 4.3],
			"to": [9.1, 6.1, 4.4],
			"rotation": {"angle": 0, "axis": "y", "origin": [0, 0, 6]},
			"faces": {
				"north": {"uv": [4, 0, 8, 4], "texture": "#0"},
				"east": {"uv": [4, 0, 8, 4], "texture": "#0"},
				"south": {"uv": [4, 0, 8, 4], "texture": "#0"},
				"west": {"uv": [4, 0, 8, 4], "texture": "#0"},
				"up": {"uv": [4, 0, 8, 4], "texture": "#0"},
				"down": {"uv": [4, 0, 8, 4], "texture": "#0"}
			}
		},
		{
			"from": [6.9, 3.9, 3.9],
			"to": [9.1, 6.1, 4],
			"rotation": {"angle": 0, "axis": "y", "origin": [0, 0, 6]},
			"faces": {
				"north": {"uv": [4, 0, 8, 4], "texture": "#0"},
				"east": {"uv": [4, 0, 8, 4], "texture": "#0"},
				"south": {"uv": [4, 0, 8, 4], "texture": "#0"},
				"west": {"uv": [4, 0, 8, 4], "texture": "#0"},
				"up": {"uv": [4, 0, 8, 4], "texture": "#0"},
				"down": {"uv": [4, 0, 8, 4], "texture": "#0"}
			}
		},
		{
			"from": [7.1, 4.1, 0.7],
			"to": [8.9, 5.9, 1],
			"rotation": {"angle": 0, "axis": "y", "origin": [0, 0, 6]},
			"faces": {
				"north": {"uv": [12, 4, 16, 8], "texture": "#0"},
				"east": {"uv": [12, 4, 16, 8], "texture": "#0"},
				"south": {"uv": [12, 4, 16, 8], "texture": "#0"},
				"west": {"uv": [12, 4, 16, 8], "texture": "#0"},
				"up": {"uv": [12, 4, 16, 8], "texture": "#0"},
				"down": {"uv": [12, 4, 16, 8], "texture": "#0"}
			}
		},
		{
			"from": [7.6, 4.6, -6.6],
			"to": [8.4, 5.4, 0.7],
			"rotation": {"angle": 0, "axis": "y", "origin": [0, 0, 5.4]},
			"faces": {
				"north": {"uv": [12, 4, 16, 8], "texture": "#0"},
				"east": {"uv": [12, 4, 16, 8], "texture": "#0"},
				"south": {"uv": [12, 4, 16, 8], "texture": "#0"},
				"west": {"uv": [12, 4, 16, 8], "texture": "#0"},
				"up": {"uv": [12, 4, 16, 8], "texture": "#0"},
				"down": {"uv": [12, 4, 16, 8], "texture": "#0"}
			}
		},
		{
			"from": [7.4, 4.4, 0.2],
			"to": [8.6, 6, 0.5],
			"rotation": {"angle": 0, "axis": "y", "origin": [0, 0, 5.4]},
			"faces": {
				"north": {"uv": [8, 0, 12, 4], "texture": "#0"},
				"east": {"uv": [8, 0, 12, 4], "texture": "#0"},
				"south": {"uv": [8, 0, 12, 4], "texture": "#0"},
				"west": {"uv": [8, 0, 12, 4], "texture": "#0"},
				"up": {"uv": [8, 0, 12, 4], "texture": "#0"},
				"down": {"uv": [8, 0, 12, 4], "texture": "#0"}
			}
		},
		{
			"from": [7.4, 4.4, -1.5],
			"to": [8.6, 7, -1.2],
			"rotation": {"angle": 0, "axis": "y", "origin": [0, 0, 5.4]},
			"faces": {
				"north": {"uv": [8, 0, 12, 4], "texture": "#0"},
				"east": {"uv": [8, 0, 12, 4], "texture": "#0"},
				"south": {"uv": [8, 0, 12, 4], "texture": "#0"},
				"west": {"uv": [8, 0, 12, 4], "texture": "#0"},
				"up": {"uv": [8, 0, 12, 4], "texture": "#0"},
				"down": {"uv": [8, 0, 12, 4], "texture": "#0"}
			}
		},
		{
			"from": [7.9, 7, -1.4],
			"to": [8.1, 7.3, -1.1],
			"rotation": {"angle": 0, "axis": "y", "origin": [0, 0, 5.4]},
			"faces": {
				"north": {"uv": [8, 0, 12, 4], "texture": "#0"},
				"east": {"uv": [8, 0, 12, 4], "texture": "#0"},
				"south": {"uv": [8, 0, 12, 4], "texture": "#0"},
				"west": {"uv": [8, 0, 12, 4], "texture": "#0"},
				"up": {"uv": [8, 0, 12, 4], "texture": "#0"},
				"down": {"uv": [8, 0, 12, 4], "texture": "#0"}
			}
		},
		{
			"from": [8.3, 7, -1.5],
			"to": [8.6, 7.6, -1.2],
			"rotation": {"angle": 0, "axis": "y", "origin": [0, 0, 5.4]},
			"faces": {
				"north": {"uv": [8, 0, 12, 4], "texture": "#0"},
				"east": {"uv": [8, 0, 12, 4], "texture": "#0"},
				"south": {"uv": [8, 0, 12, 4], "texture": "#0"},
				"west": {"uv": [8, 0, 12, 4], "texture": "#0"},
				"up": {"uv": [8, 0, 12, 4], "texture": "#0"},
				"down": {"uv": [8, 0, 12, 4], "texture": "#0"}
			}
		},
		{
			"from": [7.4, 7, -1.5],
			"to": [7.7, 7.6, -1.2],
			"rotation": {"angle": 0, "axis": "y", "origin": [0, 0, 5.4]},
			"faces": {
				"north": {"uv": [8, 0, 12, 4], "texture": "#0"},
				"east": {"uv": [8, 0, 12, 4], "texture": "#0"},
				"south": {"uv": [8, 0, 12, 4], "texture": "#0"},
				"west": {"uv": [8, 0, 12, 4], "texture": "#0"},
				"up": {"uv": [8, 0, 12, 4], "texture": "#0"},
				"down": {"uv": [8, 0, 12, 4], "texture": "#0"}
			}
		},
		{
			"from": [7.4, 7, -1.2],
			"to": [7.7, 7.3, -0.9],
			"rotation": {"angle": 0, "axis": "x", "origin": [8, 6.85, -0.35]},
			"faces": {
				"north": {"uv": [8, 0, 12, 4], "rotation": 180, "texture": "#0"},
				"east": {"uv": [8, 0, 12, 4], "rotation": 270, "texture": "#0"},
				"south": {"uv": [8, 0, 12, 4], "texture": "#0"},
				"west": {"uv": [8, 0, 12, 4], "rotation": 90, "texture": "#0"},
				"up": {"uv": [8, 0, 12, 4], "rotation": 180, "texture": "#0"},
				"down": {"uv": [8, 0, 12, 4], "texture": "#0"}
			}
		},
		{
			"from": [8.3, 7, -1.2],
			"to": [8.6, 7.3, -0.9],
			"rotation": {"angle": 0, "axis": "x", "origin": [8, 6.85, -0.35]},
			"faces": {
				"north": {"uv": [8, 0, 12, 4], "rotation": 180, "texture": "#0"},
				"east": {"uv": [8, 0, 12, 4], "rotation": 270, "texture": "#0"},
				"south": {"uv": [8, 0, 12, 4], "texture": "#0"},
				"west": {"uv": [8, 0, 12, 4], "rotation": 90, "texture": "#0"},
				"up": {"uv": [8, 0, 12, 4], "rotation": 180, "texture": "#0"},
				"down": {"uv": [8, 0, 12, 4], "texture": "#0"}
			}
		},
		{
			"from": [7.4, 6.7, -1.2],
			"to": [8.6, 7, -0.5],
			"rotation": {"angle": 0, "axis": "x", "origin": [8, 6.85, -0.35]},
			"faces": {
				"north": {"uv": [8, 0, 12, 4], "rotation": 180, "texture": "#0"},
				"east": {"uv": [8, 0, 12, 4], "rotation": 270, "texture": "#0"},
				"south": {"uv": [8, 0, 12, 4], "texture": "#0"},
				"west": {"uv": [8, 0, 12, 4], "rotation": 90, "texture": "#0"},
				"up": {"uv": [8, 0, 12, 4], "rotation": 180, "texture": "#0"},
				"down": {"uv": [8, 0, 12, 4], "texture": "#0"}
			}
		},
		{
			"from": [7.7, 5.4, -1.2],
			"to": [8.3, 5.7, 0.2],
			"rotation": {"angle": 0, "axis": "x", "origin": [8, 6.85, -0.35]},
			"faces": {
				"north": {"uv": [8, 0, 12, 4], "rotation": 180, "texture": "#0"},
				"east": {"uv": [8, 0, 12, 4], "rotation": 270, "texture": "#0"},
				"south": {"uv": [8, 0, 12, 4], "texture": "#0"},
				"west": {"uv": [8, 0, 12, 4], "rotation": 90, "texture": "#0"},
				"up": {"uv": [8, 0, 12, 4], "rotation": 180, "texture": "#0"},
				"down": {"uv": [8, 0, 12, 4], "texture": "#0"}
			}
		},
		{
			"from": [7.4, 6.23891, -0.80104],
			"to": [8.6, 6.53891, 0.59896],
			"rotation": {"angle": 45, "axis": "x", "origin": [8, 6.38891, -0.10104]},
			"faces": {
				"north": {"uv": [8, 0, 12, 4], "rotation": 180, "texture": "#0"},
				"east": {"uv": [8, 0, 12, 4], "rotation": 270, "texture": "#0"},
				"south": {"uv": [8, 0, 12, 4], "texture": "#0"},
				"west": {"uv": [8, 0, 12, 4], "rotation": 90, "texture": "#0"},
				"up": {"uv": [8, 0, 12, 4], "rotation": 180, "texture": "#0"},
				"down": {"uv": [8, 0, 12, 4], "texture": "#0"}
			}
		},
		{
			"from": [7.4, 6.11256, -1.73327],
			"to": [7.7, 6.41256, -0.83327],
			"rotation": {"angle": 45, "axis": "x", "origin": [8, 6.36256, -0.03327]},
			"faces": {
				"north": {"uv": [8, 0, 12, 4], "rotation": 180, "texture": "#0"},
				"east": {"uv": [8, 0, 12, 4], "rotation": 270, "texture": "#0"},
				"south": {"uv": [8, 0, 12, 4], "texture": "#0"},
				"west": {"uv": [8, 0, 12, 4], "rotation": 90, "texture": "#0"},
				"up": {"uv": [8, 0, 12, 4], "rotation": 180, "texture": "#0"},
				"down": {"uv": [8, 0, 12, 4], "texture": "#0"}
			}
		},
		{
			"from": [8.3, 6.11256, -1.73327],
			"to": [8.6, 6.41256, -0.83327],
			"rotation": {"angle": 45, "axis": "x", "origin": [8, 6.36256, -0.03327]},
			"faces": {
				"north": {"uv": [8, 0, 12, 4], "rotation": 180, "texture": "#0"},
				"east": {"uv": [8, 0, 12, 4], "rotation": 270, "texture": "#0"},
				"south": {"uv": [8, 0, 12, 4], "texture": "#0"},
				"west": {"uv": [8, 0, 12, 4], "rotation": 90, "texture": "#0"},
				"up": {"uv": [8, 0, 12, 4], "rotation": 180, "texture": "#0"},
				"down": {"uv": [8, 0, 12, 4], "texture": "#0"}
			}
		},
		{
			"from": [7.4, 4.4, -13.4],
			"to": [8.6, 5.6, -5.6],
			"rotation": {"angle": 45, "axis": "z", "origin": [8, 5, -9.1]},
			"faces": {
				"north": {"uv": [8, 8, 9, 9], "texture": "#0"},
				"east": {"uv": [8, 8, 9, 9], "texture": "#0"},
				"south": {"uv": [8, 8, 9, 9], "texture": "#0"},
				"west": {"uv": [8, 8, 9, 9], "texture": "#0"},
				"up": {"uv": [8, 8, 9, 9], "texture": "#0"},
				"down": {"uv": [8, 8, 9, 9], "texture": "#0"}
			}
		},
		{
			"from": [7.4, 4.4, -13.7],
			"to": [8.6, 5.6, -13.4],
			"rotation": {"angle": 45, "axis": "z", "origin": [8, 5, -9.1]},
			"faces": {
				"north": {"uv": [8, 8, 12, 12], "texture": "#0"},
				"east": {"uv": [8, 8, 9, 9], "texture": "#0"},
				"south": {"uv": [8, 8, 9, 9], "texture": "#0"},
				"west": {"uv": [8, 8, 9, 9], "texture": "#0"},
				"up": {"uv": [8, 8, 9, 9], "texture": "#0"},
				"down": {"uv": [8, 8, 9, 9], "texture": "#0"}
			}
		},
		{
			"from": [7.3, 5.5, 8.8],
			"to": [8.7, 5.6, 12.3],
			"rotation": {"angle": 0, "axis": "y", "origin": [0, 0, 6]},
			"faces": {
				"north": {"uv": [4, 0, 8, 4], "texture": "#0"},
				"east": {"uv": [4, 0, 8, 4], "texture": "#0"},
				"south": {"uv": [4, 0, 8, 4], "texture": "#0"},
				"west": {"uv": [4, 0, 8, 4], "texture": "#0"},
				"up": {"uv": [4, 0, 8, 4], "texture": "#0"},
				"down": {"uv": [4, 0, 8, 4], "texture": "#0"}
			}
		},
		{
			"from": [7.3, 5.3, 8.8],
			"to": [8.7, 5.4, 12.3],
			"rotation": {"angle": 0, "axis": "y", "origin": [0, 0, 6]},
			"faces": {
				"north": {"uv": [4, 0, 8, 4], "texture": "#0"},
				"east": {"uv": [4, 0, 8, 4], "texture": "#0"},
				"south": {"uv": [4, 0, 8, 4], "texture": "#0"},
				"west": {"uv": [4, 0, 8, 4], "texture": "#0"},
				"up": {"uv": [4, 0, 8, 4], "texture": "#0"},
				"down": {"uv": [4, 0, 8, 4], "texture": "#0"}
			}
		},
		{
			"from": [7.3, 5.1, 10.3],
			"to": [8.7, 5.2, 12.3],
			"rotation": {"angle": 0, "axis": "y", "origin": [0, 0, 6]},
			"faces": {
				"north": {"uv": [4, 0, 8, 4], "texture": "#0"},
				"east": {"uv": [4, 0, 8, 4], "texture": "#0"},
				"south": {"uv": [4, 0, 8, 4], "texture": "#0"},
				"west": {"uv": [4, 0, 8, 4], "texture": "#0"},
				"up": {"uv": [4, 0, 8, 4], "texture": "#0"},
				"down": {"uv": [4, 0, 8, 4], "texture": "#0"}
			}
		},
		{
			"from": [7.4, 4.2, 7],
			"to": [8.6, 5.8, 15.3],
			"rotation": {"angle": 0, "axis": "y", "origin": [0, 0, 6]},
			"faces": {
				"north": {"uv": [12, 0, 16, 4], "texture": "#0"},
				"east": {"uv": [12, 0, 16, 4], "texture": "#0"},
				"south": {"uv": [12, 0, 16, 4], "texture": "#0"},
				"west": {"uv": [12, 0, 16, 4], "texture": "#0"},
				"up": {"uv": [12, 0, 16, 4], "texture": "#0"},
				"down": {"uv": [12, 0, 16, 4], "texture": "#0"}
			}
		},
		{
			"from": [8.6, 4.5, 7.9],
			"to": [8.61, 5, 10.5],
			"rotation": {"angle": 0, "axis": "y", "origin": [0, 0, 6]},
			"faces": {
				"north": {"uv": [12, 0, 16, 4], "texture": "#0"},
				"east": {"uv": [8, 0, 12, 4], "texture": "#0"},
				"south": {"uv": [12, 0, 16, 4], "texture": "#0"},
				"west": {"uv": [12, 0, 16, 4], "texture": "#0"},
				"up": {"uv": [12, 0, 16, 4], "texture": "#0"},
				"down": {"uv": [12, 0, 16, 4], "texture": "#0"}
			}
		},
		{
			"from": [7.55, 4.4, 15.8],
			"to": [8.45, 5.5, 19],
			"rotation": {"angle": 0, "axis": "y", "origin": [0, 0, 6]},
			"faces": {
				"north": {"uv": [12, 0, 16, 4], "texture": "#0"},
				"east": {"uv": [12, 0, 16, 4], "texture": "#0"},
				"south": {"uv": [12, 0, 16, 4], "texture": "#0"},
				"west": {"uv": [12, 0, 16, 4], "texture": "#0"},
				"up": {"uv": [12, 0, 16, 4], "texture": "#0"},
				"down": {"uv": [12, 0, 16, 4], "texture": "#0"}
			}
		},
		{
			"from": [7.45, 4.1, 19],
			"to": [8.55, 5.6, 26],
			"rotation": {"angle": 0, "axis": "y", "origin": [0, 0, 5.4]},
			"faces": {
				"north": {"uv": [8, 4, 12, 8], "texture": "#0"},
				"east": {"uv": [8, 4, 12, 8], "texture": "#0"},
				"south": {"uv": [8, 4, 12, 8], "texture": "#0"},
				"west": {"uv": [8, 4, 12, 8], "texture": "#0"},
				"up": {"uv": [8, 4, 12, 8], "texture": "#0"},
				"down": {"uv": [8, 4, 12, 8], "texture": "#0"}
			}
		},
		{
			"from": [7.65, 5.8, 24],
			"to": [8.35, 6, 26],
			"rotation": {"angle": 0, "axis": "y", "origin": [0, 0, 5.4]},
			"faces": {
				"north": {"uv": [8, 4, 12, 8], "texture": "#0"},
				"east": {"uv": [8, 4, 12, 8], "texture": "#0"},
				"south": {"uv": [8, 4, 12, 8], "texture": "#0"},
				"west": {"uv": [8, 4, 12, 8], "texture": "#0"},
				"up": {"uv": [8, 4, 12, 8], "texture": "#0"},
				"down": {"uv": [8, 4, 12, 8], "texture": "#0"}
			}
		},
		{
			"from": [7.65, 5.6, 24],
			"to": [8.35, 5.8, 24.2],
			"rotation": {"angle": 0, "axis": "y", "origin": [0, 0, 5.4]},
			"faces": {
				"north": {"uv": [8, 4, 12, 8], "texture": "#0"},
				"east": {"uv": [8, 4, 12, 8], "texture": "#0"},
				"south": {"uv": [8, 4, 12, 8], "texture": "#0"},
				"west": {"uv": [8, 4, 12, 8], "texture": "#0"},
				"up": {"uv": [8, 4, 12, 8], "texture": "#0"},
				"down": {"uv": [8, 4, 12, 8], "texture": "#0"}
			}
		},
		{
			"from": [7.5, 3.4, 20.5],
			"to": [8.5, 4.1, 25.9],
			"rotation": {"angle": 0, "axis": "y", "origin": [0, 0, 5]},
			"faces": {
				"north": {"uv": [12, 12, 16, 16], "texture": "#0"},
				"east": {"uv": [12, 12, 16, 16], "texture": "#0"},
				"south": {"uv": [12, 12, 16, 16], "texture": "#0"},
				"west": {"uv": [12, 12, 16, 16], "texture": "#0"},
				"up": {"uv": [12, 12, 16, 16], "texture": "#0"},
				"down": {"uv": [12, 12, 16, 16], "texture": "#0"}
			}
		},
		{
			"from": [7.5, 3.1, 23.8],
			"to": [8.5, 3.5, 25.9],
			"rotation": {"angle": 0, "axis": "y", "origin": [0, 0, 5]},
			"faces": {
				"north": {"uv": [12, 12, 16, 16], "texture": "#0"},
				"east": {"uv": [12, 12, 16, 16], "texture": "#0"},
				"south": {"uv": [12, 12, 16, 16], "texture": "#0"},
				"west": {"uv": [12, 12, 16, 16], "texture": "#0"},
				"up": {"uv": [12, 12, 16, 16], "texture": "#0"},
				"down": {"uv": [12, 12, 16, 16], "texture": "#0"}
			}
		},
		{
			"from": [7.5, 3, 24.5],
			"to": [8.5, 3.1, 25.9],
			"rotation": {"angle": 0, "axis": "y", "origin": [0, 0, 5]},
			"faces": {
				"north": {"uv": [12, 12, 16, 16], "texture": "#0"},
				"east": {"uv": [12, 12, 16, 16], "texture": "#0"},
				"south": {"uv": [12, 12, 16, 16], "texture": "#0"},
				"west": {"uv": [12, 12, 16, 16], "texture": "#0"},
				"up": {"uv": [12, 12, 16, 16], "texture": "#0"},
				"down": {"uv": [12, 12, 16, 16], "texture": "#0"}
			}
		},
		{
			"from": [7.5, 2.9, 24.7],
			"to": [8.5, 3, 25.9],
			"rotation": {"angle": 0, "axis": "y", "origin": [0, 0, 5]},
			"faces": {
				"north": {"uv": [12, 12, 16, 16], "texture": "#0"},
				"east": {"uv": [12, 12, 16, 16], "texture": "#0"},
				"south": {"uv": [12, 12, 16, 16], "texture": "#0"},
				"west": {"uv": [12, 12, 16, 16], "texture": "#0"},
				"up": {"uv": [12, 12, 16, 16], "texture": "#0"},
				"down": {"uv": [12, 12, 16, 16], "texture": "#0"}
			}
		},
		{
			"from": [7.5, 2.8, 24.9],
			"to": [8.5, 2.9, 25.9],
			"rotation": {"angle": 0, "axis": "y", "origin": [0, 0, 5]},
			"faces": {
				"north": {"uv": [12, 12, 16, 16], "texture": "#0"},
				"east": {"uv": [12, 12, 16, 16], "texture": "#0"},
				"south": {"uv": [12, 12, 16, 16], "texture": "#0"},
				"west": {"uv": [12, 12, 16, 16], "texture": "#0"},
				"up": {"uv": [12, 12, 16, 16], "texture": "#0"},
				"down": {"uv": [12, 12, 16, 16], "texture": "#0"}
			}
		},
		{
			"from": [7.5, 2.7, 25.2],
			"to": [8.5, 2.8, 25.9],
			"rotation": {"angle": 0, "axis": "y", "origin": [0, 0, 5]},
			"faces": {
				"north": {"uv": [12, 12, 16, 16], "texture": "#0"},
				"east": {"uv": [12, 12, 16, 16], "texture": "#0"},
				"south": {"uv": [12, 12, 16, 16], "texture": "#0"},
				"west": {"uv": [12, 12, 16, 16], "texture": "#0"},
				"up": {"uv": [12, 12, 16, 16], "texture": "#0"},
				"down": {"uv": [12, 12, 16, 16], "texture": "#0"}
			}
		},
		{
			"from": [7.5, 2.6, 25.5],
			"to": [8.5, 2.7, 25.9],
			"rotation": {"angle": 0, "axis": "y", "origin": [0, 0, 5]},
			"faces": {
				"north": {"uv": [12, 12, 16, 16], "texture": "#0"},
				"east": {"uv": [12, 12, 16, 16], "texture": "#0"},
				"south": {"uv": [12, 12, 16, 16], "texture": "#0"},
				"west": {"uv": [12, 12, 16, 16], "texture": "#0"},
				"up": {"uv": [12, 12, 16, 16], "texture": "#0"},
				"down": {"uv": [12, 12, 16, 16], "texture": "#0"}
			}
		},
		{
			"from": [7.5, 2.65412, 23.23066],
			"to": [8.5, 4.05412, 23.53066],
			"rotation": {"angle": 0, "axis": "y", "origin": [0, 0.25412, 4.93066]},
			"faces": {
				"north": {"uv": [12, 12, 16, 16], "texture": "#0"},
				"east": {"uv": [12, 12, 16, 16], "texture": "#0"},
				"south": {"uv": [12, 12, 16, 16], "texture": "#0"},
				"west": {"uv": [12, 12, 16, 16], "texture": "#0"},
				"up": {"uv": [12, 12, 16, 16], "texture": "#0"},
				"down": {"uv": [12, 12, 16, 16], "texture": "#0"}
			}
		},
		{
			"from": [7.5, 3.54645, 21.78787],
			"to": [8.5, 3.84645, 25.88787],
			"rotation": {"angle": 22.5, "axis": "x", "origin": [8, 3.29645, 22.63787]},
			"faces": {
				"north": {"uv": [12, 12, 16, 16], "texture": "#0"},
				"east": {"uv": [12, 12, 16, 16], "texture": "#0"},
				"south": {"uv": [12, 12, 16, 16], "texture": "#0"},
				"west": {"uv": [12, 12, 16, 16], "texture": "#0"},
				"up": {"uv": [12, 12, 16, 16], "texture": "#0"},
				"down": {"uv": [12, 12, 16, 16], "texture": "#0"}
			}
		},
		{
			"from": [7.5, 4.03929, 21.16694],
			"to": [8.5, 4.93929, 23.36694],
			"rotation": {"angle": 22.5, "axis": "x", "origin": [8, 3.68929, 19.81694]},
			"faces": {
				"north": {"uv": [12, 12, 16, 16], "texture": "#0"},
				"east": {"uv": [12, 12, 16, 16], "texture": "#0"},
				"south": {"uv": [12, 12, 16, 16], "texture": "#0"},
				"west": {"uv": [12, 12, 16, 16], "texture": "#0"},
				"up": {"uv": [12, 12, 16, 16], "texture": "#0"},
				"down": {"uv": [12, 12, 16, 16], "texture": "#0"}
			}
		},
		{
			"from": [7.35, 1.87625, 25.69583],
			"to": [8.65, 6.17625, 26.09583],
			"rotation": {"angle": 0, "axis": "x", "origin": [8, 3.42625, 23.54583]},
			"faces": {
				"north": {"uv": [8, 0, 12, 4], "texture": "#0"},
				"east": {"uv": [8, 0, 12, 4], "texture": "#0"},
				"south": {"uv": [8, 0, 12, 4], "texture": "#0"},
				"west": {"uv": [8, 0, 12, 4], "texture": "#0"},
				"up": {"uv": [8, 0, 12, 4], "texture": "#0"},
				"down": {"uv": [8, 0, 12, 4], "texture": "#0"}
			}
		},
		{
			"from": [7.75, 4.1, 17.5],
			"to": [8.25, 4.4, 19],
			"rotation": {"angle": 0, "axis": "y", "origin": [0, -0.2, 5.6]},
			"faces": {
				"north": {"uv": [12, 0, 16, 4], "texture": "#0"},
				"east": {"uv": [12, 0, 16, 4], "texture": "#0"},
				"south": {"uv": [12, 0, 16, 4], "texture": "#0"},
				"west": {"uv": [12, 0, 16, 4], "texture": "#0"},
				"up": {"uv": [12, 0, 16, 4], "texture": "#0"},
				"down": {"uv": [12, 0, 16, 4], "texture": "#0"}
			}
		},
		{
			"from": [7.75, 4.37426, 17.23787],
			"to": [8.25, 4.67426, 17.73787],
			"rotation": {"angle": 45, "axis": "x", "origin": [8, 4.52426, 17.28787]},
			"faces": {
				"north": {"uv": [12, 0, 16, 4], "texture": "#0"},
				"east": {"uv": [12, 0, 16, 4], "texture": "#0"},
				"south": {"uv": [12, 0, 16, 4], "texture": "#0"},
				"west": {"uv": [12, 0, 16, 4], "texture": "#0"},
				"up": {"uv": [12, 0, 16, 4], "texture": "#0"},
				"down": {"uv": [12, 0, 16, 4], "texture": "#0"}
			}
		},
		{
			"from": [7.4, 3.2, 15.3],
			"to": [8.6, 5.8, 15.4],
			"rotation": {"angle": 0, "axis": "y", "origin": [0, 0, 6]},
			"faces": {
				"north": {"uv": [12, 8, 16, 12], "texture": "#0"},
				"east": {"uv": [12, 8, 16, 12], "texture": "#0"},
				"south": {"uv": [12, 8, 16, 12], "texture": "#0"},
				"west": {"uv": [12, 8, 16, 12], "texture": "#0"},
				"up": {"uv": [12, 8, 16, 12], "texture": "#0"},
				"down": {"uv": [12, 8, 16, 12], "texture": "#0"}
			}
		},
		{
			"from": [7.4, 4.1, 15.4],
			"to": [8.6, 5.7, 15.8],
			"rotation": {"angle": 0, "axis": "y", "origin": [0, 0, 6]},
			"faces": {
				"north": {"uv": [12, 8, 16, 12], "texture": "#0"},
				"east": {"uv": [12, 8, 16, 12], "texture": "#0"},
				"south": {"uv": [12, 8, 16, 12], "texture": "#0"},
				"west": {"uv": [12, 8, 16, 12], "texture": "#0"},
				"up": {"uv": [12, 8, 16, 12], "texture": "#0"},
				"down": {"uv": [12, 8, 16, 12], "texture": "#0"}
			}
		},
		{
			"from": [7.45, 1.45989, 12.71314],
			"to": [8.55, 2.65989, 13.91314],
			"rotation": {"angle": 0, "axis": "y", "origin": [0, 0.05989, 6.01314]},
			"faces": {
				"north": {"uv": [12, 12, 16, 16], "texture": "#0"},
				"east": {"uv": [12, 12, 16, 16], "texture": "#0"},
				"south": {"uv": [12, 12, 16, 16], "texture": "#0"},
				"west": {"uv": [12, 12, 16, 16], "texture": "#0"},
				"up": {"uv": [12, 12, 16, 16], "texture": "#0"},
				"down": {"uv": [12, 12, 16, 16], "texture": "#0"}
			}
		},
		{
			"from": [7.45, -0.98748, 14.15952],
			"to": [8.55, 2.91252, 14.95952],
			"rotation": {"angle": -22.5, "axis": "x", "origin": [8, 0.76252, 14.65952]},
			"faces": {
				"north": {"uv": [12, 12, 16, 16], "rotation": 270, "texture": "#0"},
				"east": {"uv": [12, 12, 16, 16], "rotation": 270, "texture": "#0"},
				"south": {"uv": [12, 12, 16, 16], "rotation": 270, "texture": "#0"},
				"west": {"uv": [12, 12, 16, 16], "rotation": 270, "texture": "#0"},
				"up": {"uv": [12, 12, 16, 16], "rotation": 270, "texture": "#0"},
				"down": {"uv": [12, 12, 16, 16], "rotation": 270, "texture": "#0"}
			}
		},
		{
			"from": [7.35, -1.49446, 15.41623],
			"to": [8.65, -1.29446, 15.91623],
			"rotation": {"angle": -22.5, "axis": "x", "origin": [8, -1.54446, 14.31623]},
			"faces": {
				"north": {"uv": [8, 0, 12, 4], "texture": "#0"},
				"east": {"uv": [8, 0, 12, 4], "texture": "#0"},
				"south": {"uv": [8, 0, 12, 4], "texture": "#0"},
				"west": {"uv": [8, 0, 12, 4], "texture": "#0"},
				"up": {"uv": [8, 0, 12, 4], "texture": "#0"},
				"down": {"uv": [8, 0, 12, 4], "texture": "#0"}
			}
		},
		{
			"from": [7.35, -1.20312, 14.87817],
			"to": [8.65, -1.00312, 15.37817],
			"rotation": {"angle": -22.5, "axis": "x", "origin": [8, -1.35312, 14.77817]},
			"faces": {
				"north": {"uv": [8, 0, 12, 4], "texture": "#0"},
				"east": {"uv": [8, 0, 12, 4], "texture": "#0"},
				"south": {"uv": [8, 0, 12, 4], "texture": "#0"},
				"west": {"uv": [8, 0, 12, 4], "texture": "#0"},
				"up": {"uv": [8, 0, 12, 4], "texture": "#0"},
				"down": {"uv": [8, 0, 12, 4], "texture": "#0"}
			}
		},
		{
			"from": [7.35, -1.40864, 13.83949],
			"to": [8.65, -1.20864, 14.33949],
			"rotation": {"angle": -22.5, "axis": "x", "origin": [8, -1.45864, 13.73949]},
			"faces": {
				"north": {"uv": [8, 0, 12, 4], "texture": "#0"},
				"east": {"uv": [8, 0, 12, 4], "texture": "#0"},
				"south": {"uv": [8, 0, 12, 4], "texture": "#0"},
				"west": {"uv": [8, 0, 12, 4], "texture": "#0"},
				"up": {"uv": [8, 0, 12, 4], "texture": "#0"},
				"down": {"uv": [8, 0, 12, 4], "texture": "#0"}
			}
		},
		{
			"from": [7.35, -1.69998, 14.37755],
			"to": [8.65, -1.49998, 14.87755],
			"rotation": {"angle": -22.5, "axis": "x", "origin": [8, -1.64998, 13.27755]},
			"faces": {
				"north": {"uv": [8, 0, 12, 4], "texture": "#0"},
				"east": {"uv": [8, 0, 12, 4], "texture": "#0"},
				"south": {"uv": [8, 0, 12, 4], "texture": "#0"},
				"west": {"uv": [8, 0, 12, 4], "texture": "#0"},
				"up": {"uv": [8, 0, 12, 4], "texture": "#0"},
				"down": {"uv": [8, 0, 12, 4], "texture": "#0"}
			}
		},
		{
			"from": [7.45, -1.2972, 14.05097],
			"to": [8.55, 1.7528, 14.25097],
			"rotation": {"angle": -22.5, "axis": "x", "origin": [8, 0.35278, 13.80097]},
			"faces": {
				"north": {"uv": [12, 12, 16, 16], "rotation": 270, "texture": "#0"},
				"east": {"uv": [12, 12, 16, 16], "rotation": 270, "texture": "#0"},
				"south": {"uv": [12, 12, 16, 16], "rotation": 270, "texture": "#0"},
				"west": {"uv": [12, 12, 16, 16], "rotation": 270, "texture": "#0"},
				"up": {"uv": [12, 12, 16, 16], "rotation": 270, "texture": "#0"},
				"down": {"uv": [12, 12, 16, 16], "rotation": 270, "texture": "#0"}
			}
		},
		{
			"from": [7.45, -1.1972, 13.45097],
			"to": [8.55, 1.7528, 14.15097],
			"rotation": {"angle": -22.5, "axis": "x", "origin": [8, 0.35278, 13.80097]},
			"faces": {
				"north": {"uv": [12, 12, 16, 16], "rotation": 270, "texture": "#0"},
				"east": {"uv": [12, 12, 16, 16], "rotation": 270, "texture": "#0"},
				"south": {"uv": [12, 12, 16, 16], "rotation": 270, "texture": "#0"},
				"west": {"uv": [12, 12, 16, 16], "rotation": 270, "texture": "#0"},
				"up": {"uv": [12, 12, 16, 16], "rotation": 270, "texture": "#0"},
				"down": {"uv": [12, 12, 16, 16], "rotation": 270, "texture": "#0"}
			}
		},
		{
			"from": [7.45, -1.1972, 13.25097],
			"to": [8.55, -0.1472, 13.45097],
			"rotation": {"angle": -22.5, "axis": "x", "origin": [8, 0.35278, 13.80097]},
			"faces": {
				"north": {"uv": [12, 12, 16, 16], "rotation": 270, "texture": "#0"},
				"east": {"uv": [12, 12, 16, 16], "rotation": 270, "texture": "#0"},
				"south": {"uv": [12, 12, 16, 16], "rotation": 270, "texture": "#0"},
				"west": {"uv": [12, 12, 16, 16], "rotation": 270, "texture": "#0"},
				"up": {"uv": [12, 12, 16, 16], "rotation": 270, "texture": "#0"},
				"down": {"uv": [12, 12, 16, 16], "rotation": 270, "texture": "#0"}
			}
		},
		{
			"from": [7.45, -0.15101, 13.33184],
			"to": [8.55, 1.09899, 13.43184],
			"rotation": {"angle": -22.5, "axis": "x", "origin": [8, 0.39897, 13.78184]},
			"faces": {
				"north": {"uv": [12, 12, 16, 16], "rotation": 270, "texture": "#0"},
				"east": {"uv": [12, 12, 16, 16], "rotation": 270, "texture": "#0"},
				"south": {"uv": [12, 12, 16, 16], "rotation": 270, "texture": "#0"},
				"west": {"uv": [12, 12, 16, 16], "rotation": 270, "texture": "#0"},
				"up": {"uv": [12, 12, 16, 16], "rotation": 270, "texture": "#0"},
				"down": {"uv": [12, 12, 16, 16], "rotation": 270, "texture": "#0"}
			}
		},
		{
			"from": [7.71, 1.40989, 10.36314],
			"to": [8.29, 1.50989, 12.16314],
			"rotation": {"angle": 0, "axis": "x", "origin": [8, 1.60989, 9.06314]},
			"faces": {
				"north": {"uv": [12, 4, 16, 8], "texture": "#0"},
				"east": {"uv": [12, 4, 16, 8], "texture": "#0"},
				"south": {"uv": [12, 4, 16, 8], "texture": "#0"},
				"west": {"uv": [12, 4, 16, 8], "texture": "#0"},
				"up": {"uv": [12, 4, 16, 8], "texture": "#0"},
				"down": {"uv": [12, 4, 16, 8], "texture": "#0"}
			}
		},
		{
			"from": [7.75, 1.44889, 10.00643],
			"to": [8.25, 2.04889, 10.30643],
			"rotation": {"angle": -22.5, "axis": "x", "origin": [8, 2.39889, 10.25643]},
			"faces": {
				"north": {"uv": [12, 8, 16, 12], "rotation": 270, "texture": "#0"},
				"east": {"uv": [12, 8, 16, 12], "rotation": 270, "texture": "#0"},
				"south": {"uv": [12, 8, 16, 12], "rotation": 270, "texture": "#0"},
				"west": {"uv": [12, 8, 16, 12], "rotation": 270, "texture": "#0"},
				"up": {"uv": [12, 8, 16, 12], "rotation": 270, "texture": "#0"},
				"down": {"uv": [12, 8, 16, 12], "rotation": 270, "texture": "#0"}
			}
		},
		{
			"from": [7.75, 1.90989, 10.2131],
			"to": [8.25, 2.40989, 10.5131],
			"rotation": {"angle": 0, "axis": "x", "origin": [8, 1.45989, 11.51314]},
			"faces": {
				"north": {"uv": [12, 8, 16, 12], "rotation": 270, "texture": "#0"},
				"east": {"uv": [12, 8, 16, 12], "rotation": 270, "texture": "#0"},
				"south": {"uv": [12, 8, 16, 12], "rotation": 270, "texture": "#0"},
				"west": {"uv": [12, 8, 16, 12], "rotation": 270, "texture": "#0"},
				"up": {"uv": [12, 8, 16, 12], "rotation": 270, "texture": "#0"},
				"down": {"uv": [12, 8, 16, 12], "rotation": 270, "texture": "#0"}
			}
		},
		{
			"from": [7.75, 2.00989, 10.16314],
			"to": [8.25, 2.70989, 10.46314],
			"rotation": {"angle": 22.5, "axis": "x", "origin": [8, 2.25989, 10.41314]},
			"faces": {
				"north": {"uv": [12, 8, 16, 12], "rotation": 270, "texture": "#0"},
				"east": {"uv": [12, 8, 16, 12], "rotation": 270, "texture": "#0"},
				"south": {"uv": [12, 8, 16, 12], "rotation": 270, "texture": "#0"},
				"west": {"uv": [12, 8, 16, 12], "rotation": 270, "texture": "#0"},
				"up": {"uv": [12, 8, 16, 12], "rotation": 270, "texture": "#0"},
				"down": {"uv": [12, 8, 16, 12], "rotation": 270, "texture": "#0"}
			}
		},
		{
			"from": [7.7, 1.45989, 12.41314],
			"to": [8.4, 2.65989, 12.71314],
			"rotation": {"angle": 0, "axis": "x", "origin": [8, 1.20989, 11.51314]},
			"faces": {
				"north": {"uv": [0, 0, 1, 1], "texture": "#0"},
				"east": {"uv": [0, 1, 1, 2], "texture": "#0"},
				"south": {"uv": [1, 0, 2, 1], "texture": "#0"},
				"west": {"uv": [1, 1, 2, 2], "texture": "#0"},
				"up": {"uv": [1, 3, 0, 2], "texture": "#0"},
				"down": {"uv": [3, 0, 2, 1], "texture": "#0"}
			}
		},
		{
			"from": [7.7, 1.45989, 12.21314],
			"to": [8.3, 1.95989, 12.41314],
			"rotation": {"angle": 0, "axis": "x", "origin": [8, 1.20989, 11.51314]},
			"faces": {
				"north": {"uv": [12, 8, 16, 12], "rotation": 270, "texture": "#0"},
				"east": {"uv": [12, 8, 16, 12], "rotation": 270, "texture": "#0"},
				"south": {"uv": [12, 8, 16, 12], "rotation": 270, "texture": "#0"},
				"west": {"uv": [12, 8, 16, 12], "rotation": 270, "texture": "#0"},
				"up": {"uv": [12, 8, 16, 12], "rotation": 270, "texture": "#0"},
				"down": {"uv": [12, 8, 16, 12], "rotation": 270, "texture": "#0"}
			}
		},
		{
			"from": [7.65, 1.95947, 12.21376],
			"to": [8.35, 2.35947, 12.41376],
			"rotation": {"angle": 0, "axis": "z", "origin": [7.9, 2.05947, 12.31376]},
			"faces": {
				"north": {"uv": [12, 8, 16, 12], "rotation": 270, "texture": "#0"},
				"east": {"uv": [12, 8, 16, 12], "rotation": 270, "texture": "#0"},
				"south": {"uv": [12, 8, 16, 12], "rotation": 270, "texture": "#0"},
				"west": {"uv": [12, 8, 16, 12], "rotation": 270, "texture": "#0"},
				"up": {"uv": [12, 8, 16, 12], "rotation": 270, "texture": "#0"},
				"down": {"uv": [12, 8, 16, 12], "rotation": 270, "texture": "#0"}
			}
		},
		{
			"from": [7.7, 1.41296, 12.14484],
			"to": [8.3, 2.01296, 12.34484],
			"rotation": {"angle": 22.5, "axis": "x", "origin": [7.9, 1.81296, 12.24484]},
			"faces": {
				"north": {"uv": [12, 8, 16, 12], "rotation": 270, "texture": "#0"},
				"east": {"uv": [12, 8, 16, 12], "rotation": 270, "texture": "#0"},
				"south": {"uv": [12, 8, 16, 12], "rotation": 270, "texture": "#0"},
				"west": {"uv": [12, 8, 16, 12], "rotation": 270, "texture": "#0"},
				"up": {"uv": [12, 8, 16, 12], "rotation": 270, "texture": "#0"},
				"down": {"uv": [12, 8, 16, 12], "rotation": 270, "texture": "#0"}
			}
		},
		{
			"from": [7.65, 2.25989, 12.31314],
			"to": [8.35, 2.65989, 12.61314],
			"rotation": {"angle": -22.5, "axis": "x", "origin": [8, 2.05989, 12.21314]},
			"faces": {
				"north": {"uv": [12, 8, 16, 12], "rotation": 180, "texture": "#0"},
				"east": {"uv": [12, 8, 16, 12], "rotation": 180, "texture": "#0"},
				"south": {"uv": [12, 8, 16, 12], "rotation": 180, "texture": "#0"},
				"west": {"uv": [12, 8, 16, 12], "rotation": 180, "texture": "#0"},
				"up": {"uv": [12, 8, 16, 12], "rotation": 180, "texture": "#0"},
				"down": {"uv": [12, 8, 16, 12], "rotation": 180, "texture": "#0"}
			}
		},
		{
			"from": [7.9, 2.25989, 11.71314],
			"to": [8.1, 2.65989, 11.91314],
			"rotation": {"angle": -22.5, "axis": "x", "origin": [8, 1.95989, 11.61314]},
			"faces": {
				"north": {"uv": [12, 0, 16, 4], "rotation": 180, "texture": "#0"},
				"east": {"uv": [12, 0, 16, 4], "rotation": 180, "texture": "#0"},
				"south": {"uv": [12, 0, 16, 4], "rotation": 180, "texture": "#0"},
				"west": {"uv": [12, 0, 16, 4], "rotation": 180, "texture": "#0"},
				"up": {"uv": [12, 0, 16, 4], "rotation": 180, "texture": "#0"},
				"down": {"uv": [12, 0, 16, 4], "rotation": 180, "texture": "#0"}
			}
		},
		{
			"from": [7.9, 1.95186, 11.5755],
			"to": [8.1, 2.35186, 11.7755],
			"rotation": {"angle": 0, "axis": "z", "origin": [7.9, 1.85186, 11.6755]},
			"faces": {
				"north": {"uv": [12, 0, 16, 4], "rotation": 270, "texture": "#0"},
				"east": {"uv": [12, 0, 16, 4], "rotation": 270, "texture": "#0"},
				"south": {"uv": [12, 0, 16, 4], "rotation": 270, "texture": "#0"},
				"west": {"uv": [12, 0, 16, 4], "rotation": 270, "texture": "#0"},
				"up": {"uv": [12, 0, 16, 4], "rotation": 270, "texture": "#0"},
				"down": {"uv": [12, 0, 16, 4], "rotation": 270, "texture": "#0"}
			}
		},
		{
			"from": [7.9, 1.61296, 11.4683],
			"to": [8.1, 2.01296, 11.6683],
			"rotation": {"angle": 22.5, "axis": "x", "origin": [7.9, 1.71296, 11.5683]},
			"faces": {
				"north": {"uv": [12, 0, 16, 4], "rotation": 270, "texture": "#0"},
				"east": {"uv": [12, 0, 16, 4], "rotation": 270, "texture": "#0"},
				"south": {"uv": [12, 0, 16, 4], "rotation": 270, "texture": "#0"},
				"west": {"uv": [12, 0, 16, 4], "rotation": 270, "texture": "#0"},
				"up": {"uv": [12, 0, 16, 4], "rotation": 270, "texture": "#0"},
				"down": {"uv": [12, 0, 16, 4], "rotation": 270, "texture": "#0"}
			}
		},
		{
			"from": [7.7, 7.16524, 7.87995],
			"to": [8.3, 7.46524, 8.37995],
			"rotation": {"angle": 45, "axis": "x", "origin": [8, 7.41524, 6.22995]},
			"faces": {
				"north": {"uv": [12, 0, 16, 4], "rotation": 180, "texture": "#0"},
				"east": {"uv": [12, 0, 16, 4], "rotation": 90, "texture": "#0"},
				"south": {"uv": [12, 4, 16, 8], "texture": "#0"},
				"west": {"uv": [12, 0, 16, 4], "rotation": 270, "texture": "#0"},
				"up": {"uv": [12, 4, 16, 8], "texture": "#0"},
				"down": {"uv": [12, 0, 16, 4], "rotation": 180, "texture": "#0"}
			}
		},
		{
			"from": [7.7, 5.74245, 7.19061],
			"to": [8.3, 6.24245, 7.49061],
			"rotation": {"angle": 0, "axis": "x", "origin": [8, 6.44245, 7.44061]},
			"faces": {
				"north": {"uv": [12, 0, 16, 4], "texture": "#0"},
				"east": {"uv": [12, 0, 16, 4], "texture": "#0"},
				"south": {"uv": [12, 4, 16, 8], "texture": "#0"},
				"west": {"uv": [12, 0, 16, 4], "texture": "#0"},
				"up": {"uv": [12, 0, 16, 4], "texture": "#0"},
				"down": {"uv": [12, 0, 16, 4], "texture": "#0"}
			}
		},
		{
			"from": [7.7, 6.14245, 7.19061],
			"to": [8.3, 6.64245, 7.49061],
			"rotation": {"angle": 0, "axis": "x", "origin": [8, 6.44245, 7.44061]},
			"faces": {
				"north": {"uv": [12, 0, 16, 4], "texture": "#0"},
				"east": {"uv": [12, 0, 16, 4], "texture": "#0"},
				"south": {"uv": [12, 4, 16, 8], "texture": "#0"},
				"west": {"uv": [12, 0, 16, 4], "texture": "#0"},
				"up": {"uv": [12, 0, 16, 4], "texture": "#0"},
				"down": {"uv": [12, 0, 16, 4], "texture": "#0"}
			}
		},
		{
			"from": [7.7, 6.6278, 7.27952],
			"to": [8.3, 6.9278, 7.77952],
			"rotation": {"angle": -45, "axis": "x", "origin": [8, 6.6778, 7.57952]},
			"faces": {
				"north": {"uv": [12, 0, 16, 4], "rotation": 180, "texture": "#0"},
				"east": {"uv": [12, 0, 16, 4], "rotation": 270, "texture": "#0"},
				"south": {"uv": [12, 0, 16, 4], "texture": "#0"},
				"west": {"uv": [12, 0, 16, 4], "rotation": 90, "texture": "#0"},
				"up": {"uv": [12, 0, 16, 4], "rotation": 180, "texture": "#0"},
				"down": {"uv": [12, 4, 16, 8], "texture": "#0"}
			}
		},
		{
			"from": [7.7, 6.796, 7.54417],
			"to": [8.3, 6.996, 12.14417],
			"rotation": {"angle": 0, "axis": "x", "origin": [7.7, 6.846, 12.29417]},
			"faces": {
				"north": {"uv": [12, 0, 16, 4], "rotation": 180, "texture": "#0"},
				"east": {"uv": [12, 0, 16, 4], "rotation": 90, "texture": "#0"},
				"south": {"uv": [12, 0, 16, 4], "texture": "#0"},
				"west": {"uv": [12, 0, 16, 4], "rotation": 270, "texture": "#0"},
				"up": {"uv": [12, 0, 16, 4], "texture": "#0"},
				"down": {"uv": [12, 4, 16, 8], "rotation": 180, "texture": "#0"}
			}
		},
		{
			"from": [7.7, 6.796, 12.14417],
			"to": [8.3, 6.996, 14.04417],
			"rotation": {"angle": 0, "axis": "x", "origin": [8, 5.746, 13.09417]},
			"faces": {
				"north": {"uv": [12, 0, 16, 4], "rotation": 180, "texture": "#0"},
				"east": {"uv": [12, 0, 16, 4], "rotation": 90, "texture": "#0"},
				"south": {"uv": [12, 0, 16, 4], "texture": "#0"},
				"west": {"uv": [12, 0, 16, 4], "rotation": 270, "texture": "#0"},
				"up": {"uv": [12, 0, 16, 4], "texture": "#0"},
				"down": {"uv": [12, 4, 16, 8], "rotation": 180, "texture": "#0"}
			}
		},
		{
			"from": [7.6, 6.496, 12.94417],
			"to": [8.4, 6.796, 14.04417],
			"rotation": {"angle": 0, "axis": "x", "origin": [8, 5.746, 13.09417]},
			"faces": {
				"north": {"uv": [8, 4, 12, 8], "rotation": 270, "texture": "#0"},
				"east": {"uv": [8, 4, 12, 8], "rotation": 270, "texture": "#0"},
				"south": {"uv": [8, 4, 12, 8], "rotation": 270, "texture": "#0"},
				"west": {"uv": [8, 4, 12, 8], "rotation": 270, "texture": "#0"},
				"up": {"uv": [8, 4, 12, 8], "rotation": 270, "texture": "#0"},
				"down": {"uv": [8, 4, 12, 8], "rotation": 270, "texture": "#0"}
			}
		},
		{
			"from": [7.3, 5.196, 13.24417],
			"to": [8.7, 5.396, 14.64417],
			"rotation": {"angle": 0, "axis": "x", "origin": [8, 5.746, 13.09417]},
			"faces": {
				"north": {"uv": [12, 12, 16, 16], "rotation": 270, "texture": "#0"},
				"east": {"uv": [12, 12, 16, 16], "rotation": 270, "texture": "#0"},
				"south": {"uv": [12, 12, 16, 16], "rotation": 270, "texture": "#0"},
				"west": {"uv": [12, 12, 16, 16], "rotation": 270, "texture": "#0"},
				"up": {"uv": [12, 12, 16, 16], "rotation": 270, "texture": "#0"},
				"down": {"uv": [12, 12, 16, 16], "rotation": 270, "texture": "#0"}
			}
		},
		{
			"from": [7.7, 6.496, 13.14417],
			"to": [8.3, 6.696, 13.94417],
			"rotation": {"angle": 0, "axis": "x", "origin": [8, 6.846, 12.29417]},
			"faces": {
				"north": {"uv": [12, 0, 16, 4], "rotation": 180, "texture": "#0"},
				"east": {"uv": [12, 0, 16, 4], "rotation": 90, "texture": "#0"},
				"south": {"uv": [12, 0, 16, 4], "texture": "#0"},
				"west": {"uv": [12, 0, 16, 4], "rotation": 270, "texture": "#0"},
				"up": {"uv": [12, 0, 16, 4], "texture": "#0"},
				"down": {"uv": [12, 4, 16, 8], "rotation": 180, "texture": "#0"}
			}
		},
		{
			"from": [7.85, 7.04, 13.54417],
			"to": [8.15, 7.09, 13.84417],
			"rotation": {"angle": 0, "axis": "x", "origin": [8, 6.896, 12.29417]},
			"faces": {
				"north": {"uv": [12, 12, 16, 16], "rotation": 180, "texture": "#0"},
				"east": {"uv": [12, 12, 16, 16], "rotation": 180, "texture": "#0"},
				"south": {"uv": [12, 12, 16, 16], "rotation": 180, "texture": "#0"},
				"west": {"uv": [12, 12, 16, 16], "rotation": 180, "texture": "#0"},
				"up": {"uv": [12, 12, 16, 16], "rotation": 180, "texture": "#0"},
				"down": {"uv": [12, 12, 16, 16], "rotation": 180, "texture": "#0"}
			}
		},
		{
			"from": [7.85, 7.39, 13.54417],
			"to": [8.15, 7.44, 13.84417],
			"rotation": {"angle": 0, "axis": "x", "origin": [8, 6.84, 12.29417]},
			"faces": {
				"north": {"uv": [12, 12, 16, 16], "rotation": 180, "texture": "#0"},
				"east": {"uv": [12, 12, 16, 16], "rotation": 180, "texture": "#0"},
				"south": {"uv": [12, 12, 16, 16], "rotation": 180, "texture": "#0"},
				"west": {"uv": [12, 12, 16, 16], "rotation": 180, "texture": "#0"},
				"up": {"uv": [12, 12, 16, 16], "rotation": 180, "texture": "#0"},
				"down": {"uv": [12, 12, 16, 16], "rotation": 180, "texture": "#0"}
			}
		},
		{
			"from": [7.75, 7.09, 13.54417],
			"to": [7.85, 7.39, 13.84417],
			"rotation": {"angle": 0, "axis": "z", "origin": [8, 7.24, 13.69417]},
			"faces": {
				"north": {"uv": [12, 12, 16, 16], "rotation": 90, "texture": "#0"},
				"east": {"uv": [12, 12, 16, 16], "rotation": 270, "texture": "#0"},
				"south": {"uv": [12, 12, 16, 16], "rotation": 270, "texture": "#0"},
				"west": {"uv": [12, 12, 16, 16], "rotation": 270, "texture": "#0"},
				"up": {"uv": [12, 12, 16, 16], "rotation": 270, "texture": "#0"},
				"down": {"uv": [12, 12, 16, 16], "rotation": 270, "texture": "#0"}
			}
		},
		{
			"from": [8.15, 7.09, 13.54417],
			"to": [8.25, 7.39, 13.84417],
			"rotation": {"angle": 0, "axis": "z", "origin": [8, 7.24, 13.69417]},
			"faces": {
				"north": {"uv": [12, 12, 16, 16], "rotation": 90, "texture": "#0"},
				"east": {"uv": [12, 12, 16, 16], "rotation": 270, "texture": "#0"},
				"south": {"uv": [12, 12, 16, 16], "rotation": 270, "texture": "#0"},
				"west": {"uv": [12, 12, 16, 16], "rotation": 270, "texture": "#0"},
				"up": {"uv": [12, 12, 16, 16], "rotation": 270, "texture": "#0"},
				"down": {"uv": [12, 12, 16, 16], "rotation": 270, "texture": "#0"}
			}
		},
		{
			"from": [8.2, 6.98889, 8.34417],
			"to": [8.3, 7.08889, 13.84417],
			"rotation": {"angle": 0, "axis": "x", "origin": [7.8, 6.93889, 12.49417]},
			"faces": {
				"north": {"uv": [12, 0, 16, 4], "rotation": 180, "texture": "#0"},
				"east": {"uv": [12, 0, 16, 4], "rotation": 90, "texture": "#0"},
				"south": {"uv": [12, 0, 16, 4], "texture": "#0"},
				"west": {"uv": [12, 0, 16, 4], "rotation": 270, "texture": "#0"},
				"up": {"uv": [12, 0, 16, 4], "texture": "#0"},
				"down": {"uv": [12, 0, 16, 4], "rotation": 180, "texture": "#0"}
			}
		},
		{
			"from": [8.2, 7.18889, 9.94417],
			"to": [8.3, 7.28889, 13.84417],
			"rotation": {"angle": 0, "axis": "x", "origin": [7.8, 6.93889, 12.49417]},
			"faces": {
				"north": {"uv": [12, 0, 16, 4], "rotation": 180, "texture": "#0"},
				"east": {"uv": [12, 0, 16, 4], "rotation": 90, "texture": "#0"},
				"south": {"uv": [12, 0, 16, 4], "texture": "#0"},
				"west": {"uv": [12, 0, 16, 4], "rotation": 270, "texture": "#0"},
				"up": {"uv": [12, 0, 16, 4], "texture": "#0"},
				"down": {"uv": [12, 0, 16, 4], "rotation": 180, "texture": "#0"}
			}
		},
		{
			"from": [8.2, 7.08889, 9.14417],
			"to": [8.3, 7.18889, 13.84417],
			"rotation": {"angle": 0, "axis": "x", "origin": [7.8, 6.93889, 12.49417]},
			"faces": {
				"north": {"uv": [12, 0, 16, 4], "rotation": 180, "texture": "#0"},
				"east": {"uv": [12, 0, 16, 4], "rotation": 90, "texture": "#0"},
				"south": {"uv": [12, 0, 16, 4], "texture": "#0"},
				"west": {"uv": [12, 0, 16, 4], "rotation": 270, "texture": "#0"},
				"up": {"uv": [12, 0, 16, 4], "texture": "#0"},
				"down": {"uv": [12, 0, 16, 4], "rotation": 180, "texture": "#0"}
			}
		},
		{
			"from": [8.2, 7.28889, 10.74417],
			"to": [8.3, 7.38889, 13.84417],
			"rotation": {"angle": 0, "axis": "x", "origin": [7.8, 6.93889, 12.49417]},
			"faces": {
				"north": {"uv": [12, 0, 16, 4], "rotation": 180, "texture": "#0"},
				"east": {"uv": [12, 0, 16, 4], "rotation": 90, "texture": "#0"},
				"south": {"uv": [12, 0, 16, 4], "texture": "#0"},
				"west": {"uv": [12, 0, 16, 4], "rotation": 270, "texture": "#0"},
				"up": {"uv": [12, 0, 16, 4], "texture": "#0"},
				"down": {"uv": [12, 0, 16, 4], "rotation": 180, "texture": "#0"}
			}
		},
		{
			"from": [8.2, 7.38889, 12.04417],
			"to": [8.3, 7.48889, 13.84417],
			"rotation": {"angle": 0, "axis": "x", "origin": [7.8, 6.93889, 12.49417]},
			"faces": {
				"north": {"uv": [12, 0, 16, 4], "rotation": 180, "texture": "#0"},
				"east": {"uv": [12, 0, 16, 4], "rotation": 90, "texture": "#0"},
				"south": {"uv": [12, 0, 16, 4], "texture": "#0"},
				"west": {"uv": [12, 0, 16, 4], "rotation": 270, "texture": "#0"},
				"up": {"uv": [12, 0, 16, 4], "texture": "#0"},
				"down": {"uv": [12, 0, 16, 4], "rotation": 180, "texture": "#0"}
			}
		},
		{
			"from": [7.7, 6.98889, 8.34417],
			"to": [7.8, 7.08889, 13.84417],
			"rotation": {"angle": 0, "axis": "x", "origin": [8.1, 6.93889, 12.49417]},
			"faces": {
				"north": {"uv": [12, 0, 16, 4], "rotation": 180, "texture": "#0"},
				"east": {"uv": [12, 0, 16, 4], "rotation": 90, "texture": "#0"},
				"south": {"uv": [12, 0, 16, 4], "texture": "#0"},
				"west": {"uv": [12, 0, 16, 4], "rotation": 270, "texture": "#0"},
				"up": {"uv": [12, 0, 16, 4], "texture": "#0"},
				"down": {"uv": [12, 0, 16, 4], "rotation": 180, "texture": "#0"}
			}
		},
		{
			"from": [7.7, 7.08889, 9.14417],
			"to": [7.8, 7.18889, 13.84417],
			"rotation": {"angle": 0, "axis": "x", "origin": [8.1, 6.93889, 12.49417]},
			"faces": {
				"north": {"uv": [12, 0, 16, 4], "rotation": 180, "texture": "#0"},
				"east": {"uv": [12, 0, 16, 4], "rotation": 90, "texture": "#0"},
				"south": {"uv": [12, 0, 16, 4], "texture": "#0"},
				"west": {"uv": [12, 0, 16, 4], "rotation": 270, "texture": "#0"},
				"up": {"uv": [12, 0, 16, 4], "texture": "#0"},
				"down": {"uv": [12, 0, 16, 4], "rotation": 180, "texture": "#0"}
			}
		},
		{
			"from": [7.7, 7.18889, 9.94417],
			"to": [7.8, 7.28889, 13.84417],
			"rotation": {"angle": 0, "axis": "x", "origin": [8.1, 6.93889, 12.49417]},
			"faces": {
				"north": {"uv": [12, 0, 16, 4], "rotation": 180, "texture": "#0"},
				"east": {"uv": [12, 0, 16, 4], "rotation": 90, "texture": "#0"},
				"south": {"uv": [12, 0, 16, 4], "texture": "#0"},
				"west": {"uv": [12, 0, 16, 4], "rotation": 270, "texture": "#0"},
				"up": {"uv": [12, 0, 16, 4], "texture": "#0"},
				"down": {"uv": [12, 0, 16, 4], "rotation": 180, "texture": "#0"}
			}
		},
		{
			"from": [7.7, 7.28889, 10.74417],
			"to": [7.8, 7.38889, 13.84417],
			"rotation": {"angle": 0, "axis": "x", "origin": [8.1, 6.93889, 12.49417]},
			"faces": {
				"north": {"uv": [12, 0, 16, 4], "rotation": 180, "texture": "#0"},
				"east": {"uv": [12, 0, 16, 4], "rotation": 90, "texture": "#0"},
				"south": {"uv": [12, 0, 16, 4], "texture": "#0"},
				"west": {"uv": [12, 0, 16, 4], "rotation": 270, "texture": "#0"},
				"up": {"uv": [12, 0, 16, 4], "texture": "#0"},
				"down": {"uv": [12, 0, 16, 4], "rotation": 180, "texture": "#0"}
			}
		},
		{
			"from": [7.7, 7.38889, 12.04417],
			"to": [7.8, 7.48889, 13.84417],
			"rotation": {"angle": 0, "axis": "x", "origin": [8.1, 6.93889, 12.49417]},
			"faces": {
				"north": {"uv": [12, 0, 16, 4], "rotation": 180, "texture": "#0"},
				"east": {"uv": [12, 0, 16, 4], "rotation": 90, "texture": "#0"},
				"south": {"uv": [12, 0, 16, 4], "texture": "#0"},
				"west": {"uv": [12, 0, 16, 4], "rotation": 270, "texture": "#0"},
				"up": {"uv": [12, 0, 16, 4], "texture": "#0"},
				"down": {"uv": [12, 0, 16, 4], "rotation": 180, "texture": "#0"}
			}
		},
		{
			"from": [7.7, 5.78889, 7.64417],
			"to": [8.3, 5.88889, 13.04417],
			"rotation": {"angle": 0, "axis": "x", "origin": [8, 6.93889, 12.79417]},
			"faces": {
				"north": {"uv": [12, 4, 16, 8], "rotation": 270, "texture": "#0"},
				"east": {"uv": [12, 4, 16, 8], "rotation": 270, "texture": "#0"},
				"south": {"uv": [12, 4, 16, 8], "rotation": 270, "texture": "#0"},
				"west": {"uv": [12, 0, 16, 4], "rotation": 270, "texture": "#0"},
				"up": {"uv": [12, 4, 16, 8], "rotation": 270, "texture": "#0"},
				"down": {"uv": [12, 4, 16, 8], "rotation": 270, "texture": "#0"}
			}
		},
		{
			"from": [8.2, 5.4, 12.8],
			"to": [8.3, 7.5, 14.2],
			"rotation": {"angle": -22.5, "axis": "x", "origin": [7.8, 6.6, 14.05]},
			"faces": {
				"north": {"uv": [12, 4, 16, 8], "texture": "#0"},
				"east": {"uv": [12, 0, 16, 4], "texture": "#0"},
				"south": {"uv": [12, 0, 16, 4], "texture": "#0"},
				"west": {"uv": [12, 0, 16, 4], "texture": "#0"},
				"up": {"uv": [12, 0, 16, 4], "texture": "#0"},
				"down": {"uv": [12, 0, 16, 4], "texture": "#0"}
			}
		},
		{
			"from": [7.8, 5.4, 12.8],
			"to": [8.2, 6.9, 14.2],
			"rotation": {"angle": -22.5, "axis": "x", "origin": [8, 6.6, 14.05]},
			"faces": {
				"north": {"uv": [12, 4, 16, 8], "texture": "#0"},
				"east": {"uv": [12, 0, 16, 4], "texture": "#0"},
				"south": {"uv": [12, 0, 16, 4], "texture": "#0"},
				"west": {"uv": [12, 0, 16, 4], "texture": "#0"},
				"up": {"uv": [12, 0, 16, 4], "texture": "#0"},
				"down": {"uv": [12, 0, 16, 4], "texture": "#0"}
			}
		},
		{
			"from": [7.8, 6.9, 12.8],
			"to": [8.2, 7.4, 12.8],
			"rotation": {"angle": -22.5, "axis": "x", "origin": [8, 6.6, 14.05]},
			"faces": {
				"north": {"uv": [12, 4, 16, 8], "texture": "#0"},
				"east": {"uv": [12, 4, 16, 8], "texture": "#0"},
				"south": {"uv": [12, 4, 16, 8], "texture": "#0"},
				"west": {"uv": [12, 4, 16, 8], "texture": "#0"},
				"up": {"uv": [12, 4, 16, 8], "texture": "#0"},
				"down": {"uv": [12, 4, 16, 8], "texture": "#0"}
			}
		},
		{
			"from": [7.7, 5.4, 12.8],
			"to": [7.8, 7.5, 14.2],
			"rotation": {"angle": -22.5, "axis": "x", "origin": [8.1, 6.6, 14.05]},
			"faces": {
				"north": {"uv": [12, 4, 16, 8], "texture": "#0"},
				"east": {"uv": [12, 0, 16, 4], "texture": "#0"},
				"south": {"uv": [12, 0, 16, 4], "texture": "#0"},
				"west": {"uv": [12, 0, 16, 4], "texture": "#0"},
				"up": {"uv": [12, 0, 16, 4], "texture": "#0"},
				"down": {"uv": [12, 0, 16, 4], "texture": "#0"}
			}
		},
		{
			"from": [7.4, 3.7, 7.4],
			"to": [8.6, 4.2, 15.3],
			"rotation": {"angle": 0, "axis": "y", "origin": [0, 0, 6]},
			"faces": {
				"north": {"uv": [12, 4, 16, 8], "texture": "#0"},
				"east": {"uv": [12, 4, 16, 8], "texture": "#0"},
				"south": {"uv": [12, 4, 16, 8], "texture": "#0"},
				"west": {"uv": [12, 4, 16, 8], "texture": "#0"},
				"up": {"uv": [12, 4, 16, 8], "texture": "#0"},
				"down": {"uv": [12, 4, 16, 8], "texture": "#0"}
			}
		},
		{
			"from": [7.4, 3.41716, 7.68284],
			"to": [8.6, 3.71716, 15.29784],
			"rotation": {"angle": 0, "axis": "y", "origin": [0, 0.01716, 5.88284]},
			"faces": {
				"north": {"uv": [12, 4, 16, 8], "texture": "#0"},
				"east": {"uv": [12, 4, 16, 8], "texture": "#0"},
				"south": {"uv": [12, 4, 16, 8], "texture": "#0"},
				"west": {"uv": [12, 4, 16, 8], "texture": "#0"},
				"up": {"uv": [12, 4, 16, 8], "texture": "#0"},
				"down": {"uv": [12, 4, 16, 8], "texture": "#0"}
			}
		},
		{
			"from": [7.4, 3.22126, 14.58694],
			"to": [8.6, 3.42126, 15.30194],
			"rotation": {"angle": 0, "axis": "x", "origin": [8, 3.32126, 15.03694]},
			"faces": {
				"north": {"uv": [12, 4, 16, 8], "texture": "#0"},
				"east": {"uv": [12, 4, 16, 8], "texture": "#0"},
				"south": {"uv": [12, 4, 16, 8], "texture": "#0"},
				"west": {"uv": [12, 4, 16, 8], "texture": "#0"},
				"up": {"uv": [12, 4, 16, 8], "texture": "#0"},
				"down": {"uv": [12, 4, 16, 8], "texture": "#0"}
			}
		},
		{
			"from": [7.4, 3.15624, 14.56009],
			"to": [8.6, 3.65624, 14.86009],
			"rotation": {"angle": -22.5, "axis": "x", "origin": [8, 3.25624, 14.71009]},
			"faces": {
				"north": {"uv": [12, 4, 16, 8], "texture": "#0"},
				"east": {"uv": [12, 4, 16, 8], "texture": "#0"},
				"south": {"uv": [12, 4, 16, 8], "texture": "#0"},
				"west": {"uv": [12, 4, 16, 8], "texture": "#0"},
				"up": {"uv": [12, 4, 16, 8], "texture": "#0"},
				"down": {"uv": [12, 4, 16, 8], "texture": "#0"}
			}
		},
		{
			"from": [7.4, 2.70553, 14.43857],
			"to": [8.6, 3.20553, 14.63857],
			"rotation": {"angle": 22.5, "axis": "x", "origin": [8, 3.55553, 14.23857]},
			"faces": {
				"north": {"uv": [12, 4, 16, 8], "rotation": 90, "texture": "#0"},
				"east": {"uv": [12, 4, 16, 8], "rotation": 90, "texture": "#0"},
				"south": {"uv": [12, 4, 16, 8], "rotation": 90, "texture": "#0"},
				"west": {"uv": [12, 4, 16, 8], "rotation": 90, "texture": "#0"},
				"up": {"uv": [12, 4, 16, 8], "rotation": 90, "texture": "#0"},
				"down": {"uv": [12, 4, 16, 8], "rotation": 90, "texture": "#0"}
			}
		},
		{
			"from": [7.4, 2.9211, 14.033],
			"to": [8.6, 3.5211, 14.533],
			"rotation": {"angle": 45, "axis": "x", "origin": [8, 3.0711, 14.433]},
			"faces": {
				"north": {"uv": [12, 4, 16, 8], "rotation": 90, "texture": "#0"},
				"east": {"uv": [12, 4, 16, 8], "rotation": 90, "texture": "#0"},
				"south": {"uv": [12, 4, 16, 8], "rotation": 90, "texture": "#0"},
				"west": {"uv": [12, 4, 16, 8], "rotation": 90, "texture": "#0"},
				"up": {"uv": [12, 4, 16, 8], "rotation": 90, "texture": "#0"},
				"down": {"uv": [12, 4, 16, 8], "rotation": 90, "texture": "#0"}
			}
		},
		{
			"from": [7.4, 2.55794, 7.6915],
			"to": [8.6, 3.45794, 10.3915],
			"rotation": {"angle": 0, "axis": "x", "origin": [8, 3.85794, 9.3915]},
			"faces": {
				"north": {"uv": [12, 4, 16, 8], "texture": "#0"},
				"east": {"uv": [12, 4, 16, 8], "texture": "#0"},
				"south": {"uv": [12, 4, 16, 8], "texture": "#0"},
				"west": {"uv": [12, 4, 16, 8], "texture": "#0"},
				"up": {"uv": [12, 4, 16, 8], "texture": "#0"},
				"down": {"uv": [12, 4, 16, 8], "texture": "#0"}
			}
		},
		{
			"from": [7.4, 2.61716, 10.38284],
			"to": [8.6, 3.41716, 14.28284],
			"rotation": {"angle": 0, "axis": "y", "origin": [0, 0.01716, 5.88284]},
			"faces": {
				"north": {"uv": [12, 4, 16, 8], "texture": "#0"},
				"east": {"uv": [12, 4, 16, 8], "texture": "#0"},
				"south": {"uv": [12, 4, 16, 8], "texture": "#0"},
				"west": {"uv": [12, 4, 16, 8], "texture": "#0"},
				"up": {"uv": [12, 4, 16, 8], "texture": "#0"},
				"down": {"uv": [12, 4, 16, 8], "texture": "#0"}
			}
		},
		{
			"from": [7.4, 2.45794, 8.1915],
			"to": [8.6, 2.55794, 10.2915],
			"rotation": {"angle": 0, "axis": "x", "origin": [8, 4.05794, 9.3915]},
			"faces": {
				"north": {"uv": [12, 4, 16, 8], "texture": "#0"},
				"east": {"uv": [12, 4, 16, 8], "texture": "#0"},
				"south": {"uv": [12, 4, 16, 8], "texture": "#0"},
				"west": {"uv": [12, 4, 16, 8], "texture": "#0"},
				"up": {"uv": [12, 4, 16, 8], "texture": "#0"},
				"down": {"uv": [12, 4, 16, 8], "texture": "#0"}
			}
		},
		{
			"from": [7.4, 2.25794, 8.5915],
			"to": [8.6, 2.45794, 10.2915],
			"rotation": {"angle": 0, "axis": "x", "origin": [8, 4.05794, 9.3915]},
			"faces": {
				"north": {"uv": [12, 4, 16, 8], "texture": "#0"},
				"east": {"uv": [12, 4, 16, 8], "texture": "#0"},
				"south": {"uv": [12, 4, 16, 8], "texture": "#0"},
				"west": {"uv": [12, 4, 16, 8], "texture": "#0"},
				"up": {"uv": [12, 4, 16, 8], "texture": "#0"},
				"down": {"uv": [12, 4, 16, 8], "texture": "#0"}
			}
		},
		{
			"from": [7.4, 2.35794, 8.3915],
			"to": [8.6, 2.45794, 8.5915],
			"rotation": {"angle": 0, "axis": "x", "origin": [8, 4.05794, 9.3915]},
			"faces": {
				"north": {"uv": [12, 4, 16, 8], "texture": "#0"},
				"east": {"uv": [12, 4, 16, 8], "texture": "#0"},
				"south": {"uv": [12, 4, 16, 8], "texture": "#0"},
				"west": {"uv": [12, 4, 16, 8], "texture": "#0"},
				"up": {"uv": [12, 4, 16, 8], "texture": "#0"},
				"down": {"uv": [12, 4, 16, 8], "texture": "#0"}
			}
		},
		{
			"from": [7.4, 2.45794, 8.1915],
			"to": [8.6, 2.55794, 10.2915],
			"rotation": {"angle": 0, "axis": "x", "origin": [8, 4.05794, 9.3915]},
			"faces": {
				"north": {"uv": [12, 4, 16, 8], "texture": "#0"},
				"east": {"uv": [12, 4, 16, 8], "texture": "#0"},
				"south": {"uv": [12, 4, 16, 8], "texture": "#0"},
				"west": {"uv": [12, 4, 16, 8], "texture": "#0"},
				"up": {"uv": [12, 4, 16, 8], "texture": "#0"},
				"down": {"uv": [12, 4, 16, 8], "texture": "#0"}
			}
		},
		{
			"from": [7.4, 2.25794, 8.5915],
			"to": [8.6, 2.45794, 10.2915],
			"rotation": {"angle": 0, "axis": "x", "origin": [8, 4.05794, 9.3915]},
			"faces": {
				"north": {"uv": [12, 4, 16, 8], "texture": "#0"},
				"east": {"uv": [12, 4, 16, 8], "texture": "#0"},
				"south": {"uv": [12, 4, 16, 8], "texture": "#0"},
				"west": {"uv": [12, 4, 16, 8], "texture": "#0"},
				"up": {"uv": [12, 4, 16, 8], "texture": "#0"},
				"down": {"uv": [12, 4, 16, 8], "texture": "#0"}
			}
		},
		{
			"from": [7.4, 2.35794, 8.3915],
			"to": [8.6, 2.45794, 8.5915],
			"rotation": {"angle": 0, "axis": "x", "origin": [8, 4.05794, 9.3915]},
			"faces": {
				"north": {"uv": [12, 4, 16, 8], "texture": "#0"},
				"east": {"uv": [12, 4, 16, 8], "texture": "#0"},
				"south": {"uv": [12, 4, 16, 8], "texture": "#0"},
				"west": {"uv": [12, 4, 16, 8], "texture": "#0"},
				"up": {"uv": [12, 4, 16, 8], "texture": "#0"},
				"down": {"uv": [12, 4, 16, 8], "texture": "#0"}
			}
		},
		{
			"from": [7.4, 1.00442, 6.40772],
			"to": [8.6, 1.30442, 6.80772],
			"rotation": {"angle": 45, "axis": "x", "origin": [8, 1.15442, 10.15772]},
			"faces": {
				"north": {"uv": [12, 4, 16, 8], "texture": "#0"},
				"east": {"uv": [12, 4, 16, 8], "texture": "#0"},
				"south": {"uv": [12, 4, 16, 8], "texture": "#0"},
				"west": {"uv": [12, 4, 16, 8], "texture": "#0"},
				"up": {"uv": [12, 4, 16, 8], "texture": "#0"},
				"down": {"uv": [12, 4, 16, 8], "texture": "#0"}
			}
		},
		{
			"from": [7.4, 1.9689, 7.85281],
			"to": [8.6, 2.1689, 10.75281],
			"rotation": {"angle": 22.5, "axis": "x", "origin": [8, 2.6689, 9.25281]},
			"faces": {
				"north": {"uv": [12, 4, 16, 8], "texture": "#0"},
				"east": {"uv": [12, 4, 16, 8], "texture": "#0"},
				"south": {"uv": [12, 4, 16, 8], "texture": "#0"},
				"west": {"uv": [12, 4, 16, 8], "texture": "#0"},
				"up": {"uv": [12, 4, 16, 8], "texture": "#0"},
				"down": {"uv": [12, 4, 16, 8], "texture": "#0"}
			}
		},
		{
			"from": [7.4, 2.15794, 8.8915],
			"to": [8.6, 2.25794, 10.2915],
			"rotation": {"angle": 0, "axis": "x", "origin": [8, 4.05794, 9.3915]},
			"faces": {
				"north": {"uv": [12, 4, 16, 8], "texture": "#0"},
				"east": {"uv": [12, 4, 16, 8], "texture": "#0"},
				"south": {"uv": [12, 4, 16, 8], "texture": "#0"},
				"west": {"uv": [12, 4, 16, 8], "texture": "#0"},
				"up": {"uv": [12, 4, 16, 8], "texture": "#0"},
				"down": {"uv": [12, 4, 16, 8], "texture": "#0"}
			}
		},
		{
			"from": [7.4, 1.95794, 9.1915],
			"to": [8.6, 2.15794, 10.2915],
			"rotation": {"angle": 0, "axis": "x", "origin": [8, 4.05794, 9.3915]},
			"faces": {
				"north": {"uv": [12, 4, 16, 8], "texture": "#0"},
				"east": {"uv": [12, 4, 16, 8], "texture": "#0"},
				"south": {"uv": [12, 4, 16, 8], "texture": "#0"},
				"west": {"uv": [12, 4, 16, 8], "texture": "#0"},
				"up": {"uv": [12, 4, 16, 8], "texture": "#0"},
				"down": {"uv": [12, 4, 16, 8], "texture": "#0"}
			}
		},
		{
			"from": [7.4, 1.75794, 9.6915],
			"to": [8.6, 1.95794, 10.2915],
			"rotation": {"angle": 0, "axis": "x", "origin": [8, 4.05794, 9.3915]},
			"faces": {
				"north": {"uv": [12, 4, 16, 8], "texture": "#0"},
				"east": {"uv": [12, 4, 16, 8], "texture": "#0"},
				"south": {"uv": [12, 4, 16, 8], "texture": "#0"},
				"west": {"uv": [12, 4, 16, 8], "texture": "#0"},
				"up": {"uv": [12, 4, 16, 8], "texture": "#0"},
				"down": {"uv": [12, 4, 16, 8], "texture": "#0"}
			}
		},
		{
			"from": [7.4, 1.55794, 10.0915],
			"to": [8.6, 1.75794, 10.2915],
			"rotation": {"angle": 0, "axis": "x", "origin": [8, 4.05794, 9.3915]},
			"faces": {
				"north": {"uv": [12, 4, 16, 8], "texture": "#0"},
				"east": {"uv": [12, 4, 16, 8], "texture": "#0"},
				"south": {"uv": [12, 4, 16, 8], "texture": "#0"},
				"west": {"uv": [12, 4, 16, 8], "texture": "#0"},
				"up": {"uv": [12, 4, 16, 8], "texture": "#0"},
				"down": {"uv": [12, 4, 16, 8], "texture": "#0"}
			}
		},
		{
			"from": [7.4, 1.62151, 10.18988],
			"to": [8.6, 2.02151, 10.38988],
			"rotation": {"angle": -22.5, "axis": "x", "origin": [8, 1.77151, 10.38988]},
			"faces": {
				"north": {"uv": [12, 4, 16, 8], "rotation": 270, "texture": "#0"},
				"east": {"uv": [12, 4, 16, 8], "rotation": 270, "texture": "#0"},
				"south": {"uv": [12, 4, 16, 8], "rotation": 270, "texture": "#0"},
				"west": {"uv": [12, 4, 16, 8], "rotation": 270, "texture": "#0"},
				"up": {"uv": [12, 4, 16, 8], "rotation": 270, "texture": "#0"},
				"down": {"uv": [12, 4, 16, 8], "rotation": 270, "texture": "#0"}
			}
		},
		{
			"from": [7.25, 5.88889, 14.54417],
			"to": [8.75, 5.98889, 15.04417],
			"rotation": {"angle": 0, "axis": "y", "origin": [8, 5.88889, 15.04417]},
			"faces": {
				"north": {"uv": [8, 0, 12, 4], "rotation": 270, "texture": "#0"},
				"east": {"uv": [8, 0, 12, 4], "rotation": 270, "texture": "#0"},
				"south": {"uv": [8, 0, 12, 4], "rotation": 270, "texture": "#0"},
				"west": {"uv": [8, 0, 12, 4], "rotation": 270, "texture": "#0"},
				"up": {"uv": [8, 0, 12, 4], "rotation": 270, "texture": "#0"},
				"down": {"uv": [8, 0, 12, 4], "rotation": 270, "texture": "#0"}
			}
		},
		{
			"from": [7.8, 5.78889, 13.54417],
			"to": [8.2, 5.88889, 14.84417],
			"rotation": {"angle": 0, "axis": "x", "origin": [8, 6.93889, 12.49417]},
			"faces": {
				"north": {"uv": [12, 8, 16, 12], "rotation": 270, "texture": "#0"},
				"east": {"uv": [12, 8, 16, 12], "rotation": 270, "texture": "#0"},
				"south": {"uv": [12, 8, 16, 12], "rotation": 270, "texture": "#0"},
				"west": {"uv": [12, 8, 16, 12], "rotation": 270, "texture": "#0"},
				"up": {"uv": [12, 8, 16, 12], "rotation": 270, "texture": "#0"},
				"down": {"uv": [12, 8, 16, 12], "rotation": 270, "texture": "#0"}
			}
		},
		{
			"from": [7.5, -4.7, 7.8],
			"to": [8.5, -0.1, 10.2],
			"faces": {
				"north": {"uv": [8, 12, 9, 16], "texture": "#0"},
				"east": {"uv": [8, 12, 12, 16], "rotation": 180, "texture": "#0"},
				"south": {"uv": [11, 12, 12, 16], "texture": "#0"},
				"west": {"uv": [8, 12, 12, 16], "texture": "#0"},
				"up": {"uv": [8, 0, 12, 4], "rotation": 90, "texture": "#0"},
				"down": {"uv": [8, 12, 12, 16], "rotation": 270, "texture": "#0"}
			}
		},
		{
			"from": [8.61, 4.5, 8.4],
			"to": [8.62, 5, 10.5],
			"rotation": {"angle": 0, "axis": "y", "origin": [0, 0, 6]},
			"faces": {
				"north": {"uv": [12, 0, 16, 4], "texture": "#0"},
				"east": {"uv": [12, 0, 16, 4], "texture": "#0"},
				"south": {"uv": [12, 0, 16, 4], "texture": "#0"},
				"west": {"uv": [12, 0, 16, 4], "texture": "#0"},
				"up": {"uv": [12, 0, 16, 4], "texture": "#0"},
				"down": {"uv": [12, 0, 16, 4], "texture": "#0"}
			}
		},
		{
			"from": [8.62, 4.5, 7.9],
			"to": [8.73, 5, 8.4],
			"rotation": {"angle": 0, "axis": "y", "origin": [0, 0, 6]},
			"faces": {
				"north": {"uv": [8, 4, 12, 8], "texture": "#0"},
				"east": {"uv": [8, 4, 12, 8], "texture": "#0"},
				"south": {"uv": [8, 4, 12, 8], "texture": "#0"},
				"west": {"uv": [8, 4, 12, 8], "texture": "#0"},
				"up": {"uv": [8, 4, 12, 8], "texture": "#0"},
				"down": {"uv": [8, 4, 12, 8], "texture": "#0"}
			}
		},
		{
			"from": [7.3, 3, 9.2],
			"to": [7.4, 3.5, 9.7],
			"rotation": {"angle": -45, "axis": "x", "origin": [6.05, 3.2, 9.5]},
			"faces": {
				"north": {"uv": [8, 0, 12, 4], "texture": "#0"},
				"east": {"uv": [8, 0, 12, 4], "texture": "#0"},
				"south": {"uv": [8, 0, 12, 4], "texture": "#0"},
				"west": {"uv": [8, 0, 12, 4], "texture": "#0"},
				"up": {"uv": [8, 0, 12, 4], "texture": "#0"},
				"down": {"uv": [8, 0, 12, 4], "texture": "#0"}
			}
		},
		{
			"from": [7.3, 2.8, 13.2],
			"to": [8.7, 3.1, 13.5],
			"rotation": {"angle": 0, "axis": "x", "origin": [6.05, 3.2, 9.5]},
			"faces": {
				"north": {"uv": [12, 12, 16, 16], "texture": "#0"},
				"east": {"uv": [4, 8, 8, 12], "texture": "#0"},
				"south": {"uv": [12, 12, 16, 16], "texture": "#0"},
				"west": {"uv": [4, 8, 8, 12], "texture": "#0"},
				"up": {"uv": [12, 12, 16, 16], "texture": "#0"},
				"down": {"uv": [12, 12, 16, 16], "texture": "#0"}
			}
		},
		{
			"from": [7.3, 5.2, 7.5],
			"to": [8.7, 5.5, 7.8],
			"rotation": {"angle": 0, "axis": "x", "origin": [6.05, 3.2, 9.5]},
			"faces": {
				"north": {"uv": [12, 12, 16, 16], "texture": "#0"},
				"east": {"uv": [4, 8, 8, 12], "texture": "#0"},
				"south": {"uv": [12, 12, 16, 16], "texture": "#0"},
				"west": {"uv": [4, 8, 8, 12], "texture": "#0"},
				"up": {"uv": [12, 12, 16, 16], "texture": "#0"},
				"down": {"uv": [12, 12, 16, 16], "texture": "#0"}
			}
		},
		{
			"from": [7.4, 5.1, 19.3],
			"to": [8.6, 5.4, 19.6],
			"rotation": {"angle": 0, "axis": "x", "origin": [6.05, 3.2, 9.5]},
			"faces": {
				"north": {"uv": [12, 12, 16, 16], "texture": "#0"},
				"east": {"uv": [4, 8, 8, 12], "texture": "#0"},
				"south": {"uv": [12, 12, 16, 16], "texture": "#0"},
				"west": {"uv": [4, 8, 8, 12], "texture": "#0"},
				"up": {"uv": [12, 12, 16, 16], "texture": "#0"},
				"down": {"uv": [12, 12, 16, 16], "texture": "#0"}
			}
		},
		{
			"from": [7.4, 5.2, 25.1],
			"to": [8.6, 5.5, 25.4],
			"rotation": {"angle": 0, "axis": "x", "origin": [6.05, 3.2, 9.5]},
			"faces": {
				"north": {"uv": [12, 12, 16, 16], "texture": "#0"},
				"east": {"uv": [4, 8, 8, 12], "texture": "#0"},
				"south": {"uv": [12, 12, 16, 16], "texture": "#0"},
				"west": {"uv": [4, 8, 8, 12], "texture": "#0"},
				"up": {"uv": [12, 12, 16, 16], "texture": "#0"},
				"down": {"uv": [12, 12, 16, 16], "texture": "#0"}
			}
		},
		{
			"from": [7.3, 3.05, 9.27929],
			"to": [7.4, 3.35, 10.17929],
			"rotation": {"angle": 0, "axis": "x", "origin": [7.35, 3.2, 9.42929]},
			"faces": {
				"north": {"uv": [8, 0, 12, 4], "texture": "#0"},
				"east": {"uv": [8, 0, 12, 4], "texture": "#0"},
				"south": {"uv": [8, 0, 12, 4], "texture": "#0"},
				"west": {"uv": [8, 0, 12, 4], "texture": "#0"},
				"up": {"uv": [8, 0, 12, 4], "texture": "#0"},
				"down": {"uv": [8, 0, 12, 4], "texture": "#0"}
			}
		}
	],
	"display": {
		"thirdperson_righthand": {
			"translation": [0, 3, -2],
			"scale": [0.7, 0.7, 0.7]
		},
		"thirdperson_lefthand": {
			"scale": [0, 0, 0]
		},
		"firstperson_righthand": {
			"rotation": [8, -11, -16],
			"translation": [8, 15, -3]
		},
		"firstperson_lefthand": {
			"scale": [0, 0, 0]
		},
		"ground": {
			"rotation": [0, 0, 90],
			"translation": [-4.5, 0, -2.5]
		},
		"gui": {
			"rotation": [90, 45, -90],
			"translation": [2.5, 1.5, 0],
			"scale": [0.7, 0.7, 0.7]
		},
		"head": {
			"rotation": [0, 0, -90],
			"translation": [5, -42, -1]
		},
		"fixed": {
			"rotation": [0, -90, 0],
			"translation": [3, 4.5, 0]
		}
	},
	"groups": [
		{
			"name": "group",
			"origin": [8, 8, 8],
			"color": 0,
			"children": [0, 1, 2, 3, 4, 5, 6, 7, 8, 9, 10, 11, 12, 13, 14, 15, 16, 17, 18, 19, 20, 21, 22, 23, 24, 25, 26, 27, 28, 29, 30, 31, 32, 33, 34, 35, 36, 37, 38, 39, 40, 41, 42, 43, 44, 45, 46, 47, 48, 49, 50, 51, 52, 53, 54, 55, 56, 57, 58, 59, 60, 61, 62, 63, 64, 65, 66, 67, 68, 69, 70, 71, 72, 73, 74, 75]
		},
		{
			"name": "group",
			"origin": [8, 6.6, 7.75],
			"color": 0,
			"children": [76, 77, 78, 79, 80, 81, 82, 83, 84, 85, 86, 87, 88, 89, 90, 91, 92, 93, 94, 95, 96, 97, 98, 99, 100, 101, 102, 103]
		},
		{
			"name": "group",
			"origin": [8, 1.69498, 4.38988],
			"color": 0,
			"children": [104, 105, 106, 107, 108, 109, 110, 111, 112, 113, 114, 115, 116, 117, 118, 119, 120, 121, 122, 123, 124]
		},
		{
			"name": "group",
			"origin": [8, 6.93889, 6.49417],
			"color": 0,
			"children": [125, 126]
		},
		127,
		{
			"name": "group",
			"origin": [0, 0, 6],
			"color": 0,
			"children": [128, 129]
		},
		{
			"name": "group",
			"origin": [8, 8, 8],
			"color": 0,
			"children": [130, 131, 132, 133, 134, 135]
		}
	]
}