{
	"credit": "Made with Blockbench",
	"textures": {
		"0": "slot_4:item/molotov/0",
		"particle": "slot_4:item/molotov/0"
	},
	"elements": [
		{
			"from": [3.5, 0, 3.5],
			"to": [13.5, 16, 13.5],
			"rotation": {"angle": 0, "axis": "y", "origin": [4, 3, 4]},
			"faces": {
				"north": {"uv": [11, 0, 12, 16], "texture": "#0"},
				"east": {"uv": [2.25, 0, 4.5, 4.25], "texture": "#0"},
				"south": {"uv": [0, 0, 12, 16], "texture": "#0"},
				"west": {"uv": [0, 0, 12, 16], "texture": "#0"},
				"up": {"uv": [6.75, 2.25, 4.5, 0], "texture": "#0"},
				"down": {"uv": [6.75, 2.25, 4.5, 4.5], "texture": "#0"}
			}
		},
		{
			"from": [4.5, 17, 4.5],
			"to": [12.5, 17.5, 12.5],
			"rotation": {"angle": 0, "axis": "y", "origin": [4, 3, 4]},
			"faces": {
				"north": {"uv": [0, 13, 3, 16], "texture": "#0"},
				"east": {"uv": [0, 13, 3, 16], "texture": "#0"},
				"south": {"uv": [0, 13, 3, 16], "texture": "#0"},
				"west": {"uv": [0, 13, 3, 16], "texture": "#0"},
				"up": {"uv": [0, 13, 3, 16], "texture": "#0"},
				"down": {"uv": [0, 13, 3, 16], "texture": "#0"}
			}
		},
		{
			"from": [3.9, 16.5, 3.9],
			"to": [13.1, 17, 13.1],
			"rotation": {"angle": 0, "axis": "y", "origin": [4, 3, 4]},
			"faces": {
				"north": {"uv": [0, 13, 3, 16], "texture": "#0"},
				"east": {"uv": [0, 13, 3, 16], "texture": "#0"},
				"south": {"uv": [0, 13, 3, 16], "texture": "#0"},
				"west": {"uv": [0, 13, 3, 16], "texture": "#0"},
				"up": {"uv": [0, 13, 3, 16], "texture": "#0"},
				"down": {"uv": [0, 13, 3, 16], "texture": "#0"}
			}
		},
		{
			"from": [3.5, 16, 3.5],
			"to": [13.5, 16.5, 13.5],
			"rotation": {"angle": 0, "axis": "y", "origin": [4, 3, 4]},
			"faces": {
				"north": {"uv": [0, 13, 3, 16], "texture": "#0"},
				"east": {"uv": [0, 13, 3, 16], "texture": "#0"},
				"south": {"uv": [0, 13, 3, 16], "texture": "#0"},
				"west": {"uv": [0, 13, 3, 16], "texture": "#0"},
				"up": {"uv": [0, 13, 3, 16], "texture": "#0"},
				"down": {"uv": [0, 13, 3, 16], "texture": "#0"}
			}
		},
		{
			"from": [5.3, 17.5, 5.3],
			"to": [11.7, 18, 11.7],
			"rotation": {"angle": 0, "axis": "y", "origin": [4, 3, 4]},
			"faces": {
				"north": {"uv": [0, 13, 3, 16], "texture": "#0"},
				"east": {"uv": [0, 13, 3, 16], "texture": "#0"},
				"south": {"uv": [0, 13, 3, 16], "texture": "#0"},
				"west": {"uv": [0, 13, 3, 16], "texture": "#0"},
				"up": {"uv": [0, 13, 3, 16], "texture": "#0"},
				"down": {"uv": [0, 13, 3, 16], "texture": "#0"}
			}
		},
		{
			"from": [5.8, 18, 5.8],
			"to": [11.2, 18.7, 11.2],
			"rotation": {"angle": 0, "axis": "y", "origin": [4, 3, 4]},
			"faces": {
				"north": {"uv": [0, 13, 3, 16], "texture": "#0"},
				"east": {"uv": [0, 13, 3, 16], "texture": "#0"},
				"south": {"uv": [0, 13, 3, 16], "texture": "#0"},
				"west": {"uv": [0, 13, 3, 16], "texture": "#0"},
				"up": {"uv": [0, 13, 3, 16], "texture": "#0"},
				"down": {"uv": [0, 13, 3, 16], "texture": "#0"}
			}
		},
		{
			"from": [6.2, 18.7, 6.2],
			"to": [10.8, 19.5, 10.8],
			"rotation": {"angle": 0, "axis": "y", "origin": [4, 3, 4]},
			"faces": {
				"north": {"uv": [0, 13, 3, 16], "texture": "#0"},
				"east": {"uv": [0, 13, 3, 16], "texture": "#0"},
				"south": {"uv": [0, 13, 3, 16], "texture": "#0"},
				"west": {"uv": [0, 13, 3, 16], "texture": "#0"},
				"up": {"uv": [0, 13, 3, 16], "texture": "#0"},
				"down": {"uv": [0, 13, 3, 16], "texture": "#0"}
			}
		},
		{
			"from": [6.5, 19.5, 6.5],
			"to": [10.5, 20.4, 10.5],
			"rotation": {"angle": 0, "axis": "y", "origin": [4, 3, 4]},
			"faces": {
				"north": {"uv": [0, 13, 3, 16], "texture": "#0"},
				"east": {"uv": [0, 13, 3, 16], "texture": "#0"},
				"south": {"uv": [0, 13, 3, 16], "texture": "#0"},
				"west": {"uv": [0, 13, 3, 16], "texture": "#0"},
				"up": {"uv": [0, 13, 3, 16], "texture": "#0"},
				"down": {"uv": [0, 13, 3, 16], "texture": "#0"}
			}
		},
		{
			"from": [6.8, 20.4, 6.8],
			"to": [10.2, 21.6, 10.2],
			"rotation": {"angle": 0, "axis": "y", "origin": [4, 3, 4]},
			"faces": {
				"north": {"uv": [0, 13, 3, 16], "texture": "#0"},
				"east": {"uv": [0, 13, 3, 16], "texture": "#0"},
				"south": {"uv": [0, 13, 3, 16], "texture": "#0"},
				"west": {"uv": [0, 13, 3, 16], "texture": "#0"},
				"up": {"uv": [0, 13, 3, 16], "texture": "#0"},
				"down": {"uv": [0, 13, 3, 16], "texture": "#0"}
			}
		},
		{
			"from": [7, 21.6, 7],
			"to": [10, 23.2, 10],
			"rotation": {"angle": 0, "axis": "y", "origin": [4, 3, 4]},
			"faces": {
				"north": {"uv": [0, 13, 3, 16], "texture": "#0"},
				"east": {"uv": [0, 13, 3, 16], "texture": "#0"},
				"south": {"uv": [0, 13, 3, 16], "texture": "#0"},
				"west": {"uv": [0, 13, 3, 16], "texture": "#0"},
				"up": {"uv": [0, 13, 3, 16], "texture": "#0"},
				"down": {"uv": [0, 13, 3, 16], "texture": "#0"}
			}
		},
		{
			"from": [7.2, 23.2, 7.2],
			"to": [9.8, 25.3, 9.8],
			"rotation": {"angle": 0, "axis": "y", "origin": [4, 3, 4]},
			"faces": {
				"north": {"uv": [0, 13, 3, 16], "texture": "#0"},
				"east": {"uv": [0, 13, 3, 16], "texture": "#0"},
				"south": {"uv": [0, 13, 3, 16], "texture": "#0"},
				"west": {"uv": [0, 13, 3, 16], "texture": "#0"},
				"up": {"uv": [0, 13, 3, 16], "texture": "#0"},
				"down": {"uv": [0, 13, 3, 16], "texture": "#0"}
			}
		},
		{
			"from": [7.6, 0.3, 7.6],
			"to": [9.4, 27.3, 9.4],
			"rotation": {"angle": 0, "axis": "y", "origin": [-0.2, 5.3, 0.2]},
			"faces": {
				"north": {"uv": [12, 12, 16, 16], "texture": "#0"},
				"east": {"uv": [12, 12, 16, 16], "texture": "#0"},
				"south": {"uv": [12, 12, 16, 16], "texture": "#0"},
				"west": {"uv": [12, 12, 16, 16], "texture": "#0"},
				"up": {"uv": [12, 12, 16, 16], "texture": "#0"},
				"down": {"uv": [12, 12, 16, 16], "texture": "#0"}
			}
		},
		{
			"from": [7.6, 25.63848, 9.81127],
			"to": [9.4, 28.63848, 11.61127],
			"rotation": {"angle": 45, "axis": "x", "origin": [8.5, 29.13848, 10.71127]},
			"faces": {
				"north": {"uv": [12, 12, 16, 16], "texture": "#0"},
				"east": {"uv": [12, 12, 16, 16], "texture": "#0"},
				"south": {"uv": [12, 12, 16, 16], "texture": "#0"},
				"west": {"uv": [12, 12, 16, 16], "texture": "#0"},
				"up": {"uv": [12, 12, 16, 16], "rotation": 270, "texture": "#0"},
				"down": {"uv": [12, 12, 16, 16], "rotation": 90, "texture": "#0"}
			}
		},
		{
			"from": [7.6, 26.79706, 10.51838],
			"to": [9.4, 30.49706, 12.31838],
			"rotation": {"angle": -45, "axis": "x", "origin": [8.5, 28.99706, 11.41838]},
			"faces": {
				"north": {"uv": [12, 12, 16, 16], "rotation": 180, "texture": "#0"},
				"east": {"uv": [12, 12, 16, 16], "rotation": 180, "texture": "#0"},
				"south": {"uv": [12, 12, 16, 16], "rotation": 180, "texture": "#0"},
				"west": {"uv": [12, 12, 16, 16], "rotation": 180, "texture": "#0"},
				"up": {"uv": [12, 12, 16, 16], "rotation": 90, "texture": "#0"},
				"down": {"uv": [12, 12, 16, 16], "rotation": 270, "texture": "#0"}
			}
		},
		{
			"from": [7.6, 22.61922, 11.30489],
			"to": [9.4, 27.61922, 13.10489],
			"rotation": {"angle": -22.5, "axis": "x", "origin": [8.5, 29.11922, 12.20489]},
			"faces": {
				"north": {"uv": [12, 12, 16, 16], "rotation": 180, "texture": "#0"},
				"east": {"uv": [12, 12, 16, 16], "rotation": 180, "texture": "#0"},
				"south": {"uv": [12, 12, 16, 16], "rotation": 180, "texture": "#0"},
				"west": {"uv": [12, 12, 16, 16], "rotation": 180, "texture": "#0"},
				"up": {"uv": [12, 12, 16, 16], "rotation": 90, "texture": "#0"},
				"down": {"uv": [12, 12, 16, 16], "rotation": 270, "texture": "#0"}
			}
		},
		{
			"from": [7.6, 14.45842, 13.72382],
			"to": [9.4, 23.45842, 15.52382],
			"rotation": {"angle": 0, "axis": "x", "origin": [8.5, 26.95842, 14.62382]},
			"faces": {
				"north": {"uv": [12, 12, 16, 16], "rotation": 180, "texture": "#0"},
				"east": {"uv": [12, 12, 16, 16], "rotation": 180, "texture": "#0"},
				"south": {"uv": [12, 12, 16, 16], "rotation": 180, "texture": "#0"},
				"west": {"uv": [12, 12, 16, 16], "rotation": 180, "texture": "#0"},
				"up": {"uv": [12, 12, 16, 16], "rotation": 90, "texture": "#0"},
				"down": {"uv": [12, 12, 16, 16], "rotation": 270, "texture": "#0"}
			}
		},
		{
			"from": [7.5, 13, 14],
			"to": [9.5, 15, 16],
			"rotation": {"angle": -22.5, "axis": "x", "origin": [8.5, 14, 14.6]},
			"faces": {
				"north": {"uv": [14, 2, 16, 4], "rotation": 270, "texture": "#0"},
				"east": {"uv": [12, 1, 14, 3], "rotation": 180, "texture": "#0"},
				"south": {"uv": [12, 0, 14, 2], "rotation": 180, "texture": "#0"},
				"west": {"uv": [13, 0, 15, 2], "rotation": 270, "texture": "#0"},
				"up": {"uv": [14, 0, 16, 2], "texture": "#0"},
				"down": {"uv": [13, 1, 15, 3], "texture": "#0"}
			}
		}
	],
	"display": {
		"thirdperson_righthand": {
			"rotation": [0, 45, 0],
			"scale": [0.3, 0.3, 0.3]
		},
		"thirdperson_lefthand": {
			"rotation": [23, -90, -27.5],
			"translation": [0.2, 1, 0],
			"scale": [0.3, 0.3, 0.3]
		},
		"firstperson_righthand": {
			"rotation": [0, 40, 0],
			"translation": [0, 0, -1.5],
			"scale": [0.35, 0.35, 0.35]
		},
		"firstperson_lefthand": {
			"scale": [0, 0, 0]
		},
		"ground": {
			"rotation": [39, 0, 90],
			"scale": [0, 0, 0]
		},
		"gui": {
			"rotation": [0, 90, 0],
			"translation": [-0.5, -1.5, 0],
			"scale": [0.7, 0.7, 0.7]
		},
		"head": {
			"rotation": [90, 39, 0],
			"translation": [0, -42.5, -1.5],
			"scale": [0.5, 0.5, 0.5]
		},
		"fixed": {
			"rotation": [0, -90, 0],
			"translation": [0, -2.5, -3],
			"scale": [0.7, 0.7, 0.7]
		}
	}
}