{
	"credit": "Made with Blockbench",
	"textures": {
		"0": "slot_1:item/mp5/0",
		"particle": "slot_1:item/mp5/0"
	},
	"elements": [
		{
			"from": [7.4, 4.69348, 7.12186],
			"to": [8.6, 8.79348, 9.12186],
			"rotation": {"angle": 0, "axis": "x", "origin": [8, 6.44348, 7.02186]},
			"faces": {
				"north": {"uv": [4, 4, 5, 8], "texture": "#0"},
				"east": {"uv": [4, 4, 8, 8], "rotation": 180, "texture": "#0"},
				"south": {"uv": [7, 4, 8, 8], "texture": "#0"},
				"west": {"uv": [4, 4, 8, 8], "texture": "#0"},
				"up": {"uv": [4, 8, 8, 12], "rotation": 90, "texture": "#0"},
				"down": {"uv": [4, 4, 8, 8], "texture": "#0"}
			}
		},
		{
			"from": [7.41, 0.67501, 7.09829],
			"to": [8.59, 5.27501, 9.09829],
			"rotation": {"angle": 22.5, "axis": "x", "origin": [8, 4.92501, 7.64829]},
			"faces": {
				"north": {"uv": [4, 4, 5, 8], "texture": "#0"},
				"east": {"uv": [4, 4, 8, 8], "rotation": 180, "texture": "#0"},
				"south": {"uv": [7, 4, 8, 8], "texture": "#0"},
				"west": {"uv": [4, 4, 8, 8], "texture": "#0"},
				"up": {"uv": [4, 4, 8, 8], "texture": "#0"},
				"down": {"uv": [4, 4, 8, 8], "rotation": 270, "texture": "#0"}
			}
		},
		{
			"from": [7.3, 10.9, 3.7],
			"to": [8.7, 12, 16.8],
			"rotation": {"angle": 0, "axis": "y", "origin": [0, 5, 4]},
			"faces": {
				"north": {"uv": [8, 4, 12, 8], "texture": "#0"},
				"east": {"uv": [8, 4, 12, 8], "texture": "#0"},
				"south": {"uv": [8, 4, 12, 8], "texture": "#0"},
				"west": {"uv": [8, 4, 12, 8], "texture": "#0"},
				"up": {"uv": [8, 4, 12, 8], "texture": "#0"},
				"down": {"uv": [8, 4, 12, 8], "texture": "#0"}
			}
		},
		{
			"from": [7.3, 10.9, -3],
			"to": [8.7, 12, 0],
			"rotation": {"angle": 0, "axis": "y", "origin": [0, 5, 4]},
			"faces": {
				"north": {"uv": [8, 4, 12, 8], "texture": "#0"},
				"east": {"uv": [8, 4, 12, 8], "texture": "#0"},
				"south": {"uv": [8, 4, 12, 8], "texture": "#0"},
				"west": {"uv": [8, 4, 12, 8], "texture": "#0"},
				"up": {"uv": [8, 4, 12, 8], "texture": "#0"},
				"down": {"uv": [8, 4, 12, 8], "texture": "#0"}
			}
		},
		{
			"from": [7.4, 10.9, 0],
			"to": [8.7, 12, 3.7],
			"rotation": {"angle": 0, "axis": "y", "origin": [0, 5, 4]},
			"faces": {
				"north": {"uv": [8, 4, 12, 8], "texture": "#0"},
				"east": {"uv": [8, 4, 12, 8], "texture": "#0"},
				"south": {"uv": [8, 4, 12, 8], "texture": "#0"},
				"west": {"uv": [8, 4, 12, 8], "texture": "#0"},
				"up": {"uv": [8, 4, 12, 8], "texture": "#0"},
				"down": {"uv": [8, 4, 12, 8], "texture": "#0"}
			}
		},
		{
			"from": [7.3, 11.8, 0],
			"to": [7.4, 12, 3.7],
			"rotation": {"angle": 0, "axis": "y", "origin": [0, 5, 4]},
			"faces": {
				"north": {"uv": [8, 4, 12, 8], "texture": "#0"},
				"east": {"uv": [8, 4, 12, 8], "texture": "#0"},
				"south": {"uv": [8, 4, 12, 8], "texture": "#0"},
				"west": {"uv": [8, 4, 12, 8], "texture": "#0"},
				"up": {"uv": [8, 4, 12, 8], "texture": "#0"},
				"down": {"uv": [8, 4, 12, 8], "texture": "#0"}
			}
		},
		{
			"from": [7.35, 11.4, 0],
			"to": [7.4, 11.8, 3.7],
			"rotation": {"angle": 0, "axis": "y", "origin": [0, 5, 4]},
			"faces": {
				"north": {"uv": [12, 4, 16, 8], "texture": "#0"},
				"east": {"uv": [12, 4, 16, 8], "texture": "#0"},
				"south": {"uv": [12, 4, 16, 8], "texture": "#0"},
				"west": {"uv": [12, 4, 16, 8], "texture": "#0"},
				"up": {"uv": [12, 4, 16, 8], "texture": "#0"},
				"down": {"uv": [12, 4, 16, 8], "texture": "#0"}
			}
		},
		{
			"from": [7.3, 11.2, 0],
			"to": [7.4, 11.4, 3.7],
			"rotation": {"angle": 0, "axis": "y", "origin": [0, 5, 4]},
			"faces": {
				"north": {"uv": [8, 4, 12, 8], "texture": "#0"},
				"east": {"uv": [8, 4, 12, 8], "texture": "#0"},
				"south": {"uv": [8, 4, 12, 8], "texture": "#0"},
				"west": {"uv": [8, 4, 12, 8], "texture": "#0"},
				"up": {"uv": [8, 4, 12, 8], "texture": "#0"},
				"down": {"uv": [8, 4, 12, 8], "texture": "#0"}
			}
		},
		{
			"from": [7.3, 12, 14.4],
			"to": [7.5, 12.8, 16],
			"rotation": {"angle": 0, "axis": "y", "origin": [0, 5, 4]},
			"faces": {
				"north": {"uv": [8, 0, 12, 4], "texture": "#0"},
				"east": {"uv": [8, 0, 12, 4], "texture": "#0"},
				"south": {"uv": [8, 0, 12, 4], "texture": "#0"},
				"west": {"uv": [8, 0, 12, 4], "texture": "#0"},
				"up": {"uv": [8, 0, 12, 4], "texture": "#0"},
				"down": {"uv": [8, 0, 12, 4], "texture": "#0"}
			}
		},
		{
			"from": [7.5, 12, 14.4],
			"to": [8.5, 12.2, 16],
			"rotation": {"angle": 0, "axis": "y", "origin": [0, 5, 4]},
			"faces": {
				"north": {"uv": [8, 0, 12, 4], "texture": "#0"},
				"east": {"uv": [8, 0, 12, 4], "texture": "#0"},
				"south": {"uv": [8, 0, 12, 4], "texture": "#0"},
				"west": {"uv": [8, 0, 12, 4], "texture": "#0"},
				"up": {"uv": [8, 0, 12, 4], "texture": "#0"},
				"down": {"uv": [8, 0, 12, 4], "texture": "#0"}
			}
		},
		{
			"from": [7.9, 12.2, 15.4],
			"to": [8.1, 12.5, 15.7],
			"rotation": {"angle": 0, "axis": "y", "origin": [0, 5, 4]},
			"faces": {
				"north": {"uv": [12, 4, 16, 8], "texture": "#0"},
				"east": {"uv": [12, 4, 16, 8], "texture": "#0"},
				"south": {"uv": [12, 4, 16, 8], "texture": "#0"},
				"west": {"uv": [12, 4, 16, 8], "texture": "#0"},
				"up": {"uv": [12, 4, 16, 8], "texture": "#0"},
				"down": {"uv": [12, 4, 16, 8], "texture": "#0"}
			}
		},
		{
			"from": [7.9, 12.2, -3.4],
			"to": [8.1, 12.5, -3.1],
			"rotation": {"angle": 0, "axis": "y", "origin": [0, 5, 4]},
			"faces": {
				"north": {"uv": [12, 4, 16, 8], "texture": "#0"},
				"east": {"uv": [12, 4, 16, 8], "texture": "#0"},
				"south": {"uv": [12, 4, 16, 8], "texture": "#0"},
				"west": {"uv": [12, 4, 16, 8], "texture": "#0"},
				"up": {"uv": [12, 4, 16, 8], "texture": "#0"},
				"down": {"uv": [12, 4, 16, 8], "texture": "#0"}
			}
		},
		{
			"from": [8.5, 12, 14.4],
			"to": [8.7, 12.8, 16],
			"rotation": {"angle": 0, "axis": "y", "origin": [0, 5, 4]},
			"faces": {
				"north": {"uv": [8, 0, 12, 4], "texture": "#0"},
				"east": {"uv": [8, 0, 12, 4], "texture": "#0"},
				"south": {"uv": [8, 0, 12, 4], "texture": "#0"},
				"west": {"uv": [8, 0, 12, 4], "texture": "#0"},
				"up": {"uv": [8, 0, 12, 4], "texture": "#0"},
				"down": {"uv": [8, 0, 12, 4], "texture": "#0"}
			}
		},
		{
			"from": [7.7, 12.1, -3.5],
			"to": [8.3, 12.2, -2.9],
			"rotation": {"angle": 0, "axis": "y", "origin": [0, 5, 4]},
			"faces": {
				"north": {"uv": [12, 12, 16, 16], "texture": "#0"},
				"east": {"uv": [12, 12, 16, 16], "texture": "#0"},
				"south": {"uv": [12, 12, 16, 16], "texture": "#0"},
				"west": {"uv": [12, 12, 16, 16], "texture": "#0"},
				"up": {"uv": [12, 12, 16, 16], "texture": "#0"},
				"down": {"uv": [12, 12, 16, 16], "texture": "#0"}
			}
		},
		{
			"from": [7.7, 12.8, -3.5],
			"to": [8.3, 12.9, -2.9],
			"rotation": {"angle": 0, "axis": "y", "origin": [0, 5, 4]},
			"faces": {
				"north": {"uv": [12, 12, 16, 16], "texture": "#0"},
				"east": {"uv": [12, 12, 16, 16], "texture": "#0"},
				"south": {"uv": [12, 12, 16, 16], "texture": "#0"},
				"west": {"uv": [12, 12, 16, 16], "texture": "#0"},
				"up": {"uv": [12, 12, 16, 16], "texture": "#0"},
				"down": {"uv": [12, 12, 16, 16], "texture": "#0"}
			}
		},
		{
			"from": [8.3, 12.2, -3.5],
			"to": [8.4, 12.8, -2.9],
			"rotation": {"angle": 0, "axis": "z", "origin": [8.35, 12.4, -2.8]},
			"faces": {
				"north": {"uv": [12, 12, 16, 16], "rotation": 90, "texture": "#0"},
				"east": {"uv": [12, 12, 16, 16], "rotation": 90, "texture": "#0"},
				"south": {"uv": [12, 12, 16, 16], "rotation": 90, "texture": "#0"},
				"west": {"uv": [12, 12, 16, 16], "rotation": 90, "texture": "#0"},
				"up": {"uv": [12, 12, 16, 16], "rotation": 90, "texture": "#0"},
				"down": {"uv": [12, 12, 16, 16], "rotation": 90, "texture": "#0"}
			}
		},
		{
			"from": [7.6, 12.2, -3.5],
			"to": [7.7, 12.8, -2.9],
			"rotation": {"angle": 0, "axis": "z", "origin": [8.35, 12.4, -2.8]},
			"faces": {
				"north": {"uv": [12, 12, 16, 16], "rotation": 90, "texture": "#0"},
				"east": {"uv": [12, 12, 16, 16], "rotation": 90, "texture": "#0"},
				"south": {"uv": [12, 12, 16, 16], "rotation": 90, "texture": "#0"},
				"west": {"uv": [12, 12, 16, 16], "rotation": 90, "texture": "#0"},
				"up": {"uv": [12, 12, 16, 16], "rotation": 90, "texture": "#0"},
				"down": {"uv": [12, 12, 16, 16], "rotation": 90, "texture": "#0"}
			}
		},
		{
			"from": [7.15, 9.7, -2.4],
			"to": [8.85, 11.1, 16.8],
			"rotation": {"angle": 0, "axis": "y", "origin": [0, 5, 4]},
			"faces": {
				"north": {"uv": [12, 12, 16, 16], "texture": "#0"},
				"east": {"uv": [12, 12, 16, 16], "texture": "#0"},
				"south": {"uv": [12, 12, 16, 16], "texture": "#0"},
				"west": {"uv": [12, 12, 16, 16], "texture": "#0"},
				"up": {"uv": [12, 12, 16, 16], "texture": "#0"},
				"down": {"uv": [12, 12, 16, 16], "texture": "#0"}
			}
		},
		{
			"from": [7.05, 9.9, 7.5],
			"to": [8.95, 10.5, 15.9],
			"rotation": {"angle": 0, "axis": "y", "origin": [0, 5, 4]},
			"faces": {
				"north": {"uv": [12, 0, 16, 4], "texture": "#0"},
				"east": {"uv": [12, 0, 16, 4], "texture": "#0"},
				"south": {"uv": [12, 0, 16, 4], "texture": "#0"},
				"west": {"uv": [12, 0, 16, 4], "texture": "#0"},
				"up": {"uv": [12, 0, 16, 4], "texture": "#0"},
				"down": {"uv": [12, 0, 16, 4], "texture": "#0"}
			}
		},
		{
			"from": [7.15, 11.4, 5.1],
			"to": [8.85, 11.5, 14.2],
			"rotation": {"angle": 0, "axis": "y", "origin": [0, 5, 4]},
			"faces": {
				"north": {"uv": [8, 12, 12, 16], "texture": "#0"},
				"east": {"uv": [8, 12, 12, 16], "texture": "#0"},
				"south": {"uv": [8, 12, 12, 16], "texture": "#0"},
				"west": {"uv": [8, 12, 12, 16], "texture": "#0"},
				"up": {"uv": [8, 12, 12, 16], "texture": "#0"},
				"down": {"uv": [8, 12, 12, 16], "texture": "#0"}
			}
		},
		{
			"from": [7.15, 11.6, 5.1],
			"to": [8.85, 11.7, 14.2],
			"rotation": {"angle": 0, "axis": "y", "origin": [0, 5, 4]},
			"faces": {
				"north": {"uv": [8, 12, 12, 16], "texture": "#0"},
				"east": {"uv": [8, 12, 12, 16], "texture": "#0"},
				"south": {"uv": [8, 12, 12, 16], "texture": "#0"},
				"west": {"uv": [8, 12, 12, 16], "texture": "#0"},
				"up": {"uv": [8, 12, 12, 16], "texture": "#0"},
				"down": {"uv": [8, 12, 12, 16], "texture": "#0"}
			}
		},
		{
			"from": [7.3, 10.47404, 19.77222],
			"to": [8.7, 12.07404, 20.57222],
			"rotation": {"angle": -22.5, "axis": "x", "origin": [7.9, 6.07404, 19.57222]},
			"faces": {
				"north": {"uv": [12, 8, 16, 12], "rotation": 90, "texture": "#0"},
				"east": {"uv": [12, 8, 16, 12], "rotation": 90, "texture": "#0"},
				"south": {"uv": [12, 8, 16, 12], "rotation": 90, "texture": "#0"},
				"west": {"uv": [12, 8, 16, 12], "rotation": 90, "texture": "#0"},
				"up": {"uv": [12, 8, 16, 12], "rotation": 90, "texture": "#0"},
				"down": {"uv": [12, 8, 16, 12], "rotation": 90, "texture": "#0"}
			}
		},
		{
			"from": [7.1, 10.5, 16.8],
			"to": [8.9, 11.1, 18.2],
			"rotation": {"angle": 0, "axis": "y", "origin": [0, 5, 4]},
			"faces": {
				"north": {"uv": [12, 12, 16, 16], "texture": "#0"},
				"east": {"uv": [12, 12, 16, 16], "texture": "#0"},
				"south": {"uv": [12, 12, 16, 16], "texture": "#0"},
				"west": {"uv": [12, 12, 16, 16], "texture": "#0"},
				"up": {"uv": [12, 12, 16, 16], "texture": "#0"},
				"down": {"uv": [12, 12, 16, 16], "texture": "#0"}
			}
		},
		{
			"from": [7.1, 9.72179, 16.81229],
			"to": [8.9, 10.52179, 18.81229],
			"rotation": {"angle": 0, "axis": "y", "origin": [0.2, 5.12179, 3.91229]},
			"faces": {
				"north": {"uv": [12, 8, 16, 12], "texture": "#0"},
				"east": {"uv": [12, 8, 16, 12], "texture": "#0"},
				"south": {"uv": [12, 8, 16, 12], "texture": "#0"},
				"west": {"uv": [12, 8, 16, 12], "texture": "#0"},
				"up": {"uv": [12, 8, 16, 12], "texture": "#0"},
				"down": {"uv": [12, 8, 16, 12], "texture": "#0"}
			}
		},
		{
			"from": [7, 9.5, -2.9],
			"to": [9, 11.2, 6.3],
			"rotation": {"angle": 0, "axis": "y", "origin": [0, 5, 4]},
			"faces": {
				"north": {"uv": [12, 0, 16, 4], "texture": "#0"},
				"east": {"uv": [12, 0, 16, 4], "texture": "#0"},
				"south": {"uv": [12, 0, 16, 4], "texture": "#0"},
				"west": {"uv": [12, 0, 16, 4], "texture": "#0"},
				"up": {"uv": [12, 0, 16, 4], "texture": "#0"},
				"down": {"uv": [12, 0, 16, 4], "texture": "#0"}
			}
		},
		{
			"from": [7, 8.7, 5.3],
			"to": [9, 9.5, 6.3],
			"rotation": {"angle": 0, "axis": "x", "origin": [8, 10.35, 1.7]},
			"faces": {
				"north": {"uv": [12, 0, 16, 4], "texture": "#0"},
				"east": {"uv": [12, 0, 16, 4], "texture": "#0"},
				"south": {"uv": [12, 0, 16, 4], "texture": "#0"},
				"west": {"uv": [12, 0, 16, 4], "texture": "#0"},
				"up": {"uv": [12, 0, 16, 4], "texture": "#0"},
				"down": {"uv": [12, 0, 16, 4], "texture": "#0"}
			}
		},
		{
			"from": [7, 9, 2.3],
			"to": [9, 9.5, 3.3],
			"rotation": {"angle": 0, "axis": "x", "origin": [8, 10.35, 1.7]},
			"faces": {
				"north": {"uv": [12, 0, 16, 4], "texture": "#0"},
				"east": {"uv": [12, 0, 16, 4], "texture": "#0"},
				"south": {"uv": [12, 0, 16, 4], "texture": "#0"},
				"west": {"uv": [12, 0, 16, 4], "texture": "#0"},
				"up": {"uv": [12, 0, 16, 4], "texture": "#0"},
				"down": {"uv": [12, 0, 16, 4], "texture": "#0"}
			}
		},
		{
			"from": [7, 9.1, 1.3],
			"to": [9, 9.5, 2.3],
			"rotation": {"angle": 0, "axis": "x", "origin": [8, 10.35, 1.7]},
			"faces": {
				"north": {"uv": [12, 0, 16, 4], "texture": "#0"},
				"east": {"uv": [12, 0, 16, 4], "texture": "#0"},
				"south": {"uv": [12, 0, 16, 4], "texture": "#0"},
				"west": {"uv": [12, 0, 16, 4], "texture": "#0"},
				"up": {"uv": [12, 0, 16, 4], "texture": "#0"},
				"down": {"uv": [12, 0, 16, 4], "texture": "#0"}
			}
		},
		{
			"from": [7, 9.3, -0.7],
			"to": [9, 9.5, 0.3],
			"rotation": {"angle": 0, "axis": "x", "origin": [8, 10.35, 1.7]},
			"faces": {
				"north": {"uv": [12, 0, 16, 4], "texture": "#0"},
				"east": {"uv": [12, 0, 16, 4], "texture": "#0"},
				"south": {"uv": [12, 0, 16, 4], "texture": "#0"},
				"west": {"uv": [12, 0, 16, 4], "texture": "#0"},
				"up": {"uv": [12, 0, 16, 4], "texture": "#0"},
				"down": {"uv": [12, 0, 16, 4], "texture": "#0"}
			}
		},
		{
			"from": [7, 8.8, 4.3],
			"to": [9, 9.5, 5.3],
			"rotation": {"angle": 0, "axis": "x", "origin": [8, 10.35, 1.7]},
			"faces": {
				"north": {"uv": [12, 0, 16, 4], "texture": "#0"},
				"east": {"uv": [12, 0, 16, 4], "texture": "#0"},
				"south": {"uv": [12, 0, 16, 4], "texture": "#0"},
				"west": {"uv": [12, 0, 16, 4], "texture": "#0"},
				"up": {"uv": [12, 0, 16, 4], "texture": "#0"},
				"down": {"uv": [12, 0, 16, 4], "texture": "#0"}
			}
		},
		{
			"from": [7, 8.9, 3.3],
			"to": [9, 9.5, 4.3],
			"rotation": {"angle": 0, "axis": "x", "origin": [8, 10.35, 1.7]},
			"faces": {
				"north": {"uv": [12, 0, 16, 4], "texture": "#0"},
				"east": {"uv": [12, 0, 16, 4], "texture": "#0"},
				"south": {"uv": [12, 0, 16, 4], "texture": "#0"},
				"west": {"uv": [12, 0, 16, 4], "texture": "#0"},
				"up": {"uv": [12, 0, 16, 4], "texture": "#0"},
				"down": {"uv": [12, 0, 16, 4], "texture": "#0"}
			}
		},
		{
			"from": [7, 9.2, 0.3],
			"to": [9, 9.5, 1.3],
			"rotation": {"angle": 0, "axis": "x", "origin": [8, 10.35, 1.7]},
			"faces": {
				"north": {"uv": [12, 0, 16, 4], "texture": "#0"},
				"east": {"uv": [12, 0, 16, 4], "texture": "#0"},
				"south": {"uv": [12, 0, 16, 4], "texture": "#0"},
				"west": {"uv": [12, 0, 16, 4], "texture": "#0"},
				"up": {"uv": [12, 0, 16, 4], "texture": "#0"},
				"down": {"uv": [12, 0, 16, 4], "texture": "#0"}
			}
		},
		{
			"from": [7, 9.4, -1.7],
			"to": [9, 9.5, -0.7],
			"rotation": {"angle": 0, "axis": "x", "origin": [8, 10.35, 1.7]},
			"faces": {
				"north": {"uv": [12, 0, 16, 4], "texture": "#0"},
				"east": {"uv": [12, 0, 16, 4], "texture": "#0"},
				"south": {"uv": [12, 0, 16, 4], "texture": "#0"},
				"west": {"uv": [12, 0, 16, 4], "texture": "#0"},
				"up": {"uv": [12, 0, 16, 4], "texture": "#0"},
				"down": {"uv": [12, 0, 16, 4], "texture": "#0"}
			}
		},
		{
			"from": [7.2, 7.9, 9],
			"to": [8.8, 9.2, 16.8],
			"rotation": {"angle": 0, "axis": "y", "origin": [8, 8.55, 12.9]},
			"faces": {
				"north": {"uv": [12, 8, 16, 12], "texture": "#0"},
				"east": {"uv": [12, 8, 16, 12], "texture": "#0"},
				"south": {"uv": [12, 8, 16, 12], "texture": "#0"},
				"west": {"uv": [12, 8, 16, 12], "texture": "#0"},
				"up": {"uv": [12, 8, 16, 12], "texture": "#0"},
				"down": {"uv": [12, 8, 16, 12], "texture": "#0"}
			}
		},
		{
			"from": [7.2, 7.98017, 6.87508],
			"to": [8.8, 9.25017, 9.07508],
			"rotation": {"angle": 0, "axis": "y", "origin": [0, 4.98017, 3.97508]},
			"faces": {
				"north": {"uv": [12, 8, 16, 12], "texture": "#0"},
				"east": {"uv": [12, 8, 16, 12], "texture": "#0"},
				"south": {"uv": [12, 8, 16, 12], "texture": "#0"},
				"west": {"uv": [12, 8, 16, 12], "texture": "#0"},
				"up": {"uv": [12, 8, 16, 12], "texture": "#0"},
				"down": {"uv": [12, 8, 16, 12], "texture": "#0"}
			}
		},
		{
			"from": [7.2, 7.56673, 7.15088],
			"to": [8.8, 8.66673, 9.75088],
			"rotation": {"angle": 22.5, "axis": "x", "origin": [8, 8.41673, 8.10088]},
			"faces": {
				"north": {"uv": [12, 8, 16, 12], "texture": "#0"},
				"east": {"uv": [12, 8, 16, 12], "texture": "#0"},
				"south": {"uv": [12, 8, 16, 12], "texture": "#0"},
				"west": {"uv": [12, 8, 16, 12], "texture": "#0"},
				"up": {"uv": [12, 8, 16, 12], "texture": "#0"},
				"down": {"uv": [12, 8, 16, 12], "texture": "#0"}
			}
		},
		{
			"from": [7.3, 2.72708, 12.5006],
			"to": [8.7, 7.02708, 14.7006],
			"rotation": {"angle": -22.5, "axis": "x", "origin": [8, 9.12708, 12.0506]},
			"faces": {
				"north": {"uv": [12, 0, 16, 4], "rotation": 90, "texture": "#0"},
				"east": {"uv": [12, 0, 16, 4], "rotation": 90, "texture": "#0"},
				"south": {"uv": [12, 0, 16, 4], "rotation": 90, "texture": "#0"},
				"west": {"uv": [12, 0, 16, 4], "rotation": 90, "texture": "#0"},
				"up": {"uv": [12, 0, 16, 4], "rotation": 90, "texture": "#0"},
				"down": {"uv": [12, 0, 16, 4], "rotation": 90, "texture": "#0"}
			}
		},
		{
			"from": [7.2, 7, 9.3],
			"to": [8.8, 7.9, 15.8],
			"rotation": {"angle": 0, "axis": "y", "origin": [0, 5, 4]},
			"faces": {
				"north": {"uv": [12, 8, 16, 12], "texture": "#0"},
				"east": {"uv": [12, 8, 16, 12], "texture": "#0"},
				"south": {"uv": [12, 8, 16, 12], "texture": "#0"},
				"west": {"uv": [12, 8, 16, 12], "texture": "#0"},
				"up": {"uv": [12, 8, 16, 12], "texture": "#0"},
				"down": {"uv": [12, 8, 16, 12], "texture": "#0"}
			}
		},
		{
			"from": [7, 7.7, 12.4],
			"to": [7.2, 8.3, 13],
			"rotation": {"angle": 45, "axis": "x", "origin": [7.1, 7.55, 12.75]},
			"faces": {
				"north": {"uv": [12, 4, 16, 8], "texture": "#0"},
				"east": {"uv": [12, 4, 16, 8], "texture": "#0"},
				"south": {"uv": [12, 4, 16, 8], "texture": "#0"},
				"west": {"uv": [12, 4, 16, 8], "texture": "#0"},
				"up": {"uv": [12, 4, 16, 8], "texture": "#0"},
				"down": {"uv": [12, 4, 16, 8], "texture": "#0"}
			}
		},
		{
			"from": [7, 7.22322, 13.05104],
			"to": [7.2, 7.52322, 13.65104],
			"rotation": {"angle": 45, "axis": "x", "origin": [7.1, 7.37322, 13.35104]},
			"faces": {
				"north": {"uv": [12, 4, 16, 8], "texture": "#0"},
				"east": {"uv": [12, 4, 16, 8], "texture": "#0"},
				"south": {"uv": [12, 4, 16, 8], "texture": "#0"},
				"west": {"uv": [12, 4, 16, 8], "texture": "#0"},
				"up": {"uv": [12, 4, 16, 8], "texture": "#0"},
				"down": {"uv": [12, 4, 16, 8], "texture": "#0"}
			}
		},
		{
			"from": [7.2, 6.95828, 15.46579],
			"to": [8.8, 7.65828, 15.86579],
			"rotation": {"angle": 22.5, "axis": "x", "origin": [8, 7.10828, 15.66579]},
			"faces": {
				"north": {"uv": [12, 8, 16, 12], "rotation": 90, "texture": "#0"},
				"east": {"uv": [12, 8, 16, 12], "rotation": 90, "texture": "#0"},
				"south": {"uv": [12, 8, 16, 12], "rotation": 90, "texture": "#0"},
				"west": {"uv": [12, 8, 16, 12], "rotation": 90, "texture": "#0"},
				"up": {"uv": [12, 8, 16, 12], "rotation": 90, "texture": "#0"},
				"down": {"uv": [12, 8, 16, 12], "rotation": 90, "texture": "#0"}
			}
		},
		{
			"from": [7.2, 7.4233, 15.61986],
			"to": [8.8, 7.9233, 16.21986],
			"rotation": {"angle": 45, "axis": "x", "origin": [8, 7.6733, 16.01986]},
			"faces": {
				"north": {"uv": [12, 8, 16, 12], "rotation": 90, "texture": "#0"},
				"east": {"uv": [12, 8, 16, 12], "rotation": 90, "texture": "#0"},
				"south": {"uv": [12, 8, 16, 12], "rotation": 90, "texture": "#0"},
				"west": {"uv": [12, 8, 16, 12], "rotation": 90, "texture": "#0"},
				"up": {"uv": [12, 8, 16, 12], "rotation": 90, "texture": "#0"},
				"down": {"uv": [12, 8, 16, 12], "rotation": 90, "texture": "#0"}
			}
		},
		{
			"from": [7.2, 7.82737, 15.93488],
			"to": [8.8, 8.22737, 16.73488],
			"rotation": {"angle": -22.5, "axis": "x", "origin": [8, 8.02737, 16.58488]},
			"faces": {
				"north": {"uv": [12, 8, 16, 12], "rotation": 180, "texture": "#0"},
				"east": {"uv": [12, 8, 16, 12], "rotation": 180, "texture": "#0"},
				"south": {"uv": [12, 8, 16, 12], "rotation": 180, "texture": "#0"},
				"west": {"uv": [12, 8, 16, 12], "rotation": 180, "texture": "#0"},
				"up": {"uv": [12, 8, 16, 12], "rotation": 180, "texture": "#0"},
				"down": {"uv": [12, 8, 16, 12], "rotation": 180, "texture": "#0"}
			}
		},
		{
			"from": [7.2, 9.78017, 7.37508],
			"to": [8.8, 10.65017, 7.87508],
			"rotation": {"angle": -45, "axis": "x", "origin": [8, 8.81517, 7.97508]},
			"faces": {
				"north": {"uv": [12, 12, 16, 16], "texture": "#0"},
				"east": {"uv": [12, 12, 16, 16], "texture": "#0"},
				"south": {"uv": [12, 12, 16, 16], "texture": "#0"},
				"west": {"uv": [12, 12, 16, 16], "texture": "#0"},
				"up": {"uv": [12, 12, 16, 16], "texture": "#0"},
				"down": {"uv": [12, 12, 16, 16], "texture": "#0"}
			}
		},
		{
			"from": [7.2, 3.06278, 14.70468],
			"to": [8.8, 3.76278, 15.40468],
			"rotation": {"angle": 0, "axis": "x", "origin": [8, 5.56278, 15.60468]},
			"faces": {
				"north": {"uv": [12, 4, 16, 8], "rotation": 90, "texture": "#0"},
				"east": {"uv": [12, 4, 16, 8], "rotation": 90, "texture": "#0"},
				"south": {"uv": [12, 4, 16, 8], "rotation": 90, "texture": "#0"},
				"west": {"uv": [12, 4, 16, 8], "rotation": 90, "texture": "#0"},
				"up": {"uv": [12, 4, 16, 8], "rotation": 90, "texture": "#0"},
				"down": {"uv": [12, 4, 16, 8], "rotation": 90, "texture": "#0"}
			}
		},
		{
			"from": [7.2, 2.38818, 12.91323],
			"to": [8.8, 3.08818, 14.91323],
			"rotation": {"angle": -22.5, "axis": "x", "origin": [8, 8.98818, 12.46323]},
			"faces": {
				"north": {"uv": [12, 4, 16, 8], "rotation": 90, "texture": "#0"},
				"east": {"uv": [12, 4, 16, 8], "rotation": 90, "texture": "#0"},
				"south": {"uv": [12, 4, 16, 8], "rotation": 90, "texture": "#0"},
				"west": {"uv": [12, 4, 16, 8], "rotation": 90, "texture": "#0"},
				"up": {"uv": [12, 4, 16, 8], "rotation": 90, "texture": "#0"},
				"down": {"uv": [12, 4, 16, 8], "rotation": 90, "texture": "#0"}
			}
		},
		{
			"from": [7.2, 3.72355, 16.79282],
			"to": [8.8, 3.92355, 17.29282],
			"rotation": {"angle": -45, "axis": "x", "origin": [8, 3.57355, 16.29282]},
			"faces": {
				"north": {"uv": [12, 4, 16, 8], "rotation": 90, "texture": "#0"},
				"east": {"uv": [12, 4, 16, 8], "rotation": 90, "texture": "#0"},
				"south": {"uv": [12, 4, 16, 8], "rotation": 90, "texture": "#0"},
				"west": {"uv": [12, 4, 16, 8], "rotation": 90, "texture": "#0"},
				"up": {"uv": [12, 4, 16, 8], "rotation": 90, "texture": "#0"},
				"down": {"uv": [12, 4, 16, 8], "rotation": 90, "texture": "#0"}
			}
		},
		{
			"from": [7.2, 3.82815, 16.75244],
			"to": [8.8, 4.52815, 17.25244],
			"rotation": {"angle": 0, "axis": "x", "origin": [8, 6.32815, 16.45244]},
			"faces": {
				"north": {"uv": [12, 4, 16, 8], "rotation": 90, "texture": "#0"},
				"east": {"uv": [12, 4, 16, 8], "rotation": 90, "texture": "#0"},
				"south": {"uv": [12, 4, 16, 8], "rotation": 90, "texture": "#0"},
				"west": {"uv": [12, 4, 16, 8], "rotation": 90, "texture": "#0"},
				"up": {"uv": [12, 4, 16, 8], "rotation": 90, "texture": "#0"},
				"down": {"uv": [12, 4, 16, 8], "rotation": 90, "texture": "#0"}
			}
		},
		{
			"from": [7.15, 9.2, 6.9],
			"to": [8.85, 9.7, 18.2],
			"rotation": {"angle": 0, "axis": "y", "origin": [0, 5, 4]},
			"faces": {
				"north": {"uv": [12, 12, 16, 16], "texture": "#0"},
				"east": {"uv": [12, 12, 16, 16], "texture": "#0"},
				"south": {"uv": [12, 12, 16, 16], "texture": "#0"},
				"west": {"uv": [12, 12, 16, 16], "texture": "#0"},
				"up": {"uv": [12, 12, 16, 16], "texture": "#0"},
				"down": {"uv": [12, 12, 16, 16], "texture": "#0"}
			}
		},
		{
			"from": [7.2, 8.3, 16.8],
			"to": [8.8, 9.2, 18.2],
			"rotation": {"angle": 0, "axis": "y", "origin": [0, 5, 4]},
			"faces": {
				"north": {"uv": [8, 12, 12, 16], "texture": "#0"},
				"east": {"uv": [8, 12, 12, 16], "texture": "#0"},
				"south": {"uv": [8, 12, 12, 16], "texture": "#0"},
				"west": {"uv": [8, 12, 12, 16], "texture": "#0"},
				"up": {"uv": [8, 12, 12, 16], "texture": "#0"},
				"down": {"uv": [8, 12, 12, 16], "texture": "#0"}
			}
		},
		{
			"from": [7.1, 8.12179, 18.21229],
			"to": [8.9, 9.72179, 18.81229],
			"rotation": {"angle": 0, "axis": "y", "origin": [0.2, 5.12179, 3.91229]},
			"faces": {
				"north": {"uv": [12, 8, 16, 12], "texture": "#0"},
				"east": {"uv": [12, 8, 16, 12], "texture": "#0"},
				"south": {"uv": [12, 8, 16, 12], "texture": "#0"},
				"west": {"uv": [12, 8, 16, 12], "texture": "#0"},
				"up": {"uv": [12, 8, 16, 12], "texture": "#0"},
				"down": {"uv": [12, 8, 16, 12], "texture": "#0"}
			}
		},
		{
			"from": [7.2, 11.1, 16.8],
			"to": [8.8, 12, 18.2],
			"rotation": {"angle": 0, "axis": "y", "origin": [0, 5, 4]},
			"faces": {
				"north": {"uv": [8, 8, 12, 12], "texture": "#0"},
				"east": {"uv": [8, 8, 12, 12], "texture": "#0"},
				"south": {"uv": [8, 8, 12, 12], "texture": "#0"},
				"west": {"uv": [8, 8, 12, 12], "texture": "#0"},
				"up": {"uv": [8, 8, 12, 12], "texture": "#0"},
				"down": {"uv": [8, 8, 12, 12], "texture": "#0"}
			}
		},
		{
			"from": [7.2, 9.72179, 18.81229],
			"to": [8.8, 11.02179, 20.71229],
			"rotation": {"angle": 0, "axis": "y", "origin": [0.2, 5.12179, 3.91229]},
			"faces": {
				"north": {"uv": [8, 4, 12, 8], "texture": "#0"},
				"east": {"uv": [8, 4, 12, 8], "texture": "#0"},
				"south": {"uv": [8, 4, 12, 8], "texture": "#0"},
				"west": {"uv": [8, 4, 12, 8], "texture": "#0"},
				"up": {"uv": [8, 4, 12, 8], "texture": "#0"},
				"down": {"uv": [8, 4, 12, 8], "texture": "#0"}
			}
		},
		{
			"from": [7.2, 10.48957, 18.85849],
			"to": [8.8, 11.28957, 20.85849],
			"rotation": {"angle": -22.5, "axis": "x", "origin": [8, 11.03957, 19.50849]},
			"faces": {
				"north": {"uv": [8, 4, 12, 8], "texture": "#0"},
				"east": {"uv": [8, 4, 12, 8], "texture": "#0"},
				"south": {"uv": [8, 4, 12, 8], "texture": "#0"},
				"west": {"uv": [8, 4, 12, 8], "texture": "#0"},
				"up": {"uv": [8, 4, 12, 8], "texture": "#0"},
				"down": {"uv": [8, 4, 12, 8], "texture": "#0"}
			}
		},
		{
			"from": [7.2, 9.01217, 19.22547],
			"to": [8.8, 10.51217, 20.12547],
			"rotation": {"angle": 45, "axis": "x", "origin": [8, 9.26217, 20.12547]},
			"faces": {
				"north": {"uv": [8, 4, 12, 8], "texture": "#0"},
				"east": {"uv": [8, 4, 12, 8], "texture": "#0"},
				"south": {"uv": [8, 4, 12, 8], "texture": "#0"},
				"west": {"uv": [8, 4, 12, 8], "texture": "#0"},
				"up": {"uv": [8, 4, 12, 8], "texture": "#0"},
				"down": {"uv": [8, 4, 12, 8], "texture": "#0"}
			}
		},
		{
			"from": [7.2, 8.44913, 19.92218],
			"to": [8.8, 9.74913, 20.92218],
			"rotation": {"angle": -22.5, "axis": "x", "origin": [8, 8.99913, 20.17218]},
			"faces": {
				"north": {"uv": [8, 4, 12, 8], "rotation": 180, "texture": "#0"},
				"east": {"uv": [8, 4, 12, 8], "rotation": 270, "texture": "#0"},
				"south": {"uv": [8, 4, 12, 8], "texture": "#0"},
				"west": {"uv": [8, 4, 12, 8], "rotation": 90, "texture": "#0"},
				"up": {"uv": [8, 4, 12, 8], "rotation": 180, "texture": "#0"},
				"down": {"uv": [8, 4, 12, 8], "texture": "#0"}
			}
		},
		{
			"from": [7.2, 6.59533, 20.15168],
			"to": [8.8, 8.99533, 20.65168],
			"rotation": {"angle": 0, "axis": "x", "origin": [8, 7.94533, 20.40168]},
			"faces": {
				"north": {"uv": [8, 4, 12, 8], "rotation": 180, "texture": "#0"},
				"east": {"uv": [8, 4, 12, 8], "rotation": 270, "texture": "#0"},
				"south": {"uv": [8, 4, 12, 8], "texture": "#0"},
				"west": {"uv": [8, 4, 12, 8], "rotation": 90, "texture": "#0"},
				"up": {"uv": [8, 4, 12, 8], "rotation": 180, "texture": "#0"},
				"down": {"uv": [8, 4, 12, 8], "texture": "#0"}
			}
		},
		{
			"from": [7.2, 6.10035, 20.64666],
			"to": [8.8, 11.78035, 21.14666],
			"rotation": {"angle": 0, "axis": "x", "origin": [8, 7.85035, 20.29666]},
			"faces": {
				"north": {"uv": [8, 4, 12, 8], "rotation": 180, "texture": "#0"},
				"east": {"uv": [8, 4, 12, 8], "rotation": 270, "texture": "#0"},
				"south": {"uv": [8, 4, 12, 8], "texture": "#0"},
				"west": {"uv": [8, 4, 12, 8], "rotation": 90, "texture": "#0"},
				"up": {"uv": [8, 4, 12, 8], "rotation": 180, "texture": "#0"},
				"down": {"uv": [8, 4, 12, 8], "texture": "#0"}
			}
		},
		{
			"from": [7.2, 6.33571, 20.71486],
			"to": [8.8, 7.03571, 21.21486],
			"rotation": {"angle": -45, "axis": "x", "origin": [8, 6.13571, 20.96486]},
			"faces": {
				"north": {"uv": [8, 4, 12, 8], "rotation": 180, "texture": "#0"},
				"east": {"uv": [8, 4, 12, 8], "rotation": 270, "texture": "#0"},
				"south": {"uv": [8, 4, 12, 8], "texture": "#0"},
				"west": {"uv": [8, 4, 12, 8], "rotation": 90, "texture": "#0"},
				"up": {"uv": [8, 4, 12, 8], "rotation": 180, "texture": "#0"},
				"down": {"uv": [8, 4, 12, 8], "texture": "#0"}
			}
		},
		{
			"from": [7.3, 6.90035, 21.14666],
			"to": [8.7, 10.98035, 21.34666],
			"rotation": {"angle": 0, "axis": "x", "origin": [8, 7.85035, 20.29666]},
			"faces": {
				"north": {"uv": [8, 0, 12, 4], "texture": "#0"},
				"east": {"uv": [8, 0, 12, 4], "texture": "#0"},
				"south": {"uv": [8, 0, 12, 4], "texture": "#0"},
				"west": {"uv": [8, 0, 12, 4], "texture": "#0"},
				"up": {"uv": [8, 0, 12, 4], "texture": "#0"},
				"down": {"uv": [8, 0, 12, 4], "texture": "#0"}
			}
		},
		{
			"from": [7.5, 6.70035, 21.14666],
			"to": [8.5, 11.18035, 21.34666],
			"rotation": {"angle": 0, "axis": "x", "origin": [8, 7.85035, 20.29666]},
			"faces": {
				"north": {"uv": [8, 0, 12, 4], "texture": "#0"},
				"east": {"uv": [8, 0, 12, 4], "texture": "#0"},
				"south": {"uv": [8, 0, 12, 4], "texture": "#0"},
				"west": {"uv": [8, 0, 12, 4], "texture": "#0"},
				"up": {"uv": [8, 0, 12, 4], "texture": "#0"},
				"down": {"uv": [8, 0, 12, 4], "texture": "#0"}
			}
		},
		{
			"from": [7.7, 6.60035, 21.14666],
			"to": [8.3, 11.28035, 21.34666],
			"rotation": {"angle": 0, "axis": "x", "origin": [8, 7.85035, 20.29666]},
			"faces": {
				"north": {"uv": [8, 0, 12, 4], "texture": "#0"},
				"east": {"uv": [8, 0, 12, 4], "texture": "#0"},
				"south": {"uv": [8, 0, 12, 4], "texture": "#0"},
				"west": {"uv": [8, 0, 12, 4], "texture": "#0"},
				"up": {"uv": [8, 0, 12, 4], "texture": "#0"},
				"down": {"uv": [8, 0, 12, 4], "texture": "#0"}
			}
		},
		{
			"from": [7.4, 9.75, -3.6],
			"to": [8.6, 10.95, -2.9],
			"rotation": {"angle": 0, "axis": "y", "origin": [0, 5, 4]},
			"faces": {
				"north": {"uv": [12, 4, 16, 8], "texture": "#0"},
				"east": {"uv": [12, 4, 16, 8], "texture": "#0"},
				"south": {"uv": [12, 4, 16, 8], "texture": "#0"},
				"west": {"uv": [12, 4, 16, 8], "texture": "#0"},
				"up": {"uv": [12, 4, 16, 8], "texture": "#0"},
				"down": {"uv": [12, 4, 16, 8], "texture": "#0"}
			}
		},
		{
			"from": [7.7, 10.05, -5.1],
			"to": [8.3, 10.65, -3.6],
			"rotation": {"angle": 0, "axis": "y", "origin": [0, 5, 4]},
			"faces": {
				"north": {"uv": [8, 12, 12, 16], "texture": "#0"},
				"east": {"uv": [8, 12, 12, 16], "texture": "#0"},
				"south": {"uv": [8, 12, 12, 16], "texture": "#0"},
				"west": {"uv": [8, 12, 12, 16], "texture": "#0"},
				"up": {"uv": [8, 12, 12, 16], "texture": "#0"},
				"down": {"uv": [8, 12, 12, 16], "texture": "#0"}
			}
		},
		{
			"from": [7.6, 11.05, -4.1],
			"to": [8.4, 11.85, -3],
			"rotation": {"angle": 0, "axis": "y", "origin": [0, 5, 4]},
			"faces": {
				"north": {"uv": [8, 0, 12, 4], "texture": "#0"},
				"east": {"uv": [8, 0, 12, 4], "texture": "#0"},
				"south": {"uv": [8, 0, 12, 4], "texture": "#0"},
				"west": {"uv": [8, 0, 12, 4], "texture": "#0"},
				"up": {"uv": [8, 0, 12, 4], "texture": "#0"},
				"down": {"uv": [8, 0, 12, 4], "texture": "#0"}
			}
		},
		{
			"from": [7.3, 10.75, -12.6],
			"to": [8.7, 12.15, -4],
			"rotation": {"angle": 45, "axis": "z", "origin": [8, 11.45, -8.3]},
			"faces": {
				"north": {"uv": [4, 0, 8, 4], "texture": "#0"},
				"east": {"uv": [8, 4, 12, 8], "texture": "#0"},
				"south": {"uv": [8, 4, 12, 8], "texture": "#0"},
				"west": {"uv": [8, 4, 12, 8], "texture": "#0"},
				"up": {"uv": [8, 4, 12, 8], "texture": "#0"},
				"down": {"uv": [8, 4, 12, 8], "texture": "#0"}
			}
		},
		{
			"from": [7.5, 10.95, -3.5],
			"to": [8.5, 11.95, -3.1],
			"rotation": {"angle": 0, "axis": "y", "origin": [0, 5, 4]},
			"faces": {
				"north": {"uv": [12, 12, 16, 16], "texture": "#0"},
				"east": {"uv": [12, 12, 16, 16], "texture": "#0"},
				"south": {"uv": [12, 12, 16, 16], "texture": "#0"},
				"west": {"uv": [12, 12, 16, 16], "texture": "#0"},
				"up": {"uv": [12, 12, 16, 16], "texture": "#0"},
				"down": {"uv": [12, 12, 16, 16], "texture": "#0"}
			}
		},
		{
			"from": [7.7, 11.95, -3.5],
			"to": [8.3, 12.15, -3.1],
			"rotation": {"angle": 0, "axis": "y", "origin": [0, 5, 4]},
			"faces": {
				"north": {"uv": [12, 12, 16, 16], "texture": "#0"},
				"east": {"uv": [12, 12, 16, 16], "texture": "#0"},
				"south": {"uv": [12, 12, 16, 16], "texture": "#0"},
				"west": {"uv": [12, 12, 16, 16], "texture": "#0"},
				"up": {"uv": [12, 12, 16, 16], "texture": "#0"},
				"down": {"uv": [12, 12, 16, 16], "texture": "#0"}
			}
		},
		{
			"from": [7.5, 5.66892, 12.84651],
			"to": [8.5, 5.86892, 14.04651],
			"rotation": {"angle": -22.5, "axis": "x", "origin": [8, 5.81892, 13.64651]},
			"faces": {
				"north": {"uv": [8, 12, 12, 16], "texture": "#0"},
				"east": {"uv": [8, 12, 12, 16], "texture": "#0"},
				"south": {"uv": [8, 12, 12, 16], "texture": "#0"},
				"west": {"uv": [8, 12, 12, 16], "texture": "#0"},
				"up": {"uv": [8, 12, 12, 16], "texture": "#0"},
				"down": {"uv": [8, 12, 12, 16], "texture": "#0"}
			}
		},
		{
			"from": [7.5, 5.3742, 11.36481],
			"to": [8.5, 5.5742, 12.96481],
			"rotation": {"angle": 0, "axis": "x", "origin": [8, 5.6242, 12.56481]},
			"faces": {
				"north": {"uv": [8, 12, 12, 16], "texture": "#0"},
				"east": {"uv": [8, 12, 12, 16], "texture": "#0"},
				"south": {"uv": [8, 12, 12, 16], "texture": "#0"},
				"west": {"uv": [8, 12, 12, 16], "texture": "#0"},
				"up": {"uv": [8, 12, 12, 16], "texture": "#0"},
				"down": {"uv": [8, 12, 12, 16], "texture": "#0"}
			}
		},
		{
			"from": [7.9, 6.44396, 12.51278],
			"to": [8.1, 7.14396, 12.71278],
			"rotation": {"angle": 0, "axis": "x", "origin": [8, 6.24396, 11.11278]},
			"faces": {
				"north": {"uv": [12, 4, 16, 8], "rotation": 180, "texture": "#0"},
				"east": {"uv": [12, 4, 16, 8], "rotation": 180, "texture": "#0"},
				"south": {"uv": [12, 4, 16, 8], "rotation": 180, "texture": "#0"},
				"west": {"uv": [12, 4, 16, 8], "rotation": 180, "texture": "#0"},
				"up": {"uv": [12, 4, 16, 8], "rotation": 180, "texture": "#0"},
				"down": {"uv": [12, 4, 16, 8], "rotation": 180, "texture": "#0"}
			}
		},
		{
			"from": [7.5, 5.34396, 11.01278],
			"to": [8.5, 7.14396, 11.21278],
			"rotation": {"angle": -22.5, "axis": "x", "origin": [8, 6.24396, 11.11278]},
			"faces": {
				"north": {"uv": [8, 12, 12, 16], "rotation": 180, "texture": "#0"},
				"east": {"uv": [8, 12, 12, 16], "rotation": 180, "texture": "#0"},
				"south": {"uv": [8, 12, 12, 16], "rotation": 180, "texture": "#0"},
				"west": {"uv": [8, 12, 12, 16], "rotation": 180, "texture": "#0"},
				"up": {"uv": [8, 12, 12, 16], "rotation": 180, "texture": "#0"},
				"down": {"uv": [8, 12, 12, 16], "rotation": 180, "texture": "#0"}
			}
		},
		{
			"from": [7.9, 5.80887, 12.38645],
			"to": [8.1, 6.50887, 12.58645],
			"rotation": {"angle": 22.5, "axis": "x", "origin": [8, 6.15887, 12.48645]},
			"faces": {
				"north": {"uv": [12, 4, 16, 8], "rotation": 180, "texture": "#0"},
				"east": {"uv": [12, 4, 16, 8], "rotation": 180, "texture": "#0"},
				"south": {"uv": [12, 4, 16, 8], "rotation": 180, "texture": "#0"},
				"west": {"uv": [12, 4, 16, 8], "rotation": 180, "texture": "#0"},
				"up": {"uv": [12, 4, 16, 8], "rotation": 180, "texture": "#0"},
				"down": {"uv": [12, 4, 16, 8], "rotation": 180, "texture": "#0"}
			}
		},
		{
			"from": [8.1, 6.45558, 12.37123],
			"to": [8.1, 7.15558, 12.57123],
			"rotation": {"angle": -22.5, "axis": "x", "origin": [8, 6.80558, 12.47123]},
			"faces": {
				"north": {"uv": [12, 4, 16, 8], "rotation": 180, "texture": "#0"},
				"east": {"uv": [12, 4, 16, 8], "rotation": 180, "texture": "#0"},
				"south": {"uv": [12, 4, 16, 8], "rotation": 180, "texture": "#0"},
				"west": {"uv": [12, 4, 16, 8], "rotation": 180, "texture": "#0"},
				"up": {"uv": [12, 4, 16, 8], "rotation": 180, "texture": "#0"},
				"down": {"uv": [12, 4, 16, 8], "rotation": 180, "texture": "#0"}
			}
		},
		{
			"from": [7.31, 11.4, 0],
			"to": [7.41, 11.8, 3.7],
			"rotation": {"angle": 0, "axis": "y", "origin": [0, 5, 4]},
			"faces": {
				"north": {"uv": [8, 0, 12, 4], "texture": "#0"},
				"east": {"uv": [8, 0, 12, 4], "texture": "#0"},
				"south": {"uv": [8, 0, 12, 4], "texture": "#0"},
				"west": {"uv": [8, 0, 12, 4], "texture": "#0"},
				"up": {"uv": [8, 0, 12, 4], "texture": "#0"},
				"down": {"uv": [8, 0, 12, 4], "texture": "#0"}
			}
		},
		{
			"from": [7.2, 11.4, 0.5],
			"to": [7.4, 11.8, 1.3],
			"rotation": {"angle": 0, "axis": "y", "origin": [0, 5, 4]},
			"faces": {
				"north": {"uv": [12, 0, 16, 4], "texture": "#0"},
				"east": {"uv": [12, 0, 16, 4], "texture": "#0"},
				"south": {"uv": [12, 0, 16, 4], "texture": "#0"},
				"west": {"uv": [12, 0, 16, 4], "texture": "#0"},
				"up": {"uv": [12, 0, 16, 4], "texture": "#0"},
				"down": {"uv": [12, 0, 16, 4], "texture": "#0"}
			}
		},
		{
			"from": [6.6, 11.5, 0.6],
			"to": [7.2, 11.7, 1.2],
			"rotation": {"angle": -45, "axis": "y", "origin": [6.9, 11.6, 0.9]},
			"faces": {
				"north": {"uv": [12, 12, 16, 16], "texture": "#0"},
				"east": {"uv": [12, 12, 16, 16], "texture": "#0"},
				"south": {"uv": [12, 12, 16, 16], "texture": "#0"},
				"west": {"uv": [12, 12, 16, 16], "texture": "#0"},
				"up": {"uv": [12, 12, 16, 16], "texture": "#0"},
				"down": {"uv": [12, 12, 16, 16], "texture": "#0"}
			}
		},
		{
			"from": [7.2, 11.4, 16],
			"to": [8.8, 11.7, 16.3],
			"rotation": {"angle": 0, "axis": "y", "origin": [0, 0, 3]},
			"faces": {
				"north": {"uv": [4, 12, 5, 13], "texture": "#0"},
				"east": {"uv": [4, 12, 8, 16], "texture": "#0"},
				"south": {"uv": [4, 12, 5, 13], "texture": "#0"},
				"west": {"uv": [4, 12, 8, 16], "texture": "#0"},
				"up": {"uv": [4, 12, 5, 13], "texture": "#0"},
				"down": {"uv": [4, 12, 5, 13], "texture": "#0"}
			}
		},
		{
			"from": [7.2, 11.4, -1.7],
			"to": [8.8, 11.7, -1.4],
			"rotation": {"angle": 0, "axis": "y", "origin": [0, 0, 3]},
			"faces": {
				"north": {"uv": [4, 12, 5, 13], "texture": "#0"},
				"east": {"uv": [4, 12, 8, 16], "texture": "#0"},
				"south": {"uv": [4, 12, 5, 13], "texture": "#0"},
				"west": {"uv": [4, 12, 8, 16], "texture": "#0"},
				"up": {"uv": [4, 12, 5, 13], "texture": "#0"},
				"down": {"uv": [4, 12, 5, 13], "texture": "#0"}
			}
		},
		{
			"from": [7.1, 7.5, 9.3],
			"to": [8.9, 7.8, 9.6],
			"rotation": {"angle": 0, "axis": "y", "origin": [0, 0, 3]},
			"faces": {
				"north": {"uv": [4, 12, 5, 13], "texture": "#0"},
				"east": {"uv": [4, 12, 8, 16], "texture": "#0"},
				"south": {"uv": [4, 12, 5, 13], "texture": "#0"},
				"west": {"uv": [4, 12, 8, 16], "texture": "#0"},
				"up": {"uv": [4, 12, 5, 13], "texture": "#0"},
				"down": {"uv": [4, 12, 5, 13], "texture": "#0"}
			}
		},
		{
			"from": [7.1, 8.3, 7.3],
			"to": [8.9, 8.6, 7.6],
			"rotation": {"angle": 0, "axis": "y", "origin": [0, 0, 3]},
			"faces": {
				"north": {"uv": [4, 12, 5, 13], "texture": "#0"},
				"east": {"uv": [4, 12, 8, 16], "texture": "#0"},
				"south": {"uv": [4, 12, 5, 13], "texture": "#0"},
				"west": {"uv": [4, 12, 8, 16], "texture": "#0"},
				"up": {"uv": [4, 12, 5, 13], "texture": "#0"},
				"down": {"uv": [4, 12, 5, 13], "texture": "#0"}
			}
		}
	],
	"display": {
		"thirdperson_righthand": {
			"translation": [0, 0.75, -1.5],
			"scale": [0.6, 0.6, 0.6]
		},
		"firstperson_righthand": {
			"rotation": [-8, -15, 0],
			"translation": [9, 9, -3.5],
			"scale": [0.7, 0.7, 0.7]
		},
		"firstperson_lefthand": {
			"scale": [0, 0, 0]
		},
		"ground": {
			"rotation": [0, 0, 90]
		},
		"gui": {
			"rotation": [90, 45, -90],
			"translation": [0.5, -2, 0],
			"scale": [0.8, 0.8, 0.8]
		},
		"head": {
			"rotation": [0, 0, 90],
			"translation": [0, -42.25, 0],
			"scale": [0.7, 0.7, 0.7]
		},
		"fixed": {
			"rotation": [0, -90, 0]
		}
	},
	"groups": [
		{
			"name": "group",
			"origin": [8, -0.18979, 3.52546],
			"color": 0,
			"children": [0, 1]
		},
		{
			"name": "group",
			"origin": [8, 6.80558, 9.47123],
			"color": 0,
			"children": [2, 3, 4, 5, 6, 7, 8, 9, 10, 11, 12, 13, 14, 15, 16, 17, 18, 19, 20, 21, 22, 23, 24, 25, 26, 27, 28, 29, 30, 31, 32, 33, 34, 35, 36, 37, 38, 39, 40, 41, 42, 43, 44, 45, 46, 47, 48, 49, 50, 51, 52, 53, 54, 55, 56, 57, 58, 59, 60, 61, 62, 63, 64, 65, 66, 67, 68, 69, 70, 71, 72, 73]
		},
		{
			"name": "group",
			"origin": [6.9, 11.6, -0.1],
			"color": 0,
			"children": [74, 75, 76]
		},
		{
			"name": "group",
			"origin": [8, 8, 8],
			"color": 0,
			"children": [77, 78, 79, 80]
		}
	]
}