{
	"credit": "Made with Blockbench",
	"textures": {
		"0": "slot_4:item/grenade/0",
		"particle": "slot_4:item/grenade/0"
	},
	"elements": [
		{
			"from": [4, 0, 4],
			"to": [12, 7, 12],
			"faces": {
				"north": {"uv": [0, 5, 12, 16], "texture": "#0"},
				"east": {"uv": [0, 5, 12, 16], "texture": "#0"},
				"south": {"uv": [0, 5, 12, 16], "texture": "#0"},
				"west": {"uv": [0, 5, 12, 16], "texture": "#0"},
				"up": {"uv": [0, 5, 4, 9], "texture": "#0"},
				"down": {"uv": [0, 5, 4, 9], "texture": "#0"}
			}
		},
		{
			"from": [7, 7, 7],
			"to": [9, 8.8, 9],
			"faces": {
				"north": {"uv": [12, 0, 16, 3.8], "texture": "#0"},
				"east": {"uv": [12, 0, 16, 3.8], "texture": "#0"},
				"south": {"uv": [12, 0, 16, 3.8], "texture": "#0"},
				"west": {"uv": [12, 0, 16, 3.8], "texture": "#0"},
				"up": {"uv": [12, 0, 16, 3.8], "texture": "#0"},
				"down": {"uv": [12, 0, 16, 3.8], "texture": "#0"}
			}
		},
		{
			"from": [6.7, 8.8, 6.6],
			"to": [9.4, 10, 9.4],
			"faces": {
				"north": {"uv": [12, 0, 16, 3.8], "texture": "#0"},
				"east": {"uv": [12, 0, 16, 3.8], "texture": "#0"},
				"south": {"uv": [12, 0, 16, 3.8], "texture": "#0"},
				"west": {"uv": [12, 0, 16, 3.8], "texture": "#0"},
				"up": {"uv": [12, 0, 16, 3.8], "texture": "#0"},
				"down": {"uv": [12, 0, 16, 3.8], "texture": "#0"}
			}
		}
	],
	"display": {
		"thirdperson_righthand": {
			"scale": [0.3, 0.3, 0.3]
		},
		"thirdperson_lefthand": {
			"rotation": [-14, 0, 0],
			"translation": [0, 2, 0],
			"scale": [0.4, 0.4, 0.4]
		},
		"firstperson_righthand": {
			"rotation": [-22, 161, -57],
			"translation": [-2, 19, 0],
			"scale": [0.5, 0.5, 0.5]
		},
		"gui": {
			"translation": [0.25, 3.5, 0],
			"scale": [1.2, 1.2, 1.2]
		},
		"head": {
			"rotation": [90, 0, 0],
			"translation": [0, -42.5, 4.5]
		},
		"fixed": {
			"translation": [-0.5, 4, -3]
		}
	}
}