{
	"credit": "Made with Blockbench",
	"textures": {
		"0": "slot_5:item/defuser/0",
		"particle": "slot_5:item/defuser/0"
	},
	"elements": [
		{
			"from": [7, 0.1, 7],
			"to": [9, 1.9, 9],
			"rotation": {"angle": -45, "axis": "y", "origin": [8, 1, 8]},
			"faces": {
				"north": {"uv": [16, 4, 12, 0], "texture": "#0"},
				"east": {"uv": [16, 4, 12, 0], "texture": "#0"},
				"south": {"uv": [16, 4, 12, 0], "texture": "#0"},
				"west": {"uv": [16, 4, 12, 0], "texture": "#0"},
				"up": {"uv": [16, 4, 12, 0], "texture": "#0"},
				"down": {"uv": [16, 4, 12, 0], "texture": "#0"}
			}
		},
		{
			"from": [5.28759, 0.3, 4.45986],
			"to": [6.78759, 1.8, 7.95986],
			"rotation": {"angle": 22.5, "axis": "y", "origin": [5.78759, 0.9, 3.45986]},
			"faces": {
				"north": {"uv": [12, 4, 16, 8], "rotation": 90, "texture": "#0"},
				"east": {"uv": [12, 0, 16, 4], "rotation": 90, "texture": "#0"},
				"south": {"uv": [12, 4, 16, 8], "rotation": 90, "texture": "#0"},
				"west": {"uv": [12, 4, 16, 8], "rotation": 90, "texture": "#0"},
				"up": {"uv": [12, 4, 16, 8], "rotation": 90, "texture": "#0"},
				"down": {"uv": [12, 4, 16, 8], "rotation": 90, "texture": "#0"}
			}
		},
		{
			"from": [5.70833, 0.3, 2.87508],
			"to": [7.20833, 1.8, 4.57508],
			"rotation": {"angle": 0, "axis": "y", "origin": [6.20833, 1.05, 2.12508]},
			"faces": {
				"north": {"uv": [12, 4, 16, 8], "rotation": 90, "texture": "#0"},
				"east": {"uv": [12, 0, 16, 4], "rotation": 90, "texture": "#0"},
				"south": {"uv": [12, 4, 16, 8], "rotation": 90, "texture": "#0"},
				"west": {"uv": [12, 4, 16, 8], "rotation": 90, "texture": "#0"},
				"up": {"uv": [12, 4, 16, 8], "rotation": 90, "texture": "#0"},
				"down": {"uv": [12, 4, 16, 8], "rotation": 90, "texture": "#0"}
			}
		},
		{
			"from": [9.21241, 0.2, 4.45986],
			"to": [10.71241, 1.7, 7.95986],
			"rotation": {"angle": -22.5, "axis": "y", "origin": [10.21241, 1.1, 3.45986]},
			"faces": {
				"north": {"uv": [16, 8, 12, 4], "rotation": 90, "texture": "#0"},
				"east": {"uv": [16, 8, 12, 4], "rotation": 90, "texture": "#0"},
				"south": {"uv": [16, 8, 12, 4], "rotation": 90, "texture": "#0"},
				"west": {"uv": [16, 4, 12, 0], "rotation": 90, "texture": "#0"},
				"up": {"uv": [16, 8, 12, 4], "rotation": 90, "texture": "#0"},
				"down": {"uv": [16, 8, 12, 4], "rotation": 90, "texture": "#0"}
			}
		},
		{
			"from": [8.79167, 0.2, 2.87508],
			"to": [10.29167, 1.7, 4.57508],
			"rotation": {"angle": 0, "axis": "y", "origin": [9.79167, 0.95, 2.12508]},
			"faces": {
				"north": {"uv": [16, 8, 12, 4], "rotation": 90, "texture": "#0"},
				"east": {"uv": [16, 8, 12, 4], "rotation": 90, "texture": "#0"},
				"south": {"uv": [16, 8, 12, 4], "rotation": 90, "texture": "#0"},
				"west": {"uv": [16, 4, 12, 0], "rotation": 90, "texture": "#0"},
				"up": {"uv": [16, 8, 12, 4], "rotation": 90, "texture": "#0"},
				"down": {"uv": [16, 8, 12, 4], "rotation": 90, "texture": "#0"}
			}
		},
		{
			"from": [8.79167, 0.3, 2.07508],
			"to": [10.29167, 1.6, 2.47508],
			"rotation": {"angle": 0, "axis": "y", "origin": [9.79167, 0.95, 2.12508]},
			"faces": {
				"north": {"uv": [16, 8, 12, 4], "rotation": 90, "texture": "#0"},
				"east": {"uv": [16, 8, 12, 4], "rotation": 90, "texture": "#0"},
				"south": {"uv": [16, 8, 12, 4], "rotation": 90, "texture": "#0"},
				"west": {"uv": [16, 4, 12, 0], "rotation": 90, "texture": "#0"},
				"up": {"uv": [16, 8, 12, 4], "rotation": 90, "texture": "#0"},
				"down": {"uv": [16, 8, 12, 4], "rotation": 90, "texture": "#0"}
			}
		},
		{
			"from": [5.70833, 0.4, 2.07508],
			"to": [7.20833, 1.7, 2.47508],
			"rotation": {"angle": 0, "axis": "y", "origin": [6.20833, 1.05, 2.12508]},
			"faces": {
				"north": {"uv": [12, 4, 16, 8], "rotation": 90, "texture": "#0"},
				"east": {"uv": [12, 0, 16, 4], "rotation": 90, "texture": "#0"},
				"south": {"uv": [12, 4, 16, 8], "rotation": 90, "texture": "#0"},
				"west": {"uv": [12, 4, 16, 8], "rotation": 90, "texture": "#0"},
				"up": {"uv": [12, 4, 16, 8], "rotation": 90, "texture": "#0"},
				"down": {"uv": [12, 4, 16, 8], "rotation": 90, "texture": "#0"}
			}
		},
		{
			"from": [8.99167, 0.35, 1.67508],
			"to": [10.29167, 1.55, 2.07508],
			"rotation": {"angle": 0, "axis": "y", "origin": [9.79167, 0.95, 2.12508]},
			"faces": {
				"north": {"uv": [16, 8, 12, 4], "rotation": 90, "texture": "#0"},
				"east": {"uv": [16, 8, 12, 4], "rotation": 90, "texture": "#0"},
				"south": {"uv": [16, 8, 12, 4], "rotation": 90, "texture": "#0"},
				"west": {"uv": [16, 4, 12, 0], "rotation": 90, "texture": "#0"},
				"up": {"uv": [16, 8, 12, 4], "rotation": 90, "texture": "#0"},
				"down": {"uv": [16, 8, 12, 4], "rotation": 90, "texture": "#0"}
			}
		},
		{
			"from": [5.70833, 0.45, 1.67508],
			"to": [7.00833, 1.65, 2.07508],
			"rotation": {"angle": 0, "axis": "y", "origin": [6.20833, 1.05, 2.12508]},
			"faces": {
				"north": {"uv": [12, 4, 16, 8], "rotation": 90, "texture": "#0"},
				"east": {"uv": [12, 0, 16, 4], "rotation": 90, "texture": "#0"},
				"south": {"uv": [12, 4, 16, 8], "rotation": 90, "texture": "#0"},
				"west": {"uv": [12, 4, 16, 8], "rotation": 90, "texture": "#0"},
				"up": {"uv": [12, 4, 16, 8], "rotation": 90, "texture": "#0"},
				"down": {"uv": [12, 4, 16, 8], "rotation": 90, "texture": "#0"}
			}
		},
		{
			"from": [5.70833, 0.35, 2.47508],
			"to": [7.00833, 1.75, 2.87508],
			"rotation": {"angle": 0, "axis": "y", "origin": [6.20833, 1.05, 2.12508]},
			"faces": {
				"north": {"uv": [12, 4, 16, 8], "rotation": 90, "texture": "#0"},
				"east": {"uv": [12, 0, 16, 4], "rotation": 90, "texture": "#0"},
				"south": {"uv": [12, 4, 16, 8], "rotation": 90, "texture": "#0"},
				"west": {"uv": [12, 4, 16, 8], "rotation": 90, "texture": "#0"},
				"up": {"uv": [12, 4, 16, 8], "rotation": 90, "texture": "#0"},
				"down": {"uv": [12, 4, 16, 8], "rotation": 90, "texture": "#0"}
			}
		},
		{
			"from": [8.99167, 0.25, 2.47508],
			"to": [10.29167, 1.65, 2.87508],
			"rotation": {"angle": 0, "axis": "y", "origin": [9.79167, 0.95, 2.12508]},
			"faces": {
				"north": {"uv": [16, 8, 12, 4], "rotation": 90, "texture": "#0"},
				"east": {"uv": [16, 8, 12, 4], "rotation": 90, "texture": "#0"},
				"south": {"uv": [16, 8, 12, 4], "rotation": 90, "texture": "#0"},
				"west": {"uv": [16, 4, 12, 0], "rotation": 90, "texture": "#0"},
				"up": {"uv": [16, 8, 12, 4], "rotation": 90, "texture": "#0"},
				"down": {"uv": [16, 8, 12, 4], "rotation": 90, "texture": "#0"}
			}
		},
		{
			"from": [8.79167, 0.4, 1.27508],
			"to": [10.29167, 1.5, 1.67508],
			"rotation": {"angle": 0, "axis": "y", "origin": [9.79167, 0.95, 2.12508]},
			"faces": {
				"north": {"uv": [16, 8, 12, 4], "rotation": 90, "texture": "#0"},
				"east": {"uv": [16, 8, 12, 4], "rotation": 90, "texture": "#0"},
				"south": {"uv": [16, 8, 12, 4], "rotation": 90, "texture": "#0"},
				"west": {"uv": [16, 4, 12, 0], "rotation": 90, "texture": "#0"},
				"up": {"uv": [16, 8, 12, 4], "rotation": 90, "texture": "#0"},
				"down": {"uv": [16, 8, 12, 4], "rotation": 90, "texture": "#0"}
			}
		},
		{
			"from": [5.70833, 0.5, 1.27508],
			"to": [7.20833, 1.6, 1.67508],
			"rotation": {"angle": 0, "axis": "y", "origin": [6.20833, 1.05, 2.12508]},
			"faces": {
				"north": {"uv": [12, 4, 16, 8], "rotation": 90, "texture": "#0"},
				"east": {"uv": [12, 0, 16, 4], "rotation": 90, "texture": "#0"},
				"south": {"uv": [12, 4, 16, 8], "rotation": 90, "texture": "#0"},
				"west": {"uv": [12, 4, 16, 8], "rotation": 90, "texture": "#0"},
				"up": {"uv": [12, 4, 16, 8], "rotation": 90, "texture": "#0"},
				"down": {"uv": [12, 4, 16, 8], "rotation": 90, "texture": "#0"}
			}
		},
		{
			"from": [8.99167, 0.55, 0.07508],
			"to": [10.29167, 1.35, 0.47508],
			"rotation": {"angle": 0, "axis": "y", "origin": [9.79167, 0.95, 2.12508]},
			"faces": {
				"north": {"uv": [16, 8, 12, 4], "rotation": 90, "texture": "#0"},
				"east": {"uv": [16, 8, 12, 4], "rotation": 90, "texture": "#0"},
				"south": {"uv": [16, 8, 12, 4], "rotation": 90, "texture": "#0"},
				"west": {"uv": [16, 4, 12, 0], "rotation": 90, "texture": "#0"},
				"up": {"uv": [16, 8, 12, 4], "rotation": 90, "texture": "#0"},
				"down": {"uv": [16, 8, 12, 4], "rotation": 90, "texture": "#0"}
			}
		},
		{
			"from": [5.70833, 0.65, 0.07508],
			"to": [7.00833, 1.45, 0.47508],
			"rotation": {"angle": 0, "axis": "y", "origin": [6.20833, 1.05, 2.12508]},
			"faces": {
				"north": {"uv": [12, 4, 16, 8], "rotation": 90, "texture": "#0"},
				"east": {"uv": [12, 0, 16, 4], "rotation": 90, "texture": "#0"},
				"south": {"uv": [12, 4, 16, 8], "rotation": 90, "texture": "#0"},
				"west": {"uv": [12, 4, 16, 8], "rotation": 90, "texture": "#0"},
				"up": {"uv": [12, 4, 16, 8], "rotation": 90, "texture": "#0"},
				"down": {"uv": [12, 4, 16, 8], "rotation": 90, "texture": "#0"}
			}
		},
		{
			"from": [8.79167, 0.6, -0.32492],
			"to": [10.29167, 1.3, 0.07508],
			"rotation": {"angle": 0, "axis": "y", "origin": [9.79167, 0.95, 2.12508]},
			"faces": {
				"north": {"uv": [16, 8, 12, 4], "rotation": 90, "texture": "#0"},
				"east": {"uv": [16, 8, 12, 4], "rotation": 90, "texture": "#0"},
				"south": {"uv": [16, 8, 12, 4], "rotation": 90, "texture": "#0"},
				"west": {"uv": [16, 4, 12, 0], "rotation": 90, "texture": "#0"},
				"up": {"uv": [16, 8, 12, 4], "rotation": 90, "texture": "#0"},
				"down": {"uv": [16, 8, 12, 4], "rotation": 90, "texture": "#0"}
			}
		},
		{
			"from": [5.70833, 0.7, -0.32492],
			"to": [7.20833, 1.4, 0.07508],
			"rotation": {"angle": 0, "axis": "y", "origin": [6.20833, 1.05, 2.12508]},
			"faces": {
				"north": {"uv": [12, 4, 16, 8], "rotation": 90, "texture": "#0"},
				"east": {"uv": [12, 0, 16, 4], "rotation": 90, "texture": "#0"},
				"south": {"uv": [12, 4, 16, 8], "rotation": 90, "texture": "#0"},
				"west": {"uv": [12, 4, 16, 8], "rotation": 90, "texture": "#0"},
				"up": {"uv": [12, 4, 16, 8], "rotation": 90, "texture": "#0"},
				"down": {"uv": [12, 4, 16, 8], "rotation": 90, "texture": "#0"}
			}
		},
		{
			"from": [8.99167, 0.45, 0.87508],
			"to": [10.29167, 1.45, 1.27508],
			"rotation": {"angle": 0, "axis": "y", "origin": [9.79167, 0.95, 2.12508]},
			"faces": {
				"north": {"uv": [16, 8, 12, 4], "rotation": 90, "texture": "#0"},
				"east": {"uv": [16, 8, 12, 4], "rotation": 90, "texture": "#0"},
				"south": {"uv": [16, 8, 12, 4], "rotation": 90, "texture": "#0"},
				"west": {"uv": [16, 4, 12, 0], "rotation": 90, "texture": "#0"},
				"up": {"uv": [16, 8, 12, 4], "rotation": 90, "texture": "#0"},
				"down": {"uv": [16, 8, 12, 4], "rotation": 90, "texture": "#0"}
			}
		},
		{
			"from": [8.79167, 0.5, 0.47508],
			"to": [10.29167, 1.4, 0.87508],
			"rotation": {"angle": 0, "axis": "y", "origin": [9.79167, 0.95, 2.12508]},
			"faces": {
				"north": {"uv": [16, 8, 12, 4], "rotation": 90, "texture": "#0"},
				"east": {"uv": [16, 8, 12, 4], "rotation": 90, "texture": "#0"},
				"south": {"uv": [16, 8, 12, 4], "rotation": 90, "texture": "#0"},
				"west": {"uv": [16, 4, 12, 0], "rotation": 90, "texture": "#0"},
				"up": {"uv": [16, 8, 12, 4], "rotation": 90, "texture": "#0"},
				"down": {"uv": [16, 8, 12, 4], "rotation": 90, "texture": "#0"}
			}
		},
		{
			"from": [5.70833, 0.57, 0.87508],
			"to": [7.00833, 1.57, 1.27508],
			"rotation": {"angle": 0, "axis": "y", "origin": [6.20833, 1.05, 2.12508]},
			"faces": {
				"north": {"uv": [12, 4, 16, 8], "rotation": 90, "texture": "#0"},
				"east": {"uv": [12, 0, 16, 4], "rotation": 90, "texture": "#0"},
				"south": {"uv": [12, 4, 16, 8], "rotation": 90, "texture": "#0"},
				"west": {"uv": [12, 4, 16, 8], "rotation": 90, "texture": "#0"},
				"up": {"uv": [12, 4, 16, 8], "rotation": 90, "texture": "#0"},
				"down": {"uv": [12, 4, 16, 8], "rotation": 90, "texture": "#0"}
			}
		},
		{
			"from": [5.70833, 0.6, 0.47508],
			"to": [7.20833, 1.5, 0.87508],
			"rotation": {"angle": 0, "axis": "y", "origin": [6.20833, 1.05, 2.12508]},
			"faces": {
				"north": {"uv": [12, 4, 16, 8], "rotation": 90, "texture": "#0"},
				"east": {"uv": [12, 0, 16, 4], "rotation": 90, "texture": "#0"},
				"south": {"uv": [12, 4, 16, 8], "rotation": 90, "texture": "#0"},
				"west": {"uv": [12, 4, 16, 8], "rotation": 90, "texture": "#0"},
				"up": {"uv": [12, 4, 16, 8], "rotation": 90, "texture": "#0"},
				"down": {"uv": [12, 4, 16, 8], "rotation": 90, "texture": "#0"}
			}
		},
		{
			"from": [7.6, -0.1, 7.6],
			"to": [8.5, 2.1, 8.5],
			"rotation": {"angle": -45, "axis": "y", "origin": [8, 1, 8]},
			"faces": {
				"north": {"uv": [16, 8, 12, 4], "texture": "#0"},
				"east": {"uv": [16, 8, 12, 4], "texture": "#0"},
				"south": {"uv": [16, 8, 12, 4], "texture": "#0"},
				"west": {"uv": [16, 8, 12, 4], "texture": "#0"},
				"up": {"uv": [16, 8, 12, 4], "texture": "#0"},
				"down": {"uv": [16, 8, 12, 4], "texture": "#0"}
			}
		},
		{
			"from": [8.10944, -0.3, 9.18524],
			"to": [10.30944, 1.9, 11.38524],
			"rotation": {"angle": -22.5, "axis": "y", "origin": [11.74114, 0.8, 11.87239]},
			"faces": {
				"north": {"uv": [8, 4, 12, 8], "texture": "#0"},
				"east": {"uv": [8, 4, 12, 8], "texture": "#0"},
				"south": {"uv": [8, 4, 12, 8], "texture": "#0"},
				"west": {"uv": [8, 4, 12, 8], "texture": "#0"},
				"up": {"uv": [8, 4, 12, 8], "texture": "#0"},
				"down": {"uv": [8, 4, 12, 8], "texture": "#0"}
			}
		},
		{
			"from": [11.47585, -0.3, 9.52134],
			"to": [13.67585, 1.9, 11.82134],
			"rotation": {"angle": 45, "axis": "y", "origin": [11.74114, 0.8, 11.87239]},
			"faces": {
				"north": {"uv": [8, 4, 12, 8], "rotation": 90, "texture": "#0"},
				"east": {"uv": [8, 4, 12, 8], "rotation": 90, "texture": "#0"},
				"south": {"uv": [8, 4, 12, 8], "rotation": 90, "texture": "#0"},
				"west": {"uv": [8, 4, 12, 8], "rotation": 90, "texture": "#0"},
				"up": {"uv": [8, 4, 12, 8], "rotation": 90, "texture": "#0"},
				"down": {"uv": [8, 4, 12, 8], "rotation": 90, "texture": "#0"}
			}
		},
		{
			"from": [11.30905, -0.3, 11.08485],
			"to": [13.50905, 1.9, 18.48485],
			"rotation": {"angle": 22.5, "axis": "y", "origin": [11.74114, 0.8, 11.87239]},
			"faces": {
				"north": {"uv": [8, 4, 12, 8], "rotation": 90, "texture": "#0"},
				"east": {"uv": [8, 4, 12, 8], "rotation": 90, "texture": "#0"},
				"south": {"uv": [8, 4, 12, 8], "rotation": 90, "texture": "#0"},
				"west": {"uv": [8, 4, 12, 8], "rotation": 90, "texture": "#0"},
				"up": {"uv": [8, 4, 12, 8], "rotation": 90, "texture": "#0"},
				"down": {"uv": [8, 4, 12, 8], "rotation": 90, "texture": "#0"}
			}
		},
		{
			"from": [5.69056, -0.3, 9.18525],
			"to": [7.89056, 1.9, 11.38525],
			"rotation": {"angle": 22.5, "axis": "y", "origin": [4.25886, 0.8, 11.87239]},
			"faces": {
				"north": {"uv": [8, 4, 12, 8], "rotation": 90, "texture": "#0"},
				"east": {"uv": [8, 4, 12, 8], "rotation": 90, "texture": "#0"},
				"south": {"uv": [8, 4, 12, 8], "rotation": 90, "texture": "#0"},
				"west": {"uv": [8, 4, 12, 8], "rotation": 90, "texture": "#0"},
				"up": {"uv": [8, 4, 12, 8], "rotation": 90, "texture": "#0"},
				"down": {"uv": [8, 4, 12, 8], "rotation": 90, "texture": "#0"}
			}
		},
		{
			"from": [2.32415, -0.3, 9.52134],
			"to": [4.52415, 1.9, 11.82134],
			"rotation": {"angle": -45, "axis": "y", "origin": [4.25886, 0.8, 11.87239]},
			"faces": {
				"north": {"uv": [8, 4, 12, 8], "rotation": 90, "texture": "#0"},
				"east": {"uv": [8, 4, 12, 8], "rotation": 90, "texture": "#0"},
				"south": {"uv": [8, 4, 12, 8], "rotation": 90, "texture": "#0"},
				"west": {"uv": [8, 4, 12, 8], "rotation": 90, "texture": "#0"},
				"up": {"uv": [8, 4, 12, 8], "rotation": 90, "texture": "#0"},
				"down": {"uv": [8, 4, 12, 8], "rotation": 90, "texture": "#0"}
			}
		},
		{
			"from": [2.49095, -0.3, 11.08485],
			"to": [4.69095, 1.9, 18.48485],
			"rotation": {"angle": -22.5, "axis": "y", "origin": [4.25886, 0.8, 11.87239]},
			"faces": {
				"north": {"uv": [8, 4, 12, 8], "rotation": 90, "texture": "#0"},
				"east": {"uv": [8, 4, 12, 8], "rotation": 90, "texture": "#0"},
				"south": {"uv": [8, 4, 12, 8], "rotation": 90, "texture": "#0"},
				"west": {"uv": [8, 4, 12, 8], "rotation": 90, "texture": "#0"},
				"up": {"uv": [8, 4, 12, 8], "rotation": 90, "texture": "#0"},
				"down": {"uv": [8, 4, 12, 8], "rotation": 90, "texture": "#0"}
			}
		},
		{
			"from": [2.39095, 0.2, 10.98485],
			"to": [2.49095, 1.4, 11.08485],
			"rotation": {"angle": -22.5, "axis": "y", "origin": [4.25886, 0.8, 11.87239]},
			"faces": {
				"north": {"uv": [8, 0, 12, 4], "texture": "#0"},
				"east": {"uv": [8, 0, 12, 4], "texture": "#0"},
				"south": {"uv": [8, 0, 12, 4], "texture": "#0"},
				"west": {"uv": [8, 0, 12, 4], "texture": "#0"},
				"up": {"uv": [8, 0, 12, 4], "texture": "#0"},
				"down": {"uv": [8, 0, 12, 4], "texture": "#0"}
			}
		},
		{
			"from": [2.39095, 0.2, 11.28485],
			"to": [2.49095, 1.4, 11.38485],
			"rotation": {"angle": -22.5, "axis": "y", "origin": [4.25886, 0.8, 11.87239]},
			"faces": {
				"north": {"uv": [8, 0, 12, 4], "texture": "#0"},
				"east": {"uv": [8, 0, 12, 4], "texture": "#0"},
				"south": {"uv": [8, 0, 12, 4], "texture": "#0"},
				"west": {"uv": [8, 0, 12, 4], "texture": "#0"},
				"up": {"uv": [8, 0, 12, 4], "texture": "#0"},
				"down": {"uv": [8, 0, 12, 4], "texture": "#0"}
			}
		},
		{
			"from": [2.39095, 0.2, 11.58485],
			"to": [2.49095, 1.4, 11.68485],
			"rotation": {"angle": -22.5, "axis": "y", "origin": [4.25886, 0.8, 11.87239]},
			"faces": {
				"north": {"uv": [8, 0, 12, 4], "texture": "#0"},
				"east": {"uv": [8, 0, 12, 4], "texture": "#0"},
				"south": {"uv": [8, 0, 12, 4], "texture": "#0"},
				"west": {"uv": [8, 0, 12, 4], "texture": "#0"},
				"up": {"uv": [8, 0, 12, 4], "texture": "#0"},
				"down": {"uv": [8, 0, 12, 4], "texture": "#0"}
			}
		},
		{
			"from": [2.39095, 0.2, 11.88485],
			"to": [2.49095, 1.4, 11.98485],
			"rotation": {"angle": -22.5, "axis": "y", "origin": [4.25886, 0.8, 11.87239]},
			"faces": {
				"north": {"uv": [8, 0, 12, 4], "texture": "#0"},
				"east": {"uv": [8, 0, 12, 4], "texture": "#0"},
				"south": {"uv": [8, 0, 12, 4], "texture": "#0"},
				"west": {"uv": [8, 0, 12, 4], "texture": "#0"},
				"up": {"uv": [8, 0, 12, 4], "texture": "#0"},
				"down": {"uv": [8, 0, 12, 4], "texture": "#0"}
			}
		},
		{
			"from": [2.39095, 0.2, 12.18485],
			"to": [2.49095, 1.4, 12.28485],
			"rotation": {"angle": -22.5, "axis": "y", "origin": [4.25886, 0.8, 11.87239]},
			"faces": {
				"north": {"uv": [8, 0, 12, 4], "texture": "#0"},
				"east": {"uv": [8, 0, 12, 4], "texture": "#0"},
				"south": {"uv": [8, 0, 12, 4], "texture": "#0"},
				"west": {"uv": [8, 0, 12, 4], "texture": "#0"},
				"up": {"uv": [8, 0, 12, 4], "texture": "#0"},
				"down": {"uv": [8, 0, 12, 4], "texture": "#0"}
			}
		},
		{
			"from": [2.39095, 0.2, 12.48485],
			"to": [2.49095, 1.4, 12.58485],
			"rotation": {"angle": -22.5, "axis": "y", "origin": [4.25886, 0.8, 11.87239]},
			"faces": {
				"north": {"uv": [8, 0, 12, 4], "texture": "#0"},
				"east": {"uv": [8, 0, 12, 4], "texture": "#0"},
				"south": {"uv": [8, 0, 12, 4], "texture": "#0"},
				"west": {"uv": [8, 0, 12, 4], "texture": "#0"},
				"up": {"uv": [8, 0, 12, 4], "texture": "#0"},
				"down": {"uv": [8, 0, 12, 4], "texture": "#0"}
			}
		},
		{
			"from": [2.39095, 0.2, 12.78485],
			"to": [2.49095, 1.4, 12.88485],
			"rotation": {"angle": -22.5, "axis": "y", "origin": [4.25886, 0.8, 11.87239]},
			"faces": {
				"north": {"uv": [8, 0, 12, 4], "texture": "#0"},
				"east": {"uv": [8, 0, 12, 4], "texture": "#0"},
				"south": {"uv": [8, 0, 12, 4], "texture": "#0"},
				"west": {"uv": [8, 0, 12, 4], "texture": "#0"},
				"up": {"uv": [8, 0, 12, 4], "texture": "#0"},
				"down": {"uv": [8, 0, 12, 4], "texture": "#0"}
			}
		},
		{
			"from": [2.39095, 0.2, 13.08485],
			"to": [2.49095, 1.4, 13.18485],
			"rotation": {"angle": -22.5, "axis": "y", "origin": [4.25886, 0.8, 11.87239]},
			"faces": {
				"north": {"uv": [8, 0, 12, 4], "texture": "#0"},
				"east": {"uv": [8, 0, 12, 4], "texture": "#0"},
				"south": {"uv": [8, 0, 12, 4], "texture": "#0"},
				"west": {"uv": [8, 0, 12, 4], "texture": "#0"},
				"up": {"uv": [8, 0, 12, 4], "texture": "#0"},
				"down": {"uv": [8, 0, 12, 4], "texture": "#0"}
			}
		},
		{
			"from": [2.39095, 0.2, 13.38485],
			"to": [2.49095, 1.4, 13.48485],
			"rotation": {"angle": -22.5, "axis": "y", "origin": [4.25886, 0.8, 11.87239]},
			"faces": {
				"north": {"uv": [8, 0, 12, 4], "texture": "#0"},
				"east": {"uv": [8, 0, 12, 4], "texture": "#0"},
				"south": {"uv": [8, 0, 12, 4], "texture": "#0"},
				"west": {"uv": [8, 0, 12, 4], "texture": "#0"},
				"up": {"uv": [8, 0, 12, 4], "texture": "#0"},
				"down": {"uv": [8, 0, 12, 4], "texture": "#0"}
			}
		},
		{
			"from": [2.39095, 0.2, 13.68485],
			"to": [2.49095, 1.4, 13.78485],
			"rotation": {"angle": -22.5, "axis": "y", "origin": [4.25886, 0.8, 11.87239]},
			"faces": {
				"north": {"uv": [8, 0, 12, 4], "texture": "#0"},
				"east": {"uv": [8, 0, 12, 4], "texture": "#0"},
				"south": {"uv": [8, 0, 12, 4], "texture": "#0"},
				"west": {"uv": [8, 0, 12, 4], "texture": "#0"},
				"up": {"uv": [8, 0, 12, 4], "texture": "#0"},
				"down": {"uv": [8, 0, 12, 4], "texture": "#0"}
			}
		},
		{
			"from": [2.39095, 0.2, 13.98485],
			"to": [2.49095, 1.4, 14.08485],
			"rotation": {"angle": -22.5, "axis": "y", "origin": [4.25886, 0.8, 11.87239]},
			"faces": {
				"north": {"uv": [8, 0, 12, 4], "texture": "#0"},
				"east": {"uv": [8, 0, 12, 4], "texture": "#0"},
				"south": {"uv": [8, 0, 12, 4], "texture": "#0"},
				"west": {"uv": [8, 0, 12, 4], "texture": "#0"},
				"up": {"uv": [8, 0, 12, 4], "texture": "#0"},
				"down": {"uv": [8, 0, 12, 4], "texture": "#0"}
			}
		},
		{
			"from": [2.39095, 0.2, 14.28485],
			"to": [2.49095, 1.4, 14.38485],
			"rotation": {"angle": -22.5, "axis": "y", "origin": [4.25886, 0.8, 11.87239]},
			"faces": {
				"north": {"uv": [8, 0, 12, 4], "texture": "#0"},
				"east": {"uv": [8, 0, 12, 4], "texture": "#0"},
				"south": {"uv": [8, 0, 12, 4], "texture": "#0"},
				"west": {"uv": [8, 0, 12, 4], "texture": "#0"},
				"up": {"uv": [8, 0, 12, 4], "texture": "#0"},
				"down": {"uv": [8, 0, 12, 4], "texture": "#0"}
			}
		},
		{
			"from": [2.39095, 0.2, 14.58485],
			"to": [2.49095, 1.4, 14.68485],
			"rotation": {"angle": -22.5, "axis": "y", "origin": [4.25886, 0.8, 11.87239]},
			"faces": {
				"north": {"uv": [8, 0, 12, 4], "texture": "#0"},
				"east": {"uv": [8, 0, 12, 4], "texture": "#0"},
				"south": {"uv": [8, 0, 12, 4], "texture": "#0"},
				"west": {"uv": [8, 0, 12, 4], "texture": "#0"},
				"up": {"uv": [8, 0, 12, 4], "texture": "#0"},
				"down": {"uv": [8, 0, 12, 4], "texture": "#0"}
			}
		},
		{
			"from": [2.39095, 0.2, 14.88485],
			"to": [2.49095, 1.4, 14.98485],
			"rotation": {"angle": -22.5, "axis": "y", "origin": [4.25886, 0.8, 11.87239]},
			"faces": {
				"north": {"uv": [8, 0, 12, 4], "texture": "#0"},
				"east": {"uv": [8, 0, 12, 4], "texture": "#0"},
				"south": {"uv": [8, 0, 12, 4], "texture": "#0"},
				"west": {"uv": [8, 0, 12, 4], "texture": "#0"},
				"up": {"uv": [8, 0, 12, 4], "texture": "#0"},
				"down": {"uv": [8, 0, 12, 4], "texture": "#0"}
			}
		},
		{
			"from": [2.39095, 0.2, 15.18485],
			"to": [2.49095, 1.4, 15.28485],
			"rotation": {"angle": -22.5, "axis": "y", "origin": [4.25886, 0.8, 11.87239]},
			"faces": {
				"north": {"uv": [8, 0, 12, 4], "texture": "#0"},
				"east": {"uv": [8, 0, 12, 4], "texture": "#0"},
				"south": {"uv": [8, 0, 12, 4], "texture": "#0"},
				"west": {"uv": [8, 0, 12, 4], "texture": "#0"},
				"up": {"uv": [8, 0, 12, 4], "texture": "#0"},
				"down": {"uv": [8, 0, 12, 4], "texture": "#0"}
			}
		},
		{
			"from": [2.39095, 0.2, 15.48485],
			"to": [2.49095, 1.4, 15.58485],
			"rotation": {"angle": -22.5, "axis": "y", "origin": [4.25886, 0.8, 11.87239]},
			"faces": {
				"north": {"uv": [8, 0, 12, 4], "texture": "#0"},
				"east": {"uv": [8, 0, 12, 4], "texture": "#0"},
				"south": {"uv": [8, 0, 12, 4], "texture": "#0"},
				"west": {"uv": [8, 0, 12, 4], "texture": "#0"},
				"up": {"uv": [8, 0, 12, 4], "texture": "#0"},
				"down": {"uv": [8, 0, 12, 4], "texture": "#0"}
			}
		},
		{
			"from": [2.39095, 0.2, 15.78485],
			"to": [2.49095, 1.4, 15.88485],
			"rotation": {"angle": -22.5, "axis": "y", "origin": [4.25886, 0.8, 11.87239]},
			"faces": {
				"north": {"uv": [8, 0, 12, 4], "texture": "#0"},
				"east": {"uv": [8, 0, 12, 4], "texture": "#0"},
				"south": {"uv": [8, 0, 12, 4], "texture": "#0"},
				"west": {"uv": [8, 0, 12, 4], "texture": "#0"},
				"up": {"uv": [8, 0, 12, 4], "texture": "#0"},
				"down": {"uv": [8, 0, 12, 4], "texture": "#0"}
			}
		},
		{
			"from": [2.39095, 0.2, 16.08485],
			"to": [2.49095, 1.4, 16.18485],
			"rotation": {"angle": -22.5, "axis": "y", "origin": [4.25886, 0.8, 11.87239]},
			"faces": {
				"north": {"uv": [8, 0, 12, 4], "texture": "#0"},
				"east": {"uv": [8, 0, 12, 4], "texture": "#0"},
				"south": {"uv": [8, 0, 12, 4], "texture": "#0"},
				"west": {"uv": [8, 0, 12, 4], "texture": "#0"},
				"up": {"uv": [8, 0, 12, 4], "texture": "#0"},
				"down": {"uv": [8, 0, 12, 4], "texture": "#0"}
			}
		},
		{
			"from": [2.39095, 0.2, 16.38485],
			"to": [2.49095, 1.4, 16.48485],
			"rotation": {"angle": -22.5, "axis": "y", "origin": [4.25886, 0.8, 11.87239]},
			"faces": {
				"north": {"uv": [8, 0, 12, 4], "texture": "#0"},
				"east": {"uv": [8, 0, 12, 4], "texture": "#0"},
				"south": {"uv": [8, 0, 12, 4], "texture": "#0"},
				"west": {"uv": [8, 0, 12, 4], "texture": "#0"},
				"up": {"uv": [8, 0, 12, 4], "texture": "#0"},
				"down": {"uv": [8, 0, 12, 4], "texture": "#0"}
			}
		},
		{
			"from": [2.39095, 0.2, 16.68485],
			"to": [2.49095, 1.4, 16.78485],
			"rotation": {"angle": -22.5, "axis": "y", "origin": [4.25886, 0.8, 11.87239]},
			"faces": {
				"north": {"uv": [8, 0, 12, 4], "texture": "#0"},
				"east": {"uv": [8, 0, 12, 4], "texture": "#0"},
				"south": {"uv": [8, 0, 12, 4], "texture": "#0"},
				"west": {"uv": [8, 0, 12, 4], "texture": "#0"},
				"up": {"uv": [8, 0, 12, 4], "texture": "#0"},
				"down": {"uv": [8, 0, 12, 4], "texture": "#0"}
			}
		},
		{
			"from": [2.39095, 0.2, 16.98485],
			"to": [2.49095, 1.4, 17.08485],
			"rotation": {"angle": -22.5, "axis": "y", "origin": [4.25886, 0.8, 11.87239]},
			"faces": {
				"north": {"uv": [8, 0, 12, 4], "texture": "#0"},
				"east": {"uv": [8, 0, 12, 4], "texture": "#0"},
				"south": {"uv": [8, 0, 12, 4], "texture": "#0"},
				"west": {"uv": [8, 0, 12, 4], "texture": "#0"},
				"up": {"uv": [8, 0, 12, 4], "texture": "#0"},
				"down": {"uv": [8, 0, 12, 4], "texture": "#0"}
			}
		},
		{
			"from": [2.39095, 0.2, 17.28485],
			"to": [2.49095, 1.4, 17.38485],
			"rotation": {"angle": -22.5, "axis": "y", "origin": [4.25886, 0.8, 11.87239]},
			"faces": {
				"north": {"uv": [8, 0, 12, 4], "texture": "#0"},
				"east": {"uv": [8, 0, 12, 4], "texture": "#0"},
				"south": {"uv": [8, 0, 12, 4], "texture": "#0"},
				"west": {"uv": [8, 0, 12, 4], "texture": "#0"},
				"up": {"uv": [8, 0, 12, 4], "texture": "#0"},
				"down": {"uv": [8, 0, 12, 4], "texture": "#0"}
			}
		},
		{
			"from": [2.39095, 0.2, 17.58485],
			"to": [2.49095, 1.4, 17.68485],
			"rotation": {"angle": -22.5, "axis": "y", "origin": [4.25886, 0.8, 11.87239]},
			"faces": {
				"north": {"uv": [8, 0, 12, 4], "texture": "#0"},
				"east": {"uv": [8, 0, 12, 4], "texture": "#0"},
				"south": {"uv": [8, 0, 12, 4], "texture": "#0"},
				"west": {"uv": [8, 0, 12, 4], "texture": "#0"},
				"up": {"uv": [8, 0, 12, 4], "texture": "#0"},
				"down": {"uv": [8, 0, 12, 4], "texture": "#0"}
			}
		},
		{
			"from": [2.39095, 0.2, 17.88485],
			"to": [2.49095, 1.4, 17.98485],
			"rotation": {"angle": -22.5, "axis": "y", "origin": [4.25886, 0.8, 11.87239]},
			"faces": {
				"north": {"uv": [8, 0, 12, 4], "texture": "#0"},
				"east": {"uv": [8, 0, 12, 4], "texture": "#0"},
				"south": {"uv": [8, 0, 12, 4], "texture": "#0"},
				"west": {"uv": [8, 0, 12, 4], "texture": "#0"},
				"up": {"uv": [8, 0, 12, 4], "texture": "#0"},
				"down": {"uv": [8, 0, 12, 4], "texture": "#0"}
			}
		},
		{
			"from": [14.73683, 0.2, 10.93242],
			"to": [14.83683, 1.4, 11.03242],
			"rotation": {"angle": 22.5, "axis": "y", "origin": [12.48683, 1.3, 14.93242]},
			"faces": {
				"north": {"uv": [8, 0, 12, 4], "texture": "#0"},
				"east": {"uv": [8, 0, 12, 4], "texture": "#0"},
				"south": {"uv": [8, 0, 12, 4], "texture": "#0"},
				"west": {"uv": [8, 0, 12, 4], "texture": "#0"},
				"up": {"uv": [8, 0, 12, 4], "texture": "#0"},
				"down": {"uv": [8, 0, 12, 4], "texture": "#0"}
			}
		},
		{
			"from": [14.73683, 0.2, 11.23242],
			"to": [14.83683, 1.4, 11.33242],
			"rotation": {"angle": 22.5, "axis": "y", "origin": [12.48683, 1.3, 14.93242]},
			"faces": {
				"north": {"uv": [8, 0, 12, 4], "texture": "#0"},
				"east": {"uv": [8, 0, 12, 4], "texture": "#0"},
				"south": {"uv": [8, 0, 12, 4], "texture": "#0"},
				"west": {"uv": [8, 0, 12, 4], "texture": "#0"},
				"up": {"uv": [8, 0, 12, 4], "texture": "#0"},
				"down": {"uv": [8, 0, 12, 4], "texture": "#0"}
			}
		},
		{
			"from": [14.73683, 0.2, 11.53242],
			"to": [14.83683, 1.4, 11.63242],
			"rotation": {"angle": 22.5, "axis": "y", "origin": [12.48683, 1.3, 14.93242]},
			"faces": {
				"north": {"uv": [8, 0, 12, 4], "texture": "#0"},
				"east": {"uv": [8, 0, 12, 4], "texture": "#0"},
				"south": {"uv": [8, 0, 12, 4], "texture": "#0"},
				"west": {"uv": [8, 0, 12, 4], "texture": "#0"},
				"up": {"uv": [8, 0, 12, 4], "texture": "#0"},
				"down": {"uv": [8, 0, 12, 4], "texture": "#0"}
			}
		},
		{
			"from": [14.73683, 0.2, 11.83242],
			"to": [14.83683, 1.4, 11.93242],
			"rotation": {"angle": 22.5, "axis": "y", "origin": [12.48683, 1.3, 14.93242]},
			"faces": {
				"north": {"uv": [8, 0, 12, 4], "texture": "#0"},
				"east": {"uv": [8, 0, 12, 4], "texture": "#0"},
				"south": {"uv": [8, 0, 12, 4], "texture": "#0"},
				"west": {"uv": [8, 0, 12, 4], "texture": "#0"},
				"up": {"uv": [8, 0, 12, 4], "texture": "#0"},
				"down": {"uv": [8, 0, 12, 4], "texture": "#0"}
			}
		},
		{
			"from": [14.73683, 0.2, 12.13242],
			"to": [14.83683, 1.4, 12.23242],
			"rotation": {"angle": 22.5, "axis": "y", "origin": [12.48683, 1.3, 14.93242]},
			"faces": {
				"north": {"uv": [8, 0, 12, 4], "texture": "#0"},
				"east": {"uv": [8, 0, 12, 4], "texture": "#0"},
				"south": {"uv": [8, 0, 12, 4], "texture": "#0"},
				"west": {"uv": [8, 0, 12, 4], "texture": "#0"},
				"up": {"uv": [8, 0, 12, 4], "texture": "#0"},
				"down": {"uv": [8, 0, 12, 4], "texture": "#0"}
			}
		},
		{
			"from": [14.73683, 0.2, 12.43242],
			"to": [14.83683, 1.4, 12.53242],
			"rotation": {"angle": 22.5, "axis": "y", "origin": [12.48683, 1.3, 14.93242]},
			"faces": {
				"north": {"uv": [8, 0, 12, 4], "texture": "#0"},
				"east": {"uv": [8, 0, 12, 4], "texture": "#0"},
				"south": {"uv": [8, 0, 12, 4], "texture": "#0"},
				"west": {"uv": [8, 0, 12, 4], "texture": "#0"},
				"up": {"uv": [8, 0, 12, 4], "texture": "#0"},
				"down": {"uv": [8, 0, 12, 4], "texture": "#0"}
			}
		},
		{
			"from": [14.73683, 0.2, 12.73242],
			"to": [14.83683, 1.4, 12.83242],
			"rotation": {"angle": 22.5, "axis": "y", "origin": [12.48683, 1.3, 14.93242]},
			"faces": {
				"north": {"uv": [8, 0, 12, 4], "texture": "#0"},
				"east": {"uv": [8, 0, 12, 4], "texture": "#0"},
				"south": {"uv": [8, 0, 12, 4], "texture": "#0"},
				"west": {"uv": [8, 0, 12, 4], "texture": "#0"},
				"up": {"uv": [8, 0, 12, 4], "texture": "#0"},
				"down": {"uv": [8, 0, 12, 4], "texture": "#0"}
			}
		},
		{
			"from": [14.73683, 0.2, 13.03242],
			"to": [14.83683, 1.4, 13.13242],
			"rotation": {"angle": 22.5, "axis": "y", "origin": [12.48683, 1.3, 14.93242]},
			"faces": {
				"north": {"uv": [8, 0, 12, 4], "texture": "#0"},
				"east": {"uv": [8, 0, 12, 4], "texture": "#0"},
				"south": {"uv": [8, 0, 12, 4], "texture": "#0"},
				"west": {"uv": [8, 0, 12, 4], "texture": "#0"},
				"up": {"uv": [8, 0, 12, 4], "texture": "#0"},
				"down": {"uv": [8, 0, 12, 4], "texture": "#0"}
			}
		},
		{
			"from": [14.73683, 0.2, 13.33242],
			"to": [14.83683, 1.4, 13.43242],
			"rotation": {"angle": 22.5, "axis": "y", "origin": [12.48683, 1.3, 14.93242]},
			"faces": {
				"north": {"uv": [8, 0, 12, 4], "texture": "#0"},
				"east": {"uv": [8, 0, 12, 4], "texture": "#0"},
				"south": {"uv": [8, 0, 12, 4], "texture": "#0"},
				"west": {"uv": [8, 0, 12, 4], "texture": "#0"},
				"up": {"uv": [8, 0, 12, 4], "texture": "#0"},
				"down": {"uv": [8, 0, 12, 4], "texture": "#0"}
			}
		},
		{
			"from": [14.73683, 0.2, 13.63242],
			"to": [14.83683, 1.4, 13.73242],
			"rotation": {"angle": 22.5, "axis": "y", "origin": [12.48683, 1.3, 14.93242]},
			"faces": {
				"north": {"uv": [8, 0, 12, 4], "texture": "#0"},
				"east": {"uv": [8, 0, 12, 4], "texture": "#0"},
				"south": {"uv": [8, 0, 12, 4], "texture": "#0"},
				"west": {"uv": [8, 0, 12, 4], "texture": "#0"},
				"up": {"uv": [8, 0, 12, 4], "texture": "#0"},
				"down": {"uv": [8, 0, 12, 4], "texture": "#0"}
			}
		},
		{
			"from": [14.73683, 0.2, 13.93242],
			"to": [14.83683, 1.4, 14.03242],
			"rotation": {"angle": 22.5, "axis": "y", "origin": [12.48683, 1.3, 14.93242]},
			"faces": {
				"north": {"uv": [8, 0, 12, 4], "texture": "#0"},
				"east": {"uv": [8, 0, 12, 4], "texture": "#0"},
				"south": {"uv": [8, 0, 12, 4], "texture": "#0"},
				"west": {"uv": [8, 0, 12, 4], "texture": "#0"},
				"up": {"uv": [8, 0, 12, 4], "texture": "#0"},
				"down": {"uv": [8, 0, 12, 4], "texture": "#0"}
			}
		},
		{
			"from": [14.73683, 0.2, 14.23242],
			"to": [14.83683, 1.4, 14.33242],
			"rotation": {"angle": 22.5, "axis": "y", "origin": [12.48683, 1.3, 14.93242]},
			"faces": {
				"north": {"uv": [8, 0, 12, 4], "texture": "#0"},
				"east": {"uv": [8, 0, 12, 4], "texture": "#0"},
				"south": {"uv": [8, 0, 12, 4], "texture": "#0"},
				"west": {"uv": [8, 0, 12, 4], "texture": "#0"},
				"up": {"uv": [8, 0, 12, 4], "texture": "#0"},
				"down": {"uv": [8, 0, 12, 4], "texture": "#0"}
			}
		},
		{
			"from": [14.73683, 0.2, 14.53242],
			"to": [14.83683, 1.4, 14.63242],
			"rotation": {"angle": 22.5, "axis": "y", "origin": [12.48683, 1.3, 14.93242]},
			"faces": {
				"north": {"uv": [8, 0, 12, 4], "texture": "#0"},
				"east": {"uv": [8, 0, 12, 4], "texture": "#0"},
				"south": {"uv": [8, 0, 12, 4], "texture": "#0"},
				"west": {"uv": [8, 0, 12, 4], "texture": "#0"},
				"up": {"uv": [8, 0, 12, 4], "texture": "#0"},
				"down": {"uv": [8, 0, 12, 4], "texture": "#0"}
			}
		},
		{
			"from": [14.73683, 0.2, 14.83242],
			"to": [14.83683, 1.4, 14.93242],
			"rotation": {"angle": 22.5, "axis": "y", "origin": [12.48683, 1.3, 14.93242]},
			"faces": {
				"north": {"uv": [8, 0, 12, 4], "texture": "#0"},
				"east": {"uv": [8, 0, 12, 4], "texture": "#0"},
				"south": {"uv": [8, 0, 12, 4], "texture": "#0"},
				"west": {"uv": [8, 0, 12, 4], "texture": "#0"},
				"up": {"uv": [8, 0, 12, 4], "texture": "#0"},
				"down": {"uv": [8, 0, 12, 4], "texture": "#0"}
			}
		},
		{
			"from": [14.73683, 0.2, 15.13242],
			"to": [14.83683, 1.4, 15.23242],
			"rotation": {"angle": 22.5, "axis": "y", "origin": [12.48683, 1.3, 14.93242]},
			"faces": {
				"north": {"uv": [8, 0, 12, 4], "texture": "#0"},
				"east": {"uv": [8, 0, 12, 4], "texture": "#0"},
				"south": {"uv": [8, 0, 12, 4], "texture": "#0"},
				"west": {"uv": [8, 0, 12, 4], "texture": "#0"},
				"up": {"uv": [8, 0, 12, 4], "texture": "#0"},
				"down": {"uv": [8, 0, 12, 4], "texture": "#0"}
			}
		},
		{
			"from": [14.73683, 0.2, 15.43242],
			"to": [14.83683, 1.4, 15.53242],
			"rotation": {"angle": 22.5, "axis": "y", "origin": [12.48683, 1.3, 14.93242]},
			"faces": {
				"north": {"uv": [8, 0, 12, 4], "texture": "#0"},
				"east": {"uv": [8, 0, 12, 4], "texture": "#0"},
				"south": {"uv": [8, 0, 12, 4], "texture": "#0"},
				"west": {"uv": [8, 0, 12, 4], "texture": "#0"},
				"up": {"uv": [8, 0, 12, 4], "texture": "#0"},
				"down": {"uv": [8, 0, 12, 4], "texture": "#0"}
			}
		},
		{
			"from": [14.73683, 0.2, 15.73242],
			"to": [14.83683, 1.4, 15.83242],
			"rotation": {"angle": 22.5, "axis": "y", "origin": [12.48683, 1.3, 14.93242]},
			"faces": {
				"north": {"uv": [8, 0, 12, 4], "texture": "#0"},
				"east": {"uv": [8, 0, 12, 4], "texture": "#0"},
				"south": {"uv": [8, 0, 12, 4], "texture": "#0"},
				"west": {"uv": [8, 0, 12, 4], "texture": "#0"},
				"up": {"uv": [8, 0, 12, 4], "texture": "#0"},
				"down": {"uv": [8, 0, 12, 4], "texture": "#0"}
			}
		},
		{
			"from": [14.73683, 0.2, 16.03242],
			"to": [14.83683, 1.4, 16.13242],
			"rotation": {"angle": 22.5, "axis": "y", "origin": [12.48683, 1.3, 14.93242]},
			"faces": {
				"north": {"uv": [8, 0, 12, 4], "texture": "#0"},
				"east": {"uv": [8, 0, 12, 4], "texture": "#0"},
				"south": {"uv": [8, 0, 12, 4], "texture": "#0"},
				"west": {"uv": [8, 0, 12, 4], "texture": "#0"},
				"up": {"uv": [8, 0, 12, 4], "texture": "#0"},
				"down": {"uv": [8, 0, 12, 4], "texture": "#0"}
			}
		},
		{
			"from": [14.73683, 0.2, 16.33242],
			"to": [14.83683, 1.4, 16.43242],
			"rotation": {"angle": 22.5, "axis": "y", "origin": [12.48683, 1.3, 14.93242]},
			"faces": {
				"north": {"uv": [8, 0, 12, 4], "texture": "#0"},
				"east": {"uv": [8, 0, 12, 4], "texture": "#0"},
				"south": {"uv": [8, 0, 12, 4], "texture": "#0"},
				"west": {"uv": [8, 0, 12, 4], "texture": "#0"},
				"up": {"uv": [8, 0, 12, 4], "texture": "#0"},
				"down": {"uv": [8, 0, 12, 4], "texture": "#0"}
			}
		},
		{
			"from": [14.73683, 0.2, 16.63242],
			"to": [14.83683, 1.4, 16.73242],
			"rotation": {"angle": 22.5, "axis": "y", "origin": [12.48683, 1.3, 14.93242]},
			"faces": {
				"north": {"uv": [8, 0, 12, 4], "texture": "#0"},
				"east": {"uv": [8, 0, 12, 4], "texture": "#0"},
				"south": {"uv": [8, 0, 12, 4], "texture": "#0"},
				"west": {"uv": [8, 0, 12, 4], "texture": "#0"},
				"up": {"uv": [8, 0, 12, 4], "texture": "#0"},
				"down": {"uv": [8, 0, 12, 4], "texture": "#0"}
			}
		},
		{
			"from": [14.73683, 0.2, 16.93242],
			"to": [14.83683, 1.4, 17.03242],
			"rotation": {"angle": 22.5, "axis": "y", "origin": [12.48683, 1.3, 14.93242]},
			"faces": {
				"north": {"uv": [8, 0, 12, 4], "texture": "#0"},
				"east": {"uv": [8, 0, 12, 4], "texture": "#0"},
				"south": {"uv": [8, 0, 12, 4], "texture": "#0"},
				"west": {"uv": [8, 0, 12, 4], "texture": "#0"},
				"up": {"uv": [8, 0, 12, 4], "texture": "#0"},
				"down": {"uv": [8, 0, 12, 4], "texture": "#0"}
			}
		},
		{
			"from": [14.73683, 0.2, 17.23242],
			"to": [14.83683, 1.4, 17.33242],
			"rotation": {"angle": 22.5, "axis": "y", "origin": [12.48683, 1.3, 14.93242]},
			"faces": {
				"north": {"uv": [8, 0, 12, 4], "texture": "#0"},
				"east": {"uv": [8, 0, 12, 4], "texture": "#0"},
				"south": {"uv": [8, 0, 12, 4], "texture": "#0"},
				"west": {"uv": [8, 0, 12, 4], "texture": "#0"},
				"up": {"uv": [8, 0, 12, 4], "texture": "#0"},
				"down": {"uv": [8, 0, 12, 4], "texture": "#0"}
			}
		},
		{
			"from": [14.73683, 0.2, 17.53242],
			"to": [14.83683, 1.4, 17.63242],
			"rotation": {"angle": 22.5, "axis": "y", "origin": [12.48683, 1.3, 14.93242]},
			"faces": {
				"north": {"uv": [8, 0, 12, 4], "texture": "#0"},
				"east": {"uv": [8, 0, 12, 4], "texture": "#0"},
				"south": {"uv": [8, 0, 12, 4], "texture": "#0"},
				"west": {"uv": [8, 0, 12, 4], "texture": "#0"},
				"up": {"uv": [8, 0, 12, 4], "texture": "#0"},
				"down": {"uv": [8, 0, 12, 4], "texture": "#0"}
			}
		},
		{
			"from": [14.73683, 0.2, 17.83242],
			"to": [14.83683, 1.4, 17.93242],
			"rotation": {"angle": 22.5, "axis": "y", "origin": [12.48683, 1.3, 14.93242]},
			"faces": {
				"north": {"uv": [8, 0, 12, 4], "texture": "#0"},
				"east": {"uv": [8, 0, 12, 4], "texture": "#0"},
				"south": {"uv": [8, 0, 12, 4], "texture": "#0"},
				"west": {"uv": [8, 0, 12, 4], "texture": "#0"},
				"up": {"uv": [8, 0, 12, 4], "texture": "#0"},
				"down": {"uv": [8, 0, 12, 4], "texture": "#0"}
			}
		}
	],
	"display": {
		"thirdperson_righthand": {
			"rotation": [0, 0, 90],
			"translation": [-3.5, 1.5, 0],
			"scale": [0.5, 0.5, 0.5]
		},
		"thirdperson_lefthand": {
			"scale": [0, 0, 0]
		},
		"firstperson_righthand": {
			"rotation": [22, 0, 42],
			"translation": [-4.5, 13.5, 2.5],
			"scale": [0.6, 0.6, 0.6]
		},
		"firstperson_lefthand": {
			"scale": [0, 0, 0]
		},
		"ground": {
			"translation": [0, 5.75, 0]
		},
		"gui": {
			"rotation": [-90, 135, 0],
			"translation": [-1.5, 2.25, 0],
			"scale": [0.9, 0.9, 0.9]
		},
		"head": {
			"translation": [0, -38.5, 0],
			"scale": [0.6, 0.6, 0.6]
		},
		"fixed": {
			"rotation": [-90, 0, 0],
			"translation": [0, 0, -9.75]
		}
	},
	"groups": [
		0,
		1,
		2,
		3,
		4,
		5,
		6,
		7,
		8,
		9,
		10,
		11,
		12,
		13,
		14,
		15,
		16,
		17,
		18,
		19,
		20,
		21,
		22,
		23,
		24,
		25,
		26,
		27,
		{
			"name": "group",
			"origin": [4.25886, 0.8, 11.87239],
			"color": 0,
			"children": [28, 29, 30, 31, 32, 33, 34, 35, 36, 37, 38, 39, 40, 41, 42, 43, 44, 45, 46, 47, 48, 49, 50, 51]
		},
		{
			"name": "group",
			"origin": [4.25886, 0.8, 11.87239],
			"color": 0,
			"children": [52, 53, 54, 55, 56, 57, 58, 59, 60, 61, 62, 63, 64, 65, 66, 67, 68, 69, 70, 71, 72, 73, 74, 75]
		}
	]
}