{
	"credit": "Made with Blockbench",
	"texture_size": [64, 64],
	"textures": {
		"0": "gc/objects/at-at/at_st",
		"particle": "gc/objects/at-at/at_st"
	},
	"elements": [
		{
			"from": [2.5, 14.59, 9.925],
			"to": [4.5, 16.59, 17.925],
			"rotation": {"angle": 22.5, "axis": "x", "origin": [3.5, 15.5801, 8.4512]},
			"faces": {
				"north": {"uv": [5, 6, 5.5, 6.5], "texture": "#0"},
				"east": {"uv": [4, 14, 6, 14.5], "texture": "#0"},
				"south": {"uv": [4.5, 7, 5, 7.5], "texture": "#0"},
				"west": {"uv": [4, 13.5, 6, 14], "texture": "#0"},
				"up": {"uv": [4, 14.5, 3.5, 12.5], "texture": "#0"},
				"down": {"uv": [3.5, 12.5, 3, 14.5], "texture": "#0"}
			}
		},
		{
			"from": [2.5, -0.41, 17.925],
			"to": [4.5, 16.59, 18.925],
			"rotation": {"angle": 22.5, "axis": "x", "origin": [3.5, 15.5801, 8.4512]},
			"faces": {
				"north": {"uv": [1.5, 10.5, 2, 14.75], "texture": "#0"},
				"east": {"uv": [2.5, 10.5, 2.75, 14.75], "texture": "#0"},
				"south": {"uv": [2, 10.5, 2.5, 14.75], "texture": "#0"},
				"west": {"uv": [2.75, 10.5, 3, 14.75], "texture": "#0"},
				"up": {"uv": [8, 10.25, 7.5, 10], "texture": "#0"},
				"down": {"uv": [8.5, 10, 8, 10.25], "texture": "#0"}
			}
		},
		{
			"from": [11.499, 14.08015, 6.95118],
			"to": [13.501, 17.08015, 9.95118],
			"rotation": {"angle": 22.5, "axis": "x", "origin": [12.5, 15.58015, 8.45118]},
			"faces": {
				"north": {"uv": [2, 8.75, 2.5, 9.5], "texture": "#0"},
				"east": {"uv": [0.75, 8, 1.5, 8.75], "texture": "#0"},
				"south": {"uv": [2.5, 8.75, 3, 9.5], "texture": "#0"},
				"west": {"uv": [5.25, 8, 6, 8.75], "texture": "#0"},
				"up": {"uv": [3.5, 9.5, 3, 8.75], "texture": "#0"},
				"down": {"uv": [4, 8.75, 3.5, 9.5], "texture": "#0"}
			}
		},
		{
			"from": [11.5, 14.59, 9.925],
			"to": [13.5, 16.59, 17.925],
			"rotation": {"angle": 22.5, "axis": "x", "origin": [12.5, 15.5801, 8.4512]},
			"faces": {
				"north": {"uv": [5.5, 9.25, 6, 9.75], "texture": "#0"},
				"east": {"uv": [4, 12, 6, 12.5], "texture": "#0"},
				"south": {"uv": [8.75, 9.25, 9.25, 9.75], "texture": "#0"},
				"west": {"uv": [4, 11.5, 6, 12], "texture": "#0"},
				"up": {"uv": [3.5, 12.5, 3, 10.5], "texture": "#0"},
				"down": {"uv": [4, 10.5, 3.5, 12.5], "texture": "#0"}
			}
		},
		{
			"from": [11, -5, 6],
			"to": [14, -4, 10],
			"rotation": {"angle": 0, "axis": "x", "origin": [12.5, 10.5801, 8.4512]},
			"faces": {
				"north": {"uv": [3.25, 9.75, 4, 10], "texture": "#0"},
				"east": {"uv": [9.25, 6.75, 10.25, 7], "texture": "#0"},
				"south": {"uv": [9.75, 4.25, 10.5, 4.5], "texture": "#0"},
				"west": {"uv": [9.25, 7, 10.25, 7.25], "texture": "#0"},
				"up": {"uv": [8.25, 5.25, 7.5, 4.25], "texture": "#0"},
				"down": {"uv": [5.25, 7.5, 4.5, 8.5], "texture": "#0"}
			}
		},
		{
			"from": [12, 0.69, 19.425],
			"to": [13, 3.69, 20.425],
			"rotation": {"angle": 45, "axis": "x", "origin": [12.5, 10.5801, 8.4512]},
			"faces": {
				"north": {"uv": [1.75, 9.75, 2, 10.5], "texture": "#0"},
				"east": {"uv": [2.5, 9.75, 2.75, 10.5], "texture": "#0"},
				"south": {"uv": [2.75, 9.75, 3, 10.5], "texture": "#0"},
				"west": {"uv": [3, 9.75, 3.25, 10.5], "texture": "#0"},
				"up": {"uv": [10.5, 2.75, 10.25, 2.5], "texture": "#0"},
				"down": {"uv": [10.5, 2.75, 10.25, 3], "texture": "#0"}
			}
		},
		{
			"from": [11.5, -0.41, 17.925],
			"to": [13.5, 16.59, 18.925],
			"rotation": {"angle": 22.5, "axis": "x", "origin": [12.5, 15.5801, 8.4512]},
			"faces": {
				"north": {"uv": [0.5, 10.5, 1, 14.75], "texture": "#0"},
				"east": {"uv": [0, 10.5, 0.25, 14.75], "texture": "#0"},
				"south": {"uv": [1, 10.5, 1.5, 14.75], "texture": "#0"},
				"west": {"uv": [0.25, 10.5, 0.5, 14.75], "texture": "#0"},
				"up": {"uv": [7.5, 5.5, 7, 5.25], "texture": "#0"},
				"down": {"uv": [5, 9.75, 4.5, 10], "texture": "#0"}
			}
		},
		{
			"from": [3, 0.69, 19.425],
			"to": [4, 3.69, 20.425],
			"rotation": {"angle": 45, "axis": "x", "origin": [3.5, 10.5801, 8.4512]},
			"faces": {
				"north": {"uv": [0.75, 9.75, 1, 10.5], "texture": "#0"},
				"east": {"uv": [1, 9.75, 1.25, 10.5], "texture": "#0"},
				"south": {"uv": [1.25, 9.75, 1.5, 10.5], "texture": "#0"},
				"west": {"uv": [1.5, 9.75, 1.75, 10.5], "texture": "#0"},
				"up": {"uv": [2.5, 10.5, 2.25, 10.25], "texture": "#0"},
				"down": {"uv": [10.5, 2.25, 10.25, 2.5], "texture": "#0"}
			}
		},
		{
			"from": [2, -5, 6],
			"to": [5, -4, 10],
			"rotation": {"angle": 0, "axis": "x", "origin": [3.5, 10.5801, 8.4512]},
			"faces": {
				"north": {"uv": [9.5, 7.75, 10.25, 8], "texture": "#0"},
				"east": {"uv": [4.5, 9.25, 5.5, 9.5], "texture": "#0"},
				"south": {"uv": [9.5, 8.75, 10.25, 9], "texture": "#0"},
				"west": {"uv": [9.25, 6.5, 10.25, 6.75], "texture": "#0"},
				"up": {"uv": [8.25, 3.25, 7.5, 2.25], "texture": "#0"},
				"down": {"uv": [8.25, 3.25, 7.5, 4.25], "texture": "#0"}
			}
		},
		{
			"from": [2.499, 14.08015, 6.95118],
			"to": [4.501, 17.08015, 9.95118],
			"rotation": {"angle": 22.5, "axis": "x", "origin": [3.5, 15.58015, 8.45118]},
			"faces": {
				"north": {"uv": [8.25, 4.25, 8.75, 5], "texture": "#0"},
				"east": {"uv": [7.5, 5.75, 8.25, 6.5], "texture": "#0"},
				"south": {"uv": [8.25, 5.75, 8.75, 6.5], "texture": "#0"},
				"west": {"uv": [7.75, 7.5, 8.5, 8.25], "texture": "#0"},
				"up": {"uv": [8.5, 9, 8, 8.25], "texture": "#0"},
				"down": {"uv": [5, 8.5, 4.5, 9.25], "texture": "#0"}
			}
		},
		{
			"from": [5, 16, 6.27729],
			"to": [11, 17, 13.27729],
			"rotation": {"angle": 0, "axis": "y", "origin": [4, 2.8, 11.3]},
			"faces": {
				"north": {"uv": [8.25, 5, 9.75, 5.25], "texture": "#0"},
				"east": {"uv": [8.25, 3.75, 10, 4], "texture": "#0"},
				"south": {"uv": [8.5, 1.75, 10, 2], "texture": "#0"},
				"west": {"uv": [8.25, 4, 10, 4.25], "texture": "#0"},
				"up": {"uv": [7, 3.75, 5.5, 2], "texture": "#0"},
				"down": {"uv": [7, 3.75, 5.5, 5.5], "texture": "#0"}
			}
		},
		{
			"from": [4, 15, 7.27729],
			"to": [13, 16, 9.27729],
			"rotation": {"angle": 0, "axis": "y", "origin": [4, 2.8, 11.3]},
			"faces": {
				"north": {"uv": [8.25, 0.75, 10.5, 1], "texture": "#0"},
				"east": {"uv": [9.75, 4.5, 10.25, 4.75], "texture": "#0"},
				"south": {"uv": [8.25, 1, 10.5, 1.25], "texture": "#0"},
				"west": {"uv": [9.75, 4.75, 10.25, 5], "texture": "#0"},
				"up": {"uv": [8.25, 1.25, 6, 0.75], "texture": "#0"},
				"down": {"uv": [8.25, 1.25, 6, 1.75], "texture": "#0"}
			}
		},
		{
			"from": [6, 15, 9.27729],
			"to": [10, 16, 13.27729],
			"rotation": {"angle": 0, "axis": "y", "origin": [4, 2.8, 11.3]},
			"faces": {
				"north": {"uv": [8.75, 4.5, 9.75, 4.75], "texture": "#0"},
				"east": {"uv": [8.75, 4.75, 9.75, 5], "texture": "#0"},
				"south": {"uv": [5, 8.75, 6, 9], "texture": "#0"},
				"west": {"uv": [8.75, 5.75, 9.75, 6], "texture": "#0"},
				"down": {"uv": [5, 6, 4, 7], "texture": "#0"}
			}
		},
		{
			"from": [6, 15, 6.27729],
			"to": [10, 16, 7.27729],
			"rotation": {"angle": 0, "axis": "y", "origin": [4, 2.8, 11.3]},
			"faces": {
				"north": {"uv": [1, 9.25, 2, 9.5], "texture": "#0"},
				"east": {"uv": [10.25, 1.5, 10.5, 1.75], "texture": "#0"},
				"south": {"uv": [9.25, 3.25, 10.25, 3.5], "texture": "#0"},
				"west": {"uv": [2, 10.25, 2.25, 10.5], "texture": "#0"},
				"down": {"uv": [10.25, 3.5, 9.25, 3.75], "texture": "#0"}
			}
		},
		{
			"from": [6, 17, 11.27729],
			"to": [10, 18, 13.27729],
			"rotation": {"angle": 0, "axis": "y", "origin": [4, 2.8, 11.3]},
			"faces": {
				"north": {"uv": [8.75, 9, 9.75, 9.25], "texture": "#0"},
				"east": {"uv": [7, 10, 7.5, 10.25], "texture": "#0"},
				"south": {"uv": [0, 9.25, 1, 9.5], "texture": "#0"},
				"west": {"uv": [10, 7.25, 10.5, 7.5], "texture": "#0"},
				"up": {"uv": [9.25, 3.75, 8.25, 3.25], "texture": "#0"}
			}
		},
		{
			"from": [7, 17, 7.27729],
			"to": [9, 20, 10.27729],
			"rotation": {"angle": 0, "axis": "y", "origin": [4, 2.8, 11.3]},
			"faces": {
				"north": {"uv": [8.5, 6.5, 9, 7.25], "texture": "#0"},
				"east": {"uv": [0, 8, 0.75, 8.75], "texture": "#0"},
				"south": {"uv": [8.5, 7.25, 9, 8], "texture": "#0"},
				"west": {"uv": [8, 0, 8.75, 0.75], "texture": "#0"}
			}
		},
		{
			"from": [4, 20, 4.27729],
			"to": [12, 28, 12.27729],
			"rotation": {"angle": 0, "axis": "y", "origin": [4, 2.8, 11.3]},
			"faces": {
				"north": {"uv": [0, 0, 2, 2], "texture": "#0"},
				"east": {"uv": [0, 2, 2, 4], "texture": "#0"},
				"south": {"uv": [2, 0, 4, 2], "texture": "#0"},
				"west": {"uv": [2, 2, 4, 4], "texture": "#0"},
				"up": {"uv": [2, 6, 0, 4], "texture": "#0"},
				"down": {"uv": [6, 0, 4, 2], "texture": "#0"}
			}
		},
		{
			"from": [3, 21, 4.27729],
			"to": [4, 25, 8.27729],
			"rotation": {"angle": 0, "axis": "y", "origin": [4, 2.8, 11.3]},
			"faces": {
				"north": {"uv": [9, 6.5, 9.25, 7.5], "texture": "#0"},
				"south": {"uv": [6.75, 9, 7, 10], "texture": "#0"},
				"west": {"uv": [5, 6.5, 6, 7.5], "texture": "#0"},
				"up": {"uv": [7.25, 10, 7, 9], "texture": "#0"},
				"down": {"uv": [7.5, 9, 7.25, 10], "texture": "#0"}
			}
		},
		{
			"from": [2, 22, 5.27729],
			"to": [3, 24, 7.27729],
			"rotation": {"angle": 0, "axis": "y", "origin": [4, 2.8, 11.3]},
			"faces": {
				"north": {"uv": [5, 9.75, 5.25, 10.25], "texture": "#0"},
				"south": {"uv": [6.5, 9.75, 6.75, 10.25], "texture": "#0"},
				"west": {"uv": [9, 5.25, 9.5, 5.75], "texture": "#0"},
				"up": {"uv": [5, 10.5, 4.75, 10], "texture": "#0"},
				"down": {"uv": [5.75, 10, 5.5, 10.5], "texture": "#0"}
			}
		},
		{
			"from": [13, 23, 2.27729],
			"to": [14, 24, 5.27729],
			"rotation": {"angle": 0, "axis": "y", "origin": [12, 2.8, 11.3]},
			"faces": {
				"north": {"uv": [10.25, 0.5, 10.5, 0.75], "texture": "#0"},
				"east": {"uv": [9.5, 5.5, 10.25, 5.75], "texture": "#0"},
				"south": {"uv": [10.25, 1.25, 10.5, 1.5], "texture": "#0"},
				"west": {"uv": [9.5, 7.5, 10.25, 7.75], "texture": "#0"},
				"up": {"uv": [9.75, 10.25, 9.5, 9.5], "texture": "#0"},
				"down": {"uv": [0.75, 9.75, 0.5, 10.5], "texture": "#0"}
			}
		},
		{
			"from": [12, 21, 4.27729],
			"to": [13, 25, 8.27729],
			"rotation": {"angle": 0, "axis": "y", "origin": [12, 2.8, 11.3]},
			"faces": {
				"north": {"uv": [7.5, 9, 7.75, 10], "texture": "#0"},
				"east": {"uv": [6, 6.5, 7, 7.5], "texture": "#0"},
				"south": {"uv": [8, 9, 8.25, 10], "texture": "#0"},
				"up": {"uv": [8.5, 10, 8.25, 9], "texture": "#0"},
				"down": {"uv": [8.75, 9, 8.5, 10], "texture": "#0"}
			}
		},
		{
			"from": [13, 22, 5.27729],
			"to": [14, 24, 7.27729],
			"rotation": {"angle": 0, "axis": "y", "origin": [12, 2.8, 11.3]},
			"faces": {
				"north": {"uv": [5.75, 10, 6, 10.5], "texture": "#0"},
				"east": {"uv": [9, 7.5, 9.5, 8], "texture": "#0"},
				"south": {"uv": [6, 10, 6.25, 10.5], "texture": "#0"},
				"up": {"uv": [6.5, 10.5, 6.25, 10], "texture": "#0"},
				"down": {"uv": [7, 10, 6.75, 10.5], "texture": "#0"}
			}
		},
		{
			"from": [2, 23, 2.27729],
			"to": [3, 24, 5.27729],
			"rotation": {"angle": 0, "axis": "y", "origin": [4, 2.8, 11.3]},
			"faces": {
				"north": {"uv": [0.25, 10.25, 0.5, 10.5], "texture": "#0"},
				"east": {"uv": [4.5, 9.5, 5.25, 9.75], "texture": "#0"},
				"south": {"uv": [10.25, 0.25, 10.5, 0.5], "texture": "#0"},
				"west": {"uv": [9.5, 5.25, 10.25, 5.5], "texture": "#0"},
				"up": {"uv": [5.5, 10.25, 5.25, 9.5], "texture": "#0"},
				"down": {"uv": [9.5, 9.5, 9.25, 10.25], "texture": "#0"}
			}
		},
		{
			"from": [4, 19, 3.27729],
			"to": [12, 26, 4.27729],
			"rotation": {"angle": 0, "axis": "y", "origin": [4, 2.8, 11.3]},
			"faces": {
				"north": {"uv": [2, 4, 4, 5.75], "texture": "#0"},
				"east": {"uv": [6.5, 8, 6.75, 9.75], "texture": "#0"},
				"west": {"uv": [7.75, 8.25, 8, 10], "texture": "#0"},
				"up": {"uv": [10.25, 1.5, 8.25, 1.25], "texture": "#0"},
				"down": {"uv": [10.25, 1.5, 8.25, 1.75], "texture": "#0"}
			}
		},
		{
			"from": [4, 19, 4.27729],
			"to": [12, 20, 8.27729],
			"rotation": {"angle": 0, "axis": "y", "origin": [4, 2.8, 11.3]},
			"faces": {
				"north": {"uv": [8.25, 2.25, 10.25, 2.5], "texture": "#0"},
				"east": {"uv": [6, 1.75, 7, 2], "texture": "#0"},
				"south": {"uv": [8.25, 2.5, 10.25, 2.75], "texture": "#0"},
				"west": {"uv": [8.75, 4.25, 9.75, 4.5], "texture": "#0"},
				"down": {"uv": [7.5, 5.5, 5.5, 6.5], "texture": "#0"}
			}
		},
		{
			"from": [4, 18, 3.27729],
			"to": [12, 19, 6.27729],
			"rotation": {"angle": 0, "axis": "y", "origin": [4, 2.8, 11.3]},
			"faces": {
				"north": {"uv": [8.25, 2.75, 10.25, 3], "texture": "#0"},
				"east": {"uv": [2.5, 9.5, 3.25, 9.75], "texture": "#0"},
				"south": {"uv": [8.25, 3, 10.25, 3.25], "texture": "#0"},
				"west": {"uv": [3.25, 9.5, 4, 9.75], "texture": "#0"},
				"down": {"uv": [8, 0, 6, 0.75], "texture": "#0"}
			}
		},
		{
			"from": [5, 19, 8.27729],
			"to": [11, 20, 12.27729],
			"rotation": {"angle": 0, "axis": "y", "origin": [4, 2.8, 11.3]},
			"faces": {
				"north": {"uv": [0, 8.75, 1.5, 9], "texture": "#0"},
				"east": {"uv": [1, 9, 2, 9.25], "texture": "#0"},
				"south": {"uv": [8.75, 0, 10.25, 0.25], "texture": "#0"},
				"west": {"uv": [5, 9, 6, 9.25], "texture": "#0"},
				"down": {"uv": [1.5, 6, 0, 7], "texture": "#0"}
			}
		},
		{
			"from": [6, 27, 3.27729],
			"to": [10, 28, 4.27729],
			"rotation": {"angle": 0, "axis": "y", "origin": [4, 2.8, 11.3]},
			"faces": {
				"north": {"uv": [8.75, 6, 9.75, 6.25], "texture": "#0"},
				"east": {"uv": [10, 8.5, 10.25, 8.75], "texture": "#0"},
				"south": {"uv": [8.75, 6.25, 9.75, 6.5], "texture": "#0"},
				"west": {"uv": [8.75, 10, 9, 10.25], "texture": "#0"},
				"up": {"uv": [9.5, 9, 8.5, 8.75], "texture": "#0"},
				"down": {"uv": [1, 9, 0, 9.25], "texture": "#0"}
			}
		},
		{
			"from": [5, 28, 9.27729],
			"to": [11, 29, 11.27729],
			"rotation": {"angle": 0, "axis": "y", "origin": [4, 2.8, 11.3]},
			"faces": {
				"north": {"uv": [8.75, 0.25, 10.25, 0.5], "texture": "#0"},
				"east": {"uv": [9.75, 9, 10.25, 9.25], "texture": "#0"},
				"south": {"uv": [8.75, 0.5, 10.25, 0.75], "texture": "#0"},
				"west": {"uv": [9.75, 9.5, 10.25, 9.75], "texture": "#0"},
				"up": {"uv": [1.5, 8, 0, 7.5], "texture": "#0"}
			}
		},
		{
			"from": [5, 26, 2.27729],
			"to": [11, 27, 4.27729],
			"rotation": {"angle": 0, "axis": "y", "origin": [4, 2.8, 11.3]},
			"faces": {
				"north": {"uv": [8.5, 8.25, 10, 8.5], "texture": "#0"},
				"east": {"uv": [9.75, 6.25, 10.25, 6.5], "texture": "#0"},
				"south": {"uv": [8.5, 8.5, 10, 8.75], "texture": "#0"},
				"west": {"uv": [8.75, 9.75, 9.25, 10], "texture": "#0"},
				"up": {"uv": [8.5, 7, 7, 6.5], "texture": "#0"},
				"down": {"uv": [8.5, 7, 7, 7.5], "texture": "#0"}
			}
		},
		{
			"from": [9, 26, 1.27729],
			"to": [11, 27, 2.27729],
			"rotation": {"angle": 0, "axis": "y", "origin": [4, 2.8, 11.3]},
			"faces": {
				"north": {"uv": [9.75, 9.75, 10.25, 10], "texture": "#0"},
				"east": {"uv": [9.75, 10, 10, 10.25], "texture": "#0"},
				"south": {"uv": [10, 1.75, 10.5, 2], "texture": "#0"},
				"west": {"uv": [10, 10, 10.25, 10.25], "texture": "#0"},
				"up": {"uv": [10.5, 2.25, 10, 2], "texture": "#0"},
				"down": {"uv": [3.75, 10, 3.25, 10.25], "texture": "#0"}
			}
		},
		{
			"from": [5, 26, 1.27729],
			"to": [7, 27, 2.27729],
			"rotation": {"angle": 0, "axis": "y", "origin": [4, 2.8, 11.3]},
			"faces": {
				"north": {"uv": [3.75, 10, 4.25, 10.25], "texture": "#0"},
				"east": {"uv": [0, 10.25, 0.25, 10.5], "texture": "#0"},
				"south": {"uv": [10, 3.75, 10.5, 4], "texture": "#0"},
				"west": {"uv": [10.25, 0, 10.5, 0.25], "texture": "#0"},
				"up": {"uv": [10.5, 4.25, 10, 4], "texture": "#0"},
				"down": {"uv": [4.75, 10, 4.25, 10.25], "texture": "#0"}
			}
		},
		{
			"from": [7, 25, 2.27729],
			"to": [9, 26, 3.27729],
			"rotation": {"angle": 0, "axis": "y", "origin": [4, 2.8, 11.3]},
			"faces": {
				"north": {"uv": [9.75, 5, 10.25, 5.25], "texture": "#0"},
				"east": {"uv": [9, 10, 9.25, 10.25], "texture": "#0"},
				"south": {"uv": [5.5, 9.75, 6, 10], "texture": "#0"},
				"west": {"uv": [10, 9.25, 10.25, 9.5], "texture": "#0"},
				"up": {"uv": [10.25, 6, 9.75, 5.75], "texture": "#0"},
				"down": {"uv": [10.25, 6, 9.75, 6.25], "texture": "#0"}
			}
		},
		{
			"from": [5, 17, 2.27729],
			"to": [11, 25, 3.27729],
			"rotation": {"angle": 0, "axis": "y", "origin": [4, 2.8, 11.3]},
			"faces": {
				"north": {"uv": [4, 2, 5.5, 4], "texture": "#0"},
				"east": {"uv": [6, 8, 6.25, 10], "texture": "#0"},
				"south": {"uv": [4, 4, 5.5, 6], "texture": "#0"},
				"west": {"uv": [6.25, 8, 6.5, 10], "texture": "#0"},
				"up": {"uv": [10, 2.25, 8.5, 2], "texture": "#0"},
				"down": {"uv": [10, 8, 8.5, 8.25], "texture": "#0"}
			}
		},
		{
			"from": [6, 18, -0.72271],
			"to": [7, 19, 2.27729],
			"rotation": {"angle": 0, "axis": "y", "origin": [4, 2.8, 11.3]},
			"faces": {
				"north": {"uv": [5, 8.5, 5.25, 8.75], "texture": "#0"},
				"east": {"uv": [9.25, 7.25, 10, 7.5], "texture": "#0"},
				"south": {"uv": [10, 8, 10.25, 8.25], "texture": "#0"},
				"west": {"uv": [9.25, 9.25, 10, 9.5], "texture": "#0"},
				"up": {"uv": [0.25, 10.25, 0, 9.5], "texture": "#0"},
				"down": {"uv": [0.5, 9.5, 0.25, 10.25], "texture": "#0"}
			}
		},
		{
			"from": [9, 18, -0.72271],
			"to": [10, 19, 2.27729],
			"rotation": {"angle": 0, "axis": "y", "origin": [4, 2.8, 11.3]},
			"faces": {
				"north": {"uv": [10, 8.25, 10.25, 8.5], "texture": "#0"},
				"east": {"uv": [0.5, 9.5, 1.25, 9.75], "texture": "#0"},
				"south": {"uv": [8.5, 10, 8.75, 10.25], "texture": "#0"},
				"west": {"uv": [1.25, 9.5, 2, 9.75], "texture": "#0"},
				"up": {"uv": [2.25, 10.25, 2, 9.5], "texture": "#0"},
				"down": {"uv": [2.5, 9.5, 2.25, 10.25], "texture": "#0"}
			}
		}
	]
}