{
	"credit": "Made with Blockbench",
	"texture_size": [128, 128],
	"textures": {
		"0": "gc/objects/at-at/body",
		"particle": "gc/objects/at-at/body"
	},
	"elements": [
		{
			"from": [4, 24, -1],
			"to": [12, 26, 0],
			"rotation": {"angle": 0, "axis": "y", "origin": [32, 0, -16]},
			"faces": {
				"north": {"uv": [6.5, 1, 7.5, 1.25], "texture": "#0"},
				"up": {"uv": [9.25, 7.25, 8.25, 7.125], "texture": "#0"},
				"down": {"uv": [6.5, 10.625, 5.5, 10.75], "texture": "#0"}
			}
		},
		{
			"from": [2, 24, 27],
			"to": [14, 27, 29],
			"rotation": {"angle": 0, "axis": "y", "origin": [-16, 0, -16]},
			"faces": {
				"east": {"uv": [11, 0.625, 11.25, 1], "texture": "#0"},
				"south": {"uv": [7.5, 1.75, 9, 2.125], "texture": "#0"},
				"west": {"uv": [1, 11, 1.25, 11.375], "texture": "#0"},
				"up": {"uv": [10.25, 3.125, 8.75, 2.875], "texture": "#0"}
			}
		},
		{
			"from": [1, 16, 27],
			"to": [15, 24, 29],
			"rotation": {"angle": 0, "axis": "y", "origin": [-16, 0, -16]},
			"faces": {
				"east": {"uv": [9, 9.875, 9.25, 10.875], "texture": "#0"},
				"south": {"uv": [5.75, 1.25, 7.5, 2.25], "texture": "#0"},
				"west": {"uv": [9.875, 9.75, 10.125, 10.75], "texture": "#0"},
				"up": {"uv": [9.5, 3.625, 7.75, 3.375], "texture": "#0"},
				"down": {"uv": [10, 0.75, 8.25, 1], "texture": "#0"}
			}
		},
		{
			"from": [1, 16, 29],
			"to": [15, 23, 30],
			"rotation": {"angle": 0, "axis": "y", "origin": [-16, 0, -16]},
			"faces": {
				"east": {"uv": [2.25, 10.75, 2.375, 11.625], "texture": "#0"},
				"south": {"uv": [6, 2.75, 7.75, 3.625], "texture": "#0"},
				"west": {"uv": [10.625, 10.875, 10.75, 11.75], "texture": "#0"},
				"up": {"uv": [11.125, 2.875, 9.375, 2.75], "texture": "#0"},
				"down": {"uv": [11.75, 1.375, 10, 1.5], "texture": "#0"}
			}
		},
		{
			"from": [1, 16, 6],
			"to": [15, 27, 20],
			"rotation": {"angle": 0, "axis": "y", "origin": [-16, 0, -16]},
			"faces": {
				"north": {"uv": [3.25, 0, 5, 1.375], "texture": "#0"},
				"east": {"uv": [2.5, 3.375, 4.25, 4.75], "texture": "#0"},
				"south": {"uv": [0, 3.5, 1.75, 4.875], "texture": "#0"},
				"west": {"uv": [4, 1.375, 5.75, 2.75], "texture": "#0"},
				"up": {"uv": [1.75, 1.75, 0, 0], "texture": "#0"},
				"down": {"uv": [1.75, 1.75, 0, 3.5], "texture": "#0"}
			}
		},
		{
			"from": [2, 14, 7],
			"to": [14, 16, 20],
			"rotation": {"angle": 0, "axis": "y", "origin": [-16, 0, -16]},
			"faces": {
				"north": {"uv": [8.75, 3.125, 10.25, 3.375], "texture": "#0"},
				"east": {"uv": [8.25, 6.625, 9.875, 6.875], "texture": "#0"},
				"south": {"uv": [9.375, 2.5, 10.875, 2.75], "texture": "#0"},
				"west": {"uv": [8.25, 6.875, 9.875, 7.125], "texture": "#0"},
				"down": {"uv": [4, 1.75, 2.5, 3.375], "texture": "#0"}
			}
		},
		{
			"from": [1, 15, 10],
			"to": [15, 16, 19],
			"rotation": {"angle": 0, "axis": "y", "origin": [-16, 0, -16]},
			"faces": {
				"north": {"uv": [10, 5.375, 11.75, 5.5], "texture": "#0"},
				"east": {"uv": [10.5, 8.375, 11.625, 8.5], "texture": "#0"},
				"south": {"uv": [10, 5.5, 11.75, 5.625], "texture": "#0"},
				"west": {"uv": [10.5, 8.5, 11.625, 8.625], "texture": "#0"},
				"down": {"uv": [1.75, 4.875, 0, 6], "texture": "#0"}
			}
		},
		{
			"from": [3, 13.001, 1],
			"to": [5, 16.001, 28],
			"rotation": {"angle": 0, "axis": "y", "origin": [-16, 0, -16]},
			"faces": {
				"north": {"uv": [11, 1, 11.25, 1.375], "texture": "#0"},
				"east": {"uv": [6, 3.625, 9.375, 4], "texture": "#0"},
				"south": {"uv": [2.375, 11, 2.625, 11.375], "texture": "#0"},
				"west": {"uv": [6, 4, 9.375, 4.375], "texture": "#0"},
				"down": {"uv": [6, 6.125, 5.75, 9.5], "texture": "#0"}
			}
		},
		{
			"from": [11, 13.01, 1],
			"to": [13, 16.01, 28],
			"rotation": {"angle": 0, "axis": "y", "origin": [-16, 0, -16]},
			"faces": {
				"north": {"uv": [11, 3.125, 11.25, 3.5], "texture": "#0"},
				"east": {"uv": [6, 4.375, 9.375, 4.75], "texture": "#0"},
				"south": {"uv": [11, 3.5, 11.25, 3.875], "texture": "#0"},
				"west": {"uv": [6, 4.75, 9.375, 5.125], "texture": "#0"},
				"down": {"uv": [1.25, 6.5, 1, 9.875], "texture": "#0"}
			}
		},
		{
			"from": [2, 13, 9],
			"to": [14, 14, 19],
			"rotation": {"angle": 0, "axis": "y", "origin": [-16, 0, -16]},
			"faces": {
				"north": {"uv": [7.5, 2.125, 9, 2.25], "texture": "#0"},
				"east": {"uv": [10.25, 0.5, 11.5, 0.625], "texture": "#0"},
				"south": {"uv": [10, 5.625, 11.5, 5.75], "texture": "#0"},
				"west": {"uv": [10.25, 2, 11.5, 2.125], "texture": "#0"},
				"down": {"uv": [6.5, 0, 5, 1.25], "texture": "#0"}
			}
		},
		{
			"from": [4, 11, 11],
			"to": [12, 13, 13],
			"rotation": {"angle": 0, "axis": "y", "origin": [-16, 0, -16]},
			"faces": {
				"north": {"uv": [9.75, 4.375, 10.75, 4.625], "texture": "#0"},
				"east": {"uv": [9.5, 11, 9.75, 11.25], "texture": "#0"},
				"south": {"uv": [10, 0.625, 11, 0.875], "texture": "#0"},
				"west": {"uv": [11, 10.625, 11.25, 10.875], "texture": "#0"},
				"down": {"uv": [11, 0.875, 10, 1.125], "texture": "#0"}
			}
		},
		{
			"from": [4, 11, 17],
			"to": [12, 13, 19],
			"rotation": {"angle": 0, "axis": "y", "origin": [-16, 0, -16]},
			"faces": {
				"north": {"uv": [10, 1.125, 11, 1.375], "texture": "#0"},
				"east": {"uv": [11, 10.875, 11.25, 11.125], "texture": "#0"},
				"south": {"uv": [4, 10, 5, 10.25], "texture": "#0"},
				"west": {"uv": [0, 11.125, 0.25, 11.375], "texture": "#0"},
				"down": {"uv": [11, 5.125, 10, 5.375], "texture": "#0"}
			}
		},
		{
			"from": [2, 23, 29],
			"to": [14, 26, 30],
			"rotation": {"angle": 0, "axis": "y", "origin": [-16, 0, -16]},
			"faces": {
				"east": {"uv": [6, 11.125, 6.125, 11.5], "texture": "#0"},
				"south": {"uv": [8.25, 6.25, 9.75, 6.625], "texture": "#0"},
				"west": {"uv": [6.875, 11.125, 7, 11.5], "texture": "#0"},
				"up": {"uv": [3.25, 6, 1.75, 5.875], "texture": "#0"}
			}
		},
		{
			"from": [5, 12, 3],
			"to": [11, 16, 29],
			"rotation": {"angle": 0, "axis": "y", "origin": [-16, 0, -16]},
			"faces": {
				"north": {"uv": [9.25, 1, 10, 1.5], "texture": "#0"},
				"east": {"uv": [5.75, 2.25, 9, 2.75], "texture": "#0"},
				"south": {"uv": [9.25, 7.125, 10, 7.625], "texture": "#0"},
				"west": {"uv": [0, 6, 3.25, 6.5], "texture": "#0"},
				"down": {"uv": [2.5, 1.75, 1.75, 5], "texture": "#0"}
			}
		},
		{
			"from": [6, 13, 29],
			"to": [10, 21, 32],
			"rotation": {"angle": 0, "axis": "y", "origin": [-16, 0, -16]},
			"faces": {
				"east": {"uv": [9.375, 7.625, 9.75, 8.625], "texture": "#0"},
				"south": {"uv": [6, 8.5, 6.5, 9.5], "texture": "#0"},
				"west": {"uv": [9.375, 8.625, 9.75, 9.625], "texture": "#0"},
				"up": {"uv": [3.125, 10.625, 2.625, 10.25], "texture": "#0"},
				"down": {"uv": [10.75, 2.875, 10.25, 3.25], "texture": "#0"}
			}
		},
		{
			"from": [2, 27, 6],
			"to": [14, 30, 20],
			"rotation": {"angle": 0, "axis": "y", "origin": [-16, 0, -16]},
			"faces": {
				"north": {"uv": [7.75, 7.25, 9.25, 7.625], "texture": "#0"},
				"east": {"uv": [6.5, 6.125, 8.25, 6.5], "texture": "#0"},
				"south": {"uv": [4.25, 8, 5.75, 8.375], "texture": "#0"},
				"west": {"uv": [6.5, 6.5, 8.25, 6.875], "texture": "#0"},
				"up": {"uv": [3.25, 1.75, 1.75, 0], "texture": "#0"}
			}
		},
		{
			"from": [2, 25, 20],
			"to": [14, 29, 24],
			"rotation": {"angle": 0, "axis": "y", "origin": [-16, 0, -16]},
			"faces": {
				"east": {"uv": [9.875, 6.625, 10.375, 7.125], "texture": "#0"},
				"south": {"uv": [1.25, 6.5, 2.75, 7], "texture": "#0"},
				"west": {"uv": [9.875, 9.25, 10.375, 9.75], "texture": "#0"},
				"up": {"uv": [8, 5.625, 6.5, 5.125], "texture": "#0"}
			}
		},
		{
			"from": [2, 24, 24],
			"to": [14, 28, 27],
			"rotation": {"angle": 0, "axis": "y", "origin": [-16, 0, -16]},
			"faces": {
				"east": {"uv": [10.125, 10, 10.5, 10.5], "texture": "#0"},
				"south": {"uv": [6.5, 5.625, 8, 6.125], "texture": "#0"},
				"west": {"uv": [10.25, 0, 10.625, 0.5], "texture": "#0"},
				"up": {"uv": [9.5, 5.5, 8, 5.125], "texture": "#0"}
			}
		},
		{
			"from": [1, 16, 20],
			"to": [15, 26, 24],
			"rotation": {"angle": 0, "axis": "y", "origin": [-16, 0, -16]},
			"faces": {
				"east": {"uv": [1.25, 7.75, 1.75, 9], "texture": "#0"},
				"south": {"uv": [4.25, 2.75, 6, 4], "texture": "#0"},
				"west": {"uv": [1.75, 7.75, 2.25, 9], "texture": "#0"},
				"up": {"uv": [8.25, 0.5, 6.5, 0], "texture": "#0"},
				"down": {"uv": [8.25, 0.5, 6.5, 1], "texture": "#0"}
			}
		},
		{
			"from": [1, 16, 24],
			"to": [15, 25, 27],
			"rotation": {"angle": 0, "axis": "y", "origin": [-16, 0, -16]},
			"faces": {
				"east": {"uv": [2.125, 9.125, 2.5, 10.25], "texture": "#0"},
				"south": {"uv": [2.5, 4.75, 4.25, 5.875], "texture": "#0"},
				"west": {"uv": [2.5, 9.125, 2.875, 10.25], "texture": "#0"},
				"up": {"uv": [9.25, 1.375, 7.5, 1], "texture": "#0"},
				"down": {"uv": [9.25, 1.375, 7.5, 1.75], "texture": "#0"}
			}
		},
		{
			"from": [2, 16, 30],
			"to": [5, 25, 31],
			"rotation": {"angle": 0, "axis": "y", "origin": [-16, 0, -16]},
			"faces": {
				"east": {"uv": [2.875, 9.125, 3, 10.25], "texture": "#0"},
				"south": {"uv": [1.75, 9, 2.125, 10.125], "texture": "#0"},
				"west": {"uv": [3.125, 10.25, 3.25, 11.375], "texture": "#0"},
				"up": {"uv": [11.5, 5.125, 11.125, 5], "texture": "#0"},
				"down": {"uv": [6, 11.125, 5.625, 11.25], "texture": "#0"}
			}
		},
		{
			"from": [2, 17, 31],
			"to": [5, 21, 32],
			"rotation": {"angle": 0, "axis": "y", "origin": [-16, 0, -16]},
			"faces": {
				"east": {"uv": [6.125, 11, 6.25, 11.5], "texture": "#0"},
				"south": {"uv": [10.25, 1.5, 10.625, 2], "texture": "#0"},
				"west": {"uv": [6.25, 11, 6.375, 11.5], "texture": "#0"},
				"up": {"uv": [11.5, 6.875, 11.125, 6.75], "texture": "#0"},
				"down": {"uv": [7.625, 11.125, 7.25, 11.25], "texture": "#0"}
			}
		},
		{
			"from": [11, 17, 31],
			"to": [14, 21, 32],
			"rotation": {"angle": 0, "axis": "y", "origin": [-16, 0, -16]},
			"faces": {
				"east": {"uv": [6.375, 11, 6.5, 11.5], "texture": "#0"},
				"south": {"uv": [2, 10.25, 2.375, 10.75], "texture": "#0"},
				"west": {"uv": [8, 11, 8.125, 11.5], "texture": "#0"},
				"up": {"uv": [11.5, 7.375, 11.125, 7.25], "texture": "#0"},
				"down": {"uv": [11.5, 7.375, 11.125, 7.5], "texture": "#0"}
			}
		},
		{
			"from": [11, 16, 30],
			"to": [14, 25, 31],
			"rotation": {"angle": 0, "axis": "y", "origin": [-16, 0, -16]},
			"faces": {
				"east": {"uv": [9.75, 10.25, 9.875, 11.375], "texture": "#0"},
				"south": {"uv": [9, 1.75, 9.375, 2.875], "texture": "#0"},
				"west": {"uv": [10.5, 7.25, 10.625, 8.375], "texture": "#0"},
				"up": {"uv": [6.875, 11.25, 6.5, 11.125], "texture": "#0"},
				"down": {"uv": [11.5, 6.625, 11.125, 6.75], "texture": "#0"}
			}
		},
		{
			"from": [5, 22, 30],
			"to": [11, 25, 31],
			"rotation": {"angle": 0, "axis": "y", "origin": [-16, 0, -16]},
			"faces": {
				"south": {"uv": [3.25, 1.375, 4, 1.75], "texture": "#0"},
				"up": {"uv": [5.75, 1.375, 5, 1.25], "texture": "#0"},
				"down": {"uv": [11.375, 8.25, 10.625, 8.375], "texture": "#0"}
			}
		},
		{
			"from": [2, 25, 3],
			"to": [14, 28, 6],
			"rotation": {"angle": 0, "axis": "y", "origin": [-16, 0, -16]},
			"faces": {
				"north": {"uv": [8.25, 0.375, 9.75, 0.75], "texture": "#0"},
				"east": {"uv": [10.5, 5.75, 10.875, 6.125], "texture": "#0"},
				"west": {"uv": [10.5, 6.875, 10.875, 7.25], "texture": "#0"},
				"up": {"uv": [9.75, 6.25, 8.25, 5.875], "texture": "#0"}
			}
		},
		{
			"from": [2, 24, 0],
			"to": [14, 27, 3],
			"rotation": {"angle": 0, "axis": "y", "origin": [-16, 0, -16]},
			"faces": {
				"north": {"uv": [8, 5.5, 9.5, 5.875], "texture": "#0"},
				"east": {"uv": [10.5, 2.125, 10.875, 2.5], "texture": "#0"},
				"west": {"uv": [10.5, 4, 10.875, 4.375], "texture": "#0"},
				"up": {"uv": [9.75, 0.375, 8.25, 0], "texture": "#0"}
			}
		},
		{
			"from": [1, 16, 3],
			"to": [15, 25, 6],
			"rotation": {"angle": 0, "axis": "y", "origin": [-16, 0, -16]},
			"faces": {
				"north": {"uv": [4.25, 4, 6, 5.125], "texture": "#0"},
				"east": {"uv": [9, 7.625, 9.375, 8.75], "texture": "#0"},
				"west": {"uv": [9, 8.75, 9.375, 9.875], "texture": "#0"},
				"up": {"uv": [7.75, 7.625, 6, 7.25], "texture": "#0"},
				"down": {"uv": [3, 7.375, 1.25, 7.75], "texture": "#0"}
			}
		},
		{
			"from": [1, 16, 0],
			"to": [15, 24, 3],
			"rotation": {"angle": 0, "axis": "y", "origin": [-16, 0, -16]},
			"faces": {
				"north": {"uv": [4.25, 5.125, 6, 6.125], "texture": "#0"},
				"east": {"uv": [9.375, 1.5, 9.75, 2.5], "texture": "#0"},
				"west": {"uv": [9.375, 3.625, 9.75, 4.625], "texture": "#0"},
				"up": {"uv": [8.25, 7.25, 6.5, 6.875], "texture": "#0"},
				"down": {"uv": [3, 7, 1.25, 7.375], "texture": "#0"}
			}
		},
		{
			"from": [13, 16, -1],
			"to": [15, 22, 0],
			"rotation": {"angle": 0, "axis": "y", "origin": [-16, 0, -16]},
			"faces": {
				"north": {"uv": [7, 10.125, 7.25, 10.875], "texture": "#0"},
				"east": {"uv": [1.25, 11, 1.375, 11.75], "texture": "#0"},
				"west": {"uv": [1.375, 11, 1.5, 11.75], "texture": "#0"},
				"up": {"uv": [9.75, 5.875, 9.5, 5.75], "texture": "#0"},
				"down": {"uv": [10, 0.625, 9.75, 0.75], "texture": "#0"}
			}
		},
		{
			"from": [12, 22, -1],
			"to": [14, 26, 0],
			"rotation": {"angle": 0, "axis": "y", "origin": [-16, 0, -16]},
			"faces": {
				"north": {"uv": [10.625, 4.625, 10.875, 5.125], "texture": "#0"},
				"east": {"uv": [8.125, 11, 8.25, 11.5], "texture": "#0"},
				"west": {"uv": [11, 8.625, 11.125, 9.125], "texture": "#0"},
				"up": {"uv": [10.25, 8.75, 10, 8.625], "texture": "#0"},
				"down": {"uv": [10.875, 9.625, 10.625, 9.75], "texture": "#0"}
			}
		},
		{
			"from": [1, 16, -1],
			"to": [3, 22, 0],
			"rotation": {"angle": 0, "axis": "y", "origin": [32, 0, -16]},
			"faces": {
				"north": {"uv": [2.375, 10.25, 2.625, 11], "texture": "#0"},
				"east": {"uv": [1.5, 11, 1.625, 11.75], "texture": "#0"},
				"west": {"uv": [1.625, 11, 1.75, 11.75], "texture": "#0"},
				"up": {"uv": [11.5, 3.875, 11.25, 3.75], "texture": "#0"},
				"down": {"uv": [11.5, 4.75, 11.25, 4.875], "texture": "#0"}
			}
		},
		{
			"from": [2, 22, -1],
			"to": [4, 26, 0],
			"rotation": {"angle": 0, "axis": "y", "origin": [32, 0, -16]},
			"faces": {
				"north": {"uv": [4.75, 10.625, 5, 11.125], "texture": "#0"},
				"east": {"uv": [9.25, 11, 9.375, 11.5], "texture": "#0"},
				"west": {"uv": [9.375, 11, 9.5, 11.5], "texture": "#0"},
				"up": {"uv": [11, 3.25, 10.75, 3.125], "texture": "#0"},
				"down": {"uv": [11.5, 3.625, 11.25, 3.75], "texture": "#0"}
			}
		}
	],
	"display": {
		"thirdperson_righthand": {
			"rotation": [90, 0, 0],
			"translation": [-6, 26, -27],
			"scale": [4, 4, 4]
		}
	},
	"groups": [
		{
			"name": "Body",
			"origin": [32, 0, -16],
			"color": 0,
			"children": [0, 1, 2, 3, 4, 5, 6, 7, 8, 9, 10, 11, 12, 13, 14, 15, 16, 17, 18, 19, 20, 21, 22, 23, 24, 25, 26, 27, 28, 29, 30, 31, 32]
		}
	]
}