{
	"credit": "Made with Blockbench",
	"textures": {
		"0": "gc/objects/at-at/body",
		"particle": "gc/objects/at-at/body"
	},
	"elements": [
		{
			"from": [7, -5.899, 5],
			"to": [9, -3.899, 11],
			"rotation": {"angle": 0, "axis": "x", "origin": [8, -11, 8]},
			"faces": {
				"north": {"uv": [11.125, 0, 11.375, 0.25], "texture": "#0"},
				"east": {"uv": [10.25, 3.25, 11, 3.5], "texture": "#0"},
				"south": {"uv": [0.25, 11.125, 0.5, 11.375], "texture": "#0"},
				"west": {"uv": [10.25, 3.5, 11, 3.75], "texture": "#0"},
				"up": {"uv": [4.25, 11, 4, 10.25], "texture": "#0"},
				"down": {"uv": [4.5, 10.25, 4.25, 11], "texture": "#0"}
			}
		},
		{
			"from": [6, -5.899, 6],
			"to": [10, -3.899, 10],
			"rotation": {"angle": 0, "axis": "x", "origin": [8, -11, 8]},
			"faces": {
				"north": {"uv": [10.625, 7.25, 11.125, 7.5], "texture": "#0"},
				"east": {"uv": [10.625, 7.5, 11.125, 7.75], "texture": "#0"},
				"south": {"uv": [10.625, 7.75, 11.125, 8], "texture": "#0"},
				"west": {"uv": [10.625, 8, 11.125, 8.25], "texture": "#0"},
				"up": {"uv": [0.5, 10.5, 0, 10], "texture": "#0"},
				"down": {"uv": [5.5, 10, 5, 10.5], "texture": "#0"}
			}
		},
		{
			"from": [6, -3.9, 7],
			"to": [10, -2.899, 9],
			"rotation": {"angle": 0, "axis": "x", "origin": [8, -11, 8]},
			"faces": {
				"north": {"uv": [11.125, 1.625, 11.625, 1.75], "texture": "#0"},
				"east": {"uv": [11.25, 4.875, 11.5, 5], "texture": "#0"},
				"south": {"uv": [11.125, 1.75, 11.625, 1.875], "texture": "#0"},
				"west": {"uv": [7.25, 11.25, 7.5, 11.375], "texture": "#0"},
				"up": {"uv": [11.25, 3.125, 10.75, 2.875], "texture": "#0"}
			}
		},
		{
			"from": [7, -5.9, 6],
			"to": [9, -0.9, 10],
			"rotation": {"angle": 0, "axis": "x", "origin": [8, -11, 8]},
			"faces": {
				"north": {"uv": [8, 10.375, 8.25, 11], "texture": "#0"},
				"east": {"uv": [6.75, 9.5, 7.25, 10.125], "texture": "#0"},
				"south": {"uv": [10.375, 9.125, 10.625, 9.75], "texture": "#0"},
				"west": {"uv": [9.375, 9.625, 9.875, 10.25], "texture": "#0"},
				"up": {"uv": [7.5, 11.125, 7.25, 10.625], "texture": "#0"},
				"down": {"uv": [8.5, 10.625, 8.25, 11.125], "texture": "#0"}
			}
		},
		{
			"from": [7.5, -1.9, 10],
			"to": [8.5, 1.1, 11],
			"rotation": {"angle": 0, "axis": "x", "origin": [3, -11, 8]},
			"faces": {
				"north": {"uv": [11.125, 7.5, 11.25, 7.875], "texture": "#0"},
				"east": {"uv": [7.625, 11.125, 7.75, 11.5], "texture": "#0"},
				"south": {"uv": [7.75, 11.125, 7.875, 11.5], "texture": "#0"},
				"west": {"uv": [7.875, 11.125, 8, 11.5], "texture": "#0"},
				"up": {"uv": [10.375, 9.25, 10.25, 9.125], "texture": "#0"},
				"down": {"uv": [10.5, 6.875, 10.375, 7], "texture": "#0"}
			}
		},
		{
			"from": [7.5, 0.6, 6],
			"to": [8.5, 1.6, 10],
			"rotation": {"angle": 0, "axis": "x", "origin": [3, -11, 8]},
			"faces": {
				"north": {"uv": [11.125, 13.625, 11, 13.5], "texture": "#0"},
				"east": {"uv": [10.875, 13.25, 11, 13.75], "rotation": 90, "texture": "#0"},
				"south": {"uv": [11.125, 13.75, 11, 13.625], "texture": "#0"},
				"west": {"uv": [11.125, 13.25, 11.25, 13.75], "rotation": 90, "texture": "#0"},
				"up": {"uv": [11.375, 13.75, 11.25, 13.25], "texture": "#0"},
				"down": {"uv": [11.5, 13.25, 11.375, 13.75], "texture": "#0"}
			}
		},
		{
			"from": [7.5, -1.9, 5],
			"to": [8.5, 1.1, 6],
			"rotation": {"angle": 0, "axis": "x", "origin": [3, -11, 8]},
			"faces": {
				"north": {"uv": [11.125, 7.875, 11.25, 8.25], "texture": "#0"},
				"east": {"uv": [8.25, 11.125, 8.375, 11.5], "texture": "#0"},
				"south": {"uv": [8.375, 11.125, 8.5, 11.5], "texture": "#0"},
				"west": {"uv": [8.5, 11.125, 8.625, 11.5], "texture": "#0"},
				"up": {"uv": [10.5, 7.125, 10.375, 7], "texture": "#0"},
				"down": {"uv": [6.875, 11.25, 6.75, 11.375], "texture": "#0"}
			}
		}
	],
	"display": {
		"thirdperson_righthand": {
			"rotation": [90, 0, 0],
			"translation": [-6, -1.75, 43],
			"scale": [4, 4, 4]
		}
	},
	"groups": [
		{
			"name": "leg",
			"origin": [8, 8, 8],
			"color": 0,
			"children": [
				{
					"name": "Leg",
					"origin": [-16, 0, -16],
					"color": 0,
					"children": [0, 1, 2, 3, 4, 5, 6]
				}
			]
		}
	]
}