{
	"credit": "Made with Blockbench",
	"textures": {
		"0": "gc/objects/at-at/body",
		"particle": "gc/objects/at-at/body"
	},
	"elements": [
		{
			"from": [6, 17, -3],
			"to": [10, 22, 5],
			"rotation": {"angle": 0, "axis": "y", "origin": [-16, 0, -16]},
			"faces": {
				"east": {"uv": [2.25, 7.75, 3.25, 8.375], "texture": "#0"},
				"west": {"uv": [7.75, 2.75, 8.75, 3.375], "texture": "#0"},
				"up": {"uv": [7, 9.5, 6.5, 8.5], "texture": "#0"},
				"down": {"uv": [7.5, 8.5, 7, 9.5], "texture": "#0"}
			}
		},
		{
			"from": [5, 16, -7],
			"to": [11, 23, -3],
			"rotation": {"angle": 0, "axis": "y", "origin": [-16, 0, -16]},
			"faces": {
				"north": {"uv": [1.75, 5, 2.5, 5.875], "texture": "#0"},
				"east": {"uv": [3.5, 8.875, 4, 9.75], "texture": "#0"},
				"south": {"uv": [6, 7.625, 6.75, 8.5], "texture": "#0"},
				"west": {"uv": [1.25, 9, 1.75, 9.875], "texture": "#0"},
				"up": {"uv": [10.125, 5.125, 9.375, 4.625], "texture": "#0"},
				"down": {"uv": [0.75, 9.5, 0, 10], "texture": "#0"}
			}
		},
		{
			"from": [6, 20, -13],
			"to": [10, 21, -12],
			"rotation": {"angle": 0, "axis": "y", "origin": [-16, 0, -16]},
			"faces": {
				"north": {"uv": [11.125, 0.375, 11.625, 0.5], "texture": "#0"},
				"east": {"uv": [9.875, 11.25, 10, 11.375], "texture": "#0"},
				"west": {"uv": [10, 11.25, 10.125, 11.375], "texture": "#0"},
				"up": {"uv": [11.625, 1.625, 11.125, 1.5], "texture": "#0"}
			}
		},
		{
			"from": [5, 15, -10],
			"to": [11, 22, -7],
			"rotation": {"angle": 0, "axis": "y", "origin": [-16, 0, -16]},
			"faces": {
				"north": {"uv": [6.75, 7.625, 7.5, 8.5], "texture": "#0"},
				"east": {"uv": [5.5, 9.5, 5.875, 10.375], "texture": "#0"},
				"south": {"uv": [7.5, 7.625, 8.25, 8.5], "texture": "#0"},
				"west": {"uv": [5.875, 9.5, 6.25, 10.375], "texture": "#0"},
				"up": {"uv": [10.5, 2.5, 9.75, 2.125], "texture": "#0"},
				"down": {"uv": [10.5, 4, 9.75, 4.375], "texture": "#0"}
			}
		},
		{
			"from": [5, 15, -13],
			"to": [11, 16, -12],
			"rotation": {"angle": 0, "axis": "y", "origin": [-16, 0, -16]},
			"faces": {
				"north": {"uv": [10.875, 6, 11.625, 6.125], "texture": "#0"},
				"east": {"uv": [11.25, 10.625, 11.375, 10.75], "texture": "#0"},
				"south": {"uv": [10.875, 7.125, 11.625, 7.25], "texture": "#0"},
				"west": {"uv": [11.25, 10.75, 11.375, 10.875], "texture": "#0"},
				"up": {"uv": [11.75, 4, 11, 3.875], "texture": "#0"},
				"down": {"uv": [11.75, 5.125, 11, 5.25], "texture": "#0"}
			}
		},
		{
			"from": [6, 15, -7],
			"to": [10, 16, -4],
			"rotation": {"angle": 0, "axis": "y", "origin": [-16, 0, -16]},
			"faces": {
				"east": {"uv": [11.125, 10, 11.5, 10.125], "texture": "#0"},
				"south": {"uv": [11.125, 0.25, 11.625, 0.375], "texture": "#0"},
				"west": {"uv": [11, 11.125, 11.375, 11.25], "texture": "#0"},
				"down": {"uv": [5, 10.25, 4.5, 10.625], "texture": "#0"}
			}
		},
		{
			"from": [5, 16, -14],
			"to": [11, 20, -12],
			"rotation": {"angle": 0, "axis": "y", "origin": [-16, 0, -16]},
			"faces": {
				"north": {"uv": [4, 9.5, 4.75, 10], "texture": "#0"},
				"east": {"uv": [10.625, 9.125, 10.875, 9.625], "texture": "#0"},
				"south": {"uv": [4.75, 9.5, 5.5, 10], "texture": "#0"},
				"west": {"uv": [0.5, 10.75, 0.75, 11.25], "texture": "#0"},
				"up": {"uv": [11, 4, 10.25, 3.75], "texture": "#0"},
				"down": {"uv": [11, 6.125, 10.25, 6.375], "texture": "#0"}
			}
		},
		{
			"from": [5, 15, -12],
			"to": [11, 21, -10],
			"rotation": {"angle": 0, "axis": "y", "origin": [-16, 0, -16]},
			"faces": {
				"north": {"uv": [2.25, 8.375, 3, 9.125], "texture": "#0"},
				"east": {"uv": [9.25, 10.25, 9.5, 11], "texture": "#0"},
				"west": {"uv": [9.5, 10.25, 9.75, 11], "texture": "#0"},
				"up": {"uv": [11, 6.625, 10.25, 6.375], "texture": "#0"},
				"down": {"uv": [11, 8.625, 10.25, 8.875], "texture": "#0"}
			}
		},
		{
			"from": [4, 16, -12],
			"to": [5, 19, -9],
			"rotation": {"angle": 0, "axis": "y", "origin": [-16, 0, -16]},
			"faces": {
				"north": {"uv": [0.5, 11.25, 0.625, 11.625], "texture": "#0"},
				"south": {"uv": [0.625, 11.25, 0.75, 11.625], "texture": "#0"},
				"west": {"uv": [10.5, 10, 10.875, 10.375], "texture": "#0"},
				"up": {"uv": [11.375, 1, 11.25, 0.625], "texture": "#0"},
				"down": {"uv": [11.375, 1, 11.25, 1.375], "texture": "#0"}
			}
		},
		{
			"from": [11, 16, -12],
			"to": [12, 19, -9],
			"rotation": {"angle": 0, "axis": "y", "origin": [-16, 0, -16]},
			"faces": {
				"north": {"uv": [2, 11.25, 2.125, 11.625], "texture": "#0"},
				"east": {"uv": [10.125, 10.5, 10.5, 10.875], "texture": "#0"},
				"south": {"uv": [2.125, 11.25, 2.25, 11.625], "texture": "#0"},
				"up": {"uv": [2.75, 11.625, 2.625, 11.25], "texture": "#0"},
				"down": {"uv": [2.875, 11.25, 2.75, 11.625], "texture": "#0"}
			}
		},
		{
			"from": [5, 16, -15],
			"to": [11, 19, -14],
			"rotation": {"angle": 0, "axis": "y", "origin": [-16, 0, -16]},
			"faces": {
				"north": {"uv": [9.75, 5.75, 10.5, 6.125], "texture": "#0"},
				"east": {"uv": [8.625, 11.125, 8.75, 11.5], "texture": "#0"},
				"west": {"uv": [11.125, 8.625, 11.25, 9], "texture": "#0"},
				"up": {"uv": [11.625, 2.75, 10.875, 2.625], "texture": "#0"},
				"down": {"uv": [11.625, 4.25, 10.875, 4.375], "texture": "#0"}
			}
		},
		{
			"from": [9, 15, -16],
			"to": [10, 16, -13],
			"rotation": {"angle": 0, "axis": "y", "origin": [-16, 0, -16]},
			"faces": {
				"north": {"uv": [7.5, 11.25, 7.625, 11.375], "texture": "#0"},
				"east": {"uv": [11.125, 9, 11.5, 9.125], "texture": "#0"},
				"south": {"uv": [11.25, 8, 11.375, 8.125], "texture": "#0"},
				"west": {"uv": [11.125, 9.625, 11.5, 9.75], "texture": "#0"},
				"up": {"uv": [8.875, 11.5, 8.75, 11.125], "texture": "#0"},
				"down": {"uv": [9, 11.125, 8.875, 11.5], "texture": "#0"}
			}
		},
		{
			"from": [12, 17, -15],
			"to": [13, 18, -10],
			"rotation": {"angle": 0, "axis": "y", "origin": [-16, 0, -16]},
			"faces": {
				"north": {"uv": [11.25, 8.75, 11.375, 8.875], "texture": "#0"},
				"east": {"uv": [11, 5.25, 11.625, 5.375], "texture": "#0"},
				"south": {"uv": [11.25, 8.875, 11.375, 9], "texture": "#0"},
				"west": {"uv": [5.5, 11, 6.125, 11.125], "texture": "#0"},
				"up": {"uv": [4.125, 11.625, 4, 11], "texture": "#0"},
				"down": {"uv": [4.25, 11, 4.125, 11.625], "texture": "#0"}
			}
		},
		{
			"from": [3, 17, -15],
			"to": [4, 18, -10],
			"rotation": {"angle": 0, "axis": "y", "origin": [-16, 0, -16]},
			"faces": {
				"north": {"uv": [9.5, 11.25, 9.625, 11.375], "texture": "#0"},
				"east": {"uv": [11, 6.125, 11.625, 6.25], "texture": "#0"},
				"south": {"uv": [9.625, 11.25, 9.75, 11.375], "texture": "#0"},
				"west": {"uv": [11, 6.25, 11.625, 6.375], "texture": "#0"},
				"up": {"uv": [4.375, 11.625, 4.25, 11], "texture": "#0"},
				"down": {"uv": [4.5, 11, 4.375, 11.625], "texture": "#0"}
			}
		},
		{
			"from": [6, 15, -16],
			"to": [7, 16, -13],
			"rotation": {"angle": 0, "axis": "y", "origin": [-16, 0, -16]},
			"faces": {
				"north": {"uv": [11.25, 8.125, 11.375, 8.25], "texture": "#0"},
				"east": {"uv": [11.125, 9.75, 11.5, 9.875], "texture": "#0"},
				"south": {"uv": [11.25, 8.625, 11.375, 8.75], "texture": "#0"},
				"west": {"uv": [11.125, 9.875, 11.5, 10], "texture": "#0"},
				"up": {"uv": [10.875, 11.5, 10.75, 11.125], "texture": "#0"},
				"down": {"uv": [11, 11.125, 10.875, 11.5], "texture": "#0"}
			}
		}
	],
	"display": {
		"thirdperson_righthand": {
			"rotation": [90, 0, 0],
			"translation": [-6, -14.5, -30],
			"scale": [4, 4, 4]
		}
	},
	"groups": [
		{
			"name": "Head",
			"origin": [-16, 0, -16],
			"color": 0,
			"children": [0, 1, 2, 3, 4, 5, 6, 7, 8, 9, 10, 11, 12, 13, 14]
		}
	]
}