{
	"credit": "Made with Blockbench",
	"textures": {
		"0": "gc/objects/at-at/body",
		"particle": "gc/objects/at-at/body"
	},
	"elements": [
		{
			"from": [7, -10, 6],
			"to": [9, -1, 10],
			"rotation": {"angle": 0, "axis": "x", "origin": [3, 3, -2]},
			"faces": {
				"north": {"uv": [7.25, 9.5, 7.5, 10.625], "texture": "#0"},
				"east": {"uv": [8.25, 7.625, 8.75, 8.75], "texture": "#0"},
				"south": {"uv": [8.75, 9.5, 9, 10.625], "texture": "#0"},
				"west": {"uv": [0, 8.375, 0.5, 9.5], "texture": "#0"},
				"up": {"uv": [6.75, 11.125, 6.5, 10.625], "texture": "#0"},
				"down": {"uv": [7, 10.625, 6.75, 11.125], "texture": "#0"}
			}
		},
		{
			"from": [7, -1, 6],
			"to": [9, 14, 10],
			"rotation": {"angle": 0, "axis": "y", "origin": [-16, 0, -16]},
			"faces": {
				"north": {"uv": [7.75, 8.5, 8, 10.375], "texture": "#0"},
				"east": {"uv": [6, 5.125, 6.5, 7], "texture": "#0"},
				"south": {"uv": [8, 8.5, 8.25, 10.375], "texture": "#0"},
				"west": {"uv": [4.25, 6.125, 4.75, 8], "texture": "#0"},
				"up": {"uv": [8.75, 11.125, 8.5, 10.625], "texture": "#0"},
				"down": {"uv": [9, 10.625, 8.75, 11.125], "texture": "#0"}
			}
		}
	],
	"display": {
		"thirdperson_righthand": {
			"rotation": [90, 0, 0],
			"translation": [-6, -1.75, -12],
			"scale": [4, 4, 4]
		}
	},
	"groups": [
		{
			"name": "Leg",
			"origin": [-16, 0, -16],
			"color": 0,
			"children": [0, 1]
		}
	]
}