{
	"credit": "Made with Blockbench",
	"elements": [
		{
			"name": "voxel",
			"from": [4, 22, 6],
			"to": [6, 24, 10],
			"rotation": {"angle": 0, "axis": "y", "origin": [-8, -8, -8]},
			"faces": {
				"north": {"uv": [0.25, 0.25, 0.75, 0.75], "texture": "#missing"},
				"east": {"uv": [0.25, 0.25, 0.75, 0.75], "texture": "#missing"},
				"south": {"uv": [0.25, 0.25, 0.75, 0.75], "texture": "#missing"},
				"west": {"uv": [0.25, 0.25, 0.75, 0.75], "texture": "#missing"},
				"up": {"uv": [0.25, 0.25, 0.75, 0.75], "texture": "#missing"},
				"down": {"uv": [0.25, 0.25, 0.75, 0.75], "texture": "#missing"}
			}
		},
		{
			"name": "voxel",
			"from": [4, 20, 10],
			"to": [6, 24, 12],
			"rotation": {"angle": 0, "axis": "y", "origin": [-8, -8, -8]},
			"faces": {
				"north": {"uv": [0.25, 0.25, 0.75, 0.75], "texture": "#missing"},
				"east": {"uv": [0.25, 0.25, 0.75, 0.75], "texture": "#missing"},
				"south": {"uv": [0.25, 0.25, 0.75, 0.75], "texture": "#missing"},
				"west": {"uv": [0.25, 0.25, 0.75, 0.75], "texture": "#missing"},
				"up": {"uv": [0.25, 0.25, 0.75, 0.75], "texture": "#missing"},
				"down": {"uv": [0.25, 0.25, 0.75, 0.75], "texture": "#missing"}
			}
		},
		{
			"name": "voxel",
			"from": [14, 18, 10],
			"to": [16, 22, 12],
			"rotation": {"angle": 0, "axis": "y", "origin": [-8, -8, -8]},
			"faces": {
				"north": {"uv": [0.25, 0.25, 0.75, 0.75], "texture": "#missing"},
				"east": {"uv": [0.25, 0.25, 0.75, 0.75], "texture": "#missing"},
				"south": {"uv": [0.25, 0.25, 0.75, 0.75], "texture": "#missing"},
				"west": {"uv": [0.25, 0.25, 0.75, 0.75], "texture": "#missing"},
				"up": {"uv": [0.25, 0.25, 0.75, 0.75], "texture": "#missing"},
				"down": {"uv": [0.25, 0.25, 0.75, 0.75], "texture": "#missing"}
			}
		},
		{
			"name": "voxel",
			"from": [4, 18, 2],
			"to": [6, 20, 4],
			"rotation": {"angle": 0, "axis": "y", "origin": [-8, -8, -8]},
			"faces": {
				"north": {"uv": [0.25, 0.25, 0.75, 0.75], "texture": "#missing"},
				"east": {"uv": [0.25, 0.25, 0.75, 0.75], "texture": "#missing"},
				"south": {"uv": [0.25, 0.25, 0.75, 0.75], "texture": "#missing"},
				"west": {"uv": [0.25, 0.25, 0.75, 0.75], "texture": "#missing"},
				"up": {"uv": [0.25, 0.25, 0.75, 0.75], "texture": "#missing"},
				"down": {"uv": [0.25, 0.25, 0.75, 0.75], "texture": "#missing"}
			}
		},
		{
			"name": "voxel",
			"from": [-12, 16.6, 6],
			"to": [-6, 18.6, 10],
			"rotation": {"angle": 0, "axis": "y", "origin": [-8, -8, -8]},
			"faces": {
				"north": {"uv": [0.25, 0.25, 0.75, 0.75], "texture": "#missing"},
				"east": {"uv": [0.25, 0.25, 0.75, 0.75], "texture": "#missing"},
				"south": {"uv": [0.25, 0.25, 0.75, 0.75], "texture": "#missing"},
				"west": {"uv": [0.25, 0.25, 0.75, 0.75], "texture": "#missing"},
				"up": {"uv": [0.25, 0.25, 0.75, 0.75], "texture": "#missing"},
				"down": {"uv": [0.25, 0.25, 0.75, 0.75], "texture": "#missing"}
			}
		},
		{
			"name": "voxel",
			"from": [16, 14, 12],
			"to": [18, 18, 14],
			"rotation": {"angle": 0, "axis": "y", "origin": [-8, -8, -8]},
			"faces": {
				"north": {"uv": [0.25, 0.25, 0.75, 0.75], "texture": "#missing"},
				"east": {"uv": [0.25, 0.25, 0.75, 0.75], "texture": "#missing"},
				"south": {"uv": [0.25, 0.25, 0.75, 0.75], "texture": "#missing"},
				"west": {"uv": [0.25, 0.25, 0.75, 0.75], "texture": "#missing"},
				"up": {"uv": [0.25, 0.25, 0.75, 0.75], "texture": "#missing"},
				"down": {"uv": [0.25, 0.25, 0.75, 0.75], "texture": "#missing"}
			}
		},
		{
			"name": "voxel",
			"from": [2, 14, 12],
			"to": [4, 18, 14],
			"rotation": {"angle": 0, "axis": "y", "origin": [-8, -8, -8]},
			"faces": {
				"north": {"uv": [0.25, 0.25, 0.75, 0.75], "texture": "#missing"},
				"east": {"uv": [0.25, 0.25, 0.75, 0.75], "texture": "#missing"},
				"south": {"uv": [0.25, 0.25, 0.75, 0.75], "texture": "#missing"},
				"west": {"uv": [0.25, 0.25, 0.75, 0.75], "texture": "#missing"},
				"up": {"uv": [0.25, 0.25, 0.75, 0.75], "texture": "#missing"},
				"down": {"uv": [0.25, 0.25, 0.75, 0.75], "texture": "#missing"}
			}
		},
		{
			"name": "voxel",
			"from": [14, 14, 10],
			"to": [16, 18, 14],
			"rotation": {"angle": 0, "axis": "y", "origin": [-8, -8, -8]},
			"faces": {
				"north": {"uv": [0.25, 0.25, 0.75, 0.75], "texture": "#missing"},
				"east": {"uv": [0.25, 0.25, 0.75, 0.75], "texture": "#missing"},
				"south": {"uv": [0.25, 0.25, 0.75, 0.75], "texture": "#missing"},
				"west": {"uv": [0.25, 0.25, 0.75, 0.75], "texture": "#missing"},
				"up": {"uv": [0.25, 0.25, 0.75, 0.75], "texture": "#missing"},
				"down": {"uv": [0.25, 0.25, 0.75, 0.75], "texture": "#missing"}
			}
		},
		{
			"name": "voxel",
			"from": [4, 14, 10],
			"to": [6, 20, 14],
			"rotation": {"angle": 0, "axis": "y", "origin": [-8, -8, -8]},
			"faces": {
				"north": {"uv": [0.25, 0.25, 0.75, 0.75], "texture": "#missing"},
				"east": {"uv": [0.25, 0.25, 0.75, 0.75], "texture": "#missing"},
				"south": {"uv": [0.25, 0.25, 0.75, 0.75], "texture": "#missing"},
				"west": {"uv": [0.25, 0.25, 0.75, 0.75], "texture": "#missing"},
				"up": {"uv": [0.25, 0.25, 0.75, 0.75], "texture": "#missing"},
				"down": {"uv": [0.25, 0.25, 0.75, 0.75], "texture": "#missing"}
			}
		},
		{
			"name": "voxel",
			"from": [18, 14, 6],
			"to": [20, 22, 10],
			"rotation": {"angle": 0, "axis": "y", "origin": [-8, -8, -8]},
			"faces": {
				"north": {"uv": [0.25, 0.25, 0.75, 0.75], "texture": "#missing"},
				"east": {"uv": [0.25, 0.25, 0.75, 0.75], "texture": "#missing"},
				"south": {"uv": [0.25, 0.25, 0.75, 0.75], "texture": "#missing"},
				"west": {"uv": [0.25, 0.25, 0.75, 0.75], "texture": "#missing"},
				"up": {"uv": [0.25, 0.25, 0.75, 0.75], "texture": "#missing"},
				"down": {"uv": [0.25, 0.25, 0.75, 0.75], "texture": "#missing"}
			}
		},
		{
			"name": "voxel",
			"from": [0, 14, 6],
			"to": [2, 22, 10],
			"rotation": {"angle": 0, "axis": "y", "origin": [-8, -8, -8]},
			"faces": {
				"north": {"uv": [0.25, 0.25, 0.75, 0.75], "texture": "#missing"},
				"east": {"uv": [0.25, 0.25, 0.75, 0.75], "texture": "#missing"},
				"south": {"uv": [0.25, 0.25, 0.75, 0.75], "texture": "#missing"},
				"west": {"uv": [0.25, 0.25, 0.75, 0.75], "texture": "#missing"},
				"up": {"uv": [0.25, 0.25, 0.75, 0.75], "texture": "#missing"},
				"down": {"uv": [0.25, 0.25, 0.75, 0.75], "texture": "#missing"}
			}
		},
		{
			"name": "voxel",
			"from": [-6, 14, 6],
			"to": [-2, 18, 10],
			"rotation": {"angle": 0, "axis": "y", "origin": [-8, -8, -8]},
			"faces": {
				"north": {"uv": [0.25, 0.25, 0.75, 0.75], "texture": "#missing"},
				"east": {"uv": [0.25, 0.25, 0.75, 0.75], "texture": "#missing"},
				"south": {"uv": [0.25, 0.25, 0.75, 0.75], "texture": "#missing"},
				"west": {"uv": [0.25, 0.25, 0.75, 0.75], "texture": "#missing"},
				"up": {"uv": [0.25, 0.25, 0.75, 0.75], "texture": "#missing"},
				"down": {"uv": [0.25, 0.25, 0.75, 0.75], "texture": "#missing"}
			}
		},
		{
			"name": "voxel",
			"from": [20, 14, 4],
			"to": [22, 22, 12],
			"rotation": {"angle": 0, "axis": "y", "origin": [-8, -8, -8]},
			"faces": {
				"north": {"uv": [0.25, 0.25, 0.75, 0.75], "texture": "#missing"},
				"east": {"uv": [0.25, 0.25, 0.75, 0.75], "texture": "#missing"},
				"south": {"uv": [0.25, 0.25, 0.75, 0.75], "texture": "#missing"},
				"west": {"uv": [0.25, 0.25, 0.75, 0.75], "texture": "#missing"},
				"up": {"uv": [0.25, 0.25, 0.75, 0.75], "texture": "#missing"},
				"down": {"uv": [0.25, 0.25, 0.75, 0.75], "texture": "#missing"}
			}
		},
		{
			"name": "voxel",
			"from": [14, 14, 4],
			"to": [16, 22, 6],
			"rotation": {"angle": 0, "axis": "y", "origin": [-8, -8, -8]},
			"faces": {
				"north": {"uv": [0.25, 0.25, 0.75, 0.75], "texture": "#missing"},
				"east": {"uv": [0.25, 0.25, 0.75, 0.75], "texture": "#missing"},
				"south": {"uv": [0.25, 0.25, 0.75, 0.75], "texture": "#missing"},
				"west": {"uv": [0.25, 0.25, 0.75, 0.75], "texture": "#missing"},
				"up": {"uv": [0.25, 0.25, 0.75, 0.75], "texture": "#missing"},
				"down": {"uv": [0.25, 0.25, 0.75, 0.75], "texture": "#missing"}
			}
		},
		{
			"name": "voxel",
			"from": [4, 14, 4],
			"to": [6, 24, 6],
			"rotation": {"angle": 0, "axis": "y", "origin": [-8, -8, -8]},
			"faces": {
				"north": {"uv": [0.25, 0.25, 0.75, 0.75], "texture": "#missing"},
				"east": {"uv": [0.25, 0.25, 0.75, 0.75], "texture": "#missing"},
				"south": {"uv": [0.25, 0.25, 0.75, 0.75], "texture": "#missing"},
				"west": {"uv": [0.25, 0.25, 0.75, 0.75], "texture": "#missing"},
				"up": {"uv": [0.25, 0.25, 0.75, 0.75], "texture": "#missing"},
				"down": {"uv": [0.25, 0.25, 0.75, 0.75], "texture": "#missing"}
			}
		},
		{
			"name": "voxel",
			"from": [-2, 14, 4],
			"to": [0, 22, 12],
			"rotation": {"angle": 0, "axis": "y", "origin": [-8, -8, -8]},
			"faces": {
				"north": {"uv": [0.25, 0.25, 0.75, 0.75], "texture": "#missing"},
				"east": {"uv": [0.25, 0.25, 0.75, 0.75], "texture": "#missing"},
				"south": {"uv": [0.25, 0.25, 0.75, 0.75], "texture": "#missing"},
				"west": {"uv": [0.25, 0.25, 0.75, 0.75], "texture": "#missing"},
				"up": {"uv": [0.25, 0.25, 0.75, 0.75], "texture": "#missing"},
				"down": {"uv": [0.25, 0.25, 0.75, 0.75], "texture": "#missing"}
			}
		},
		{
			"name": "voxel",
			"from": [14, 14, 2],
			"to": [18, 18, 4],
			"rotation": {"angle": 0, "axis": "y", "origin": [-8, -8, -8]},
			"faces": {
				"north": {"uv": [0.25, 0.25, 0.75, 0.75], "texture": "#missing"},
				"east": {"uv": [0.25, 0.25, 0.75, 0.75], "texture": "#missing"},
				"south": {"uv": [0.25, 0.25, 0.75, 0.75], "texture": "#missing"},
				"west": {"uv": [0.25, 0.25, 0.75, 0.75], "texture": "#missing"},
				"up": {"uv": [0.25, 0.25, 0.75, 0.75], "texture": "#missing"},
				"down": {"uv": [0.25, 0.25, 0.75, 0.75], "texture": "#missing"}
			}
		},
		{
			"name": "voxel",
			"from": [2, 14, 2],
			"to": [6, 18, 4],
			"rotation": {"angle": 0, "axis": "y", "origin": [-8, -8, -8]},
			"faces": {
				"north": {"uv": [0.25, 0.25, 0.75, 0.75], "texture": "#missing"},
				"east": {"uv": [0.25, 0.25, 0.75, 0.75], "texture": "#missing"},
				"south": {"uv": [0.25, 0.25, 0.75, 0.75], "texture": "#missing"},
				"west": {"uv": [0.25, 0.25, 0.75, 0.75], "texture": "#missing"},
				"up": {"uv": [0.25, 0.25, 0.75, 0.75], "texture": "#missing"},
				"down": {"uv": [0.25, 0.25, 0.75, 0.75], "texture": "#missing"}
			}
		},
		{
			"name": "voxel",
			"from": [-14, 12.6, 6],
			"to": [-6, 16.6, 10],
			"rotation": {"angle": 0, "axis": "y", "origin": [-8, -8, -8]},
			"faces": {
				"north": {"uv": [0.25, 0.25, 0.75, 0.75], "texture": "#missing"},
				"east": {"uv": [0.25, 0.25, 0.75, 0.75], "texture": "#missing"},
				"south": {"uv": [0.25, 0.25, 0.75, 0.75], "texture": "#missing"},
				"west": {"uv": [0.25, 0.25, 0.75, 0.75], "texture": "#missing"},
				"up": {"uv": [0.25, 0.25, 0.75, 0.75], "texture": "#missing"},
				"down": {"uv": [0.25, 0.25, 0.75, 0.75], "texture": "#missing"}
			}
		},
		{
			"name": "voxel",
			"from": [6, 12, 4],
			"to": [14, 24, 12],
			"rotation": {"angle": 0, "axis": "y", "origin": [-8, -8, -8]},
			"faces": {
				"north": {"uv": [0.25, 0.25, 0.75, 0.75], "texture": "#missing"},
				"east": {"uv": [0.25, 0.25, 0.75, 0.75], "texture": "#missing"},
				"south": {"uv": [0.25, 0.25, 0.75, 0.75], "texture": "#missing"},
				"west": {"uv": [0.25, 0.25, 0.75, 0.75], "texture": "#missing"},
				"up": {"uv": [0.25, 0.25, 0.75, 0.75], "texture": "#missing"},
				"down": {"uv": [0.25, 0.25, 0.75, 0.75], "texture": "#missing"}
			}
		},
		{
			"name": "voxel",
			"from": [6, 10, 12],
			"to": [14, 20, 14],
			"rotation": {"angle": 0, "axis": "y", "origin": [-8, -8, -8]},
			"faces": {
				"north": {"uv": [0.25, 0.25, 0.75, 0.75], "texture": "#missing"},
				"east": {"uv": [0.25, 0.25, 0.75, 0.75], "texture": "#missing"},
				"south": {"uv": [0.25, 0.25, 0.75, 0.75], "texture": "#missing"},
				"west": {"uv": [0.25, 0.25, 0.75, 0.75], "texture": "#missing"},
				"up": {"uv": [0.25, 0.25, 0.75, 0.75], "texture": "#missing"},
				"down": {"uv": [0.25, 0.25, 0.75, 0.75], "texture": "#missing"}
			}
		},
		{
			"name": "voxel",
			"from": [14, 10, 6],
			"to": [18, 22, 10],
			"rotation": {"angle": 0, "axis": "y", "origin": [-8, -8, -8]},
			"faces": {
				"north": {"uv": [0.25, 0.25, 0.75, 0.75], "texture": "#missing"},
				"east": {"uv": [0.25, 0.25, 0.75, 0.75], "texture": "#missing"},
				"south": {"uv": [0.25, 0.25, 0.75, 0.75], "texture": "#missing"},
				"west": {"uv": [0.25, 0.25, 0.75, 0.75], "texture": "#missing"},
				"up": {"uv": [0.25, 0.25, 0.75, 0.75], "texture": "#missing"},
				"down": {"uv": [0.25, 0.25, 0.75, 0.75], "texture": "#missing"}
			}
		},
		{
			"name": "voxel",
			"from": [2, 10, 6],
			"to": [6, 22, 10],
			"rotation": {"angle": 0, "axis": "y", "origin": [-8, -8, -8]},
			"faces": {
				"north": {"uv": [0.25, 0.25, 0.75, 0.75], "texture": "#missing"},
				"east": {"uv": [0.25, 0.25, 0.75, 0.75], "texture": "#missing"},
				"south": {"uv": [0.25, 0.25, 0.75, 0.75], "texture": "#missing"},
				"west": {"uv": [0.25, 0.25, 0.75, 0.75], "texture": "#missing"},
				"up": {"uv": [0.25, 0.25, 0.75, 0.75], "texture": "#missing"},
				"down": {"uv": [0.25, 0.25, 0.75, 0.75], "texture": "#missing"}
			}
		},
		{
			"name": "voxel",
			"from": [6, 10, 2],
			"to": [14, 20, 4],
			"rotation": {"angle": 0, "axis": "y", "origin": [-8, -8, -8]},
			"faces": {
				"north": {"uv": [0.25, 0.25, 0.75, 0.75], "texture": "#missing"},
				"east": {"uv": [0.25, 0.25, 0.75, 0.75], "texture": "#missing"},
				"south": {"uv": [0.25, 0.25, 0.75, 0.75], "texture": "#missing"},
				"west": {"uv": [0.25, 0.25, 0.75, 0.75], "texture": "#missing"},
				"up": {"uv": [0.25, 0.25, 0.75, 0.75], "texture": "#missing"},
				"down": {"uv": [0.25, 0.25, 0.75, 0.75], "texture": "#missing"}
			}
		},
		{
			"name": "voxel",
			"from": [16, -6, 10],
			"to": [20, 22, 12],
			"rotation": {"angle": 0, "axis": "y", "origin": [-8, -8, -8]},
			"faces": {
				"north": {"uv": [0.25, 0.25, 0.75, 0.75], "texture": "#missing"},
				"east": {"uv": [0.25, 0.25, 0.75, 0.75], "texture": "#missing"},
				"south": {"uv": [0.25, 0.25, 0.75, 0.75], "texture": "#missing"},
				"west": {"uv": [0.25, 0.25, 0.75, 0.75], "texture": "#missing"},
				"up": {"uv": [0.25, 0.25, 0.75, 0.75], "texture": "#missing"},
				"down": {"uv": [0.25, 0.25, 0.75, 0.75], "texture": "#missing"}
			}
		},
		{
			"name": "voxel",
			"from": [0, -6, 10],
			"to": [4, 22, 12],
			"rotation": {"angle": 0, "axis": "y", "origin": [-8, -8, -8]},
			"faces": {
				"north": {"uv": [0.25, 0.25, 0.75, 0.75], "texture": "#missing"},
				"east": {"uv": [0.25, 0.25, 0.75, 0.75], "texture": "#missing"},
				"south": {"uv": [0.25, 0.25, 0.75, 0.75], "texture": "#missing"},
				"west": {"uv": [0.25, 0.25, 0.75, 0.75], "texture": "#missing"},
				"up": {"uv": [0.25, 0.25, 0.75, 0.75], "texture": "#missing"},
				"down": {"uv": [0.25, 0.25, 0.75, 0.75], "texture": "#missing"}
			}
		},
		{
			"name": "voxel",
			"from": [16, -6, 4],
			"to": [20, 22, 6],
			"rotation": {"angle": 0, "axis": "y", "origin": [-8, -8, -8]},
			"faces": {
				"north": {"uv": [0.25, 0.25, 0.75, 0.75], "texture": "#missing"},
				"east": {"uv": [0.25, 0.25, 0.75, 0.75], "texture": "#missing"},
				"south": {"uv": [0.25, 0.25, 0.75, 0.75], "texture": "#missing"},
				"west": {"uv": [0.25, 0.25, 0.75, 0.75], "texture": "#missing"},
				"up": {"uv": [0.25, 0.25, 0.75, 0.75], "texture": "#missing"},
				"down": {"uv": [0.25, 0.25, 0.75, 0.75], "texture": "#missing"}
			}
		},
		{
			"name": "voxel",
			"from": [0, -6, 4],
			"to": [4, 22, 6],
			"rotation": {"angle": 0, "axis": "y", "origin": [-8, -8, -8]},
			"faces": {
				"north": {"uv": [0.25, 0.25, 0.75, 0.75], "texture": "#missing"},
				"east": {"uv": [0.25, 0.25, 0.75, 0.75], "texture": "#missing"},
				"south": {"uv": [0.25, 0.25, 0.75, 0.75], "texture": "#missing"},
				"west": {"uv": [0.25, 0.25, 0.75, 0.75], "texture": "#missing"},
				"up": {"uv": [0.25, 0.25, 0.75, 0.75], "texture": "#missing"},
				"down": {"uv": [0.25, 0.25, 0.75, 0.75], "texture": "#missing"}
			}
		},
		{
			"name": "voxel",
			"from": [20, -8, 10],
			"to": [22, -4, 12],
			"rotation": {"angle": 0, "axis": "y", "origin": [-8, -8, -8]},
			"faces": {
				"north": {"uv": [0.25, 0.25, 0.75, 0.75], "texture": "#missing"},
				"east": {"uv": [0.25, 0.25, 0.75, 0.75], "texture": "#missing"},
				"south": {"uv": [0.25, 0.25, 0.75, 0.75], "texture": "#missing"},
				"west": {"uv": [0.25, 0.25, 0.75, 0.75], "texture": "#missing"},
				"up": {"uv": [0.25, 0.25, 0.75, 0.75], "texture": "#missing"},
				"down": {"uv": [0.25, 0.25, 0.75, 0.75], "texture": "#missing"}
			}
		},
		{
			"name": "voxel",
			"from": [14, -8, 10],
			"to": [16, -4, 12],
			"rotation": {"angle": 0, "axis": "y", "origin": [-8, -8, -8]},
			"faces": {
				"north": {"uv": [0.25, 0.25, 0.75, 0.75], "texture": "#missing"},
				"east": {"uv": [0.25, 0.25, 0.75, 0.75], "texture": "#missing"},
				"south": {"uv": [0.25, 0.25, 0.75, 0.75], "texture": "#missing"},
				"west": {"uv": [0.25, 0.25, 0.75, 0.75], "texture": "#missing"},
				"up": {"uv": [0.25, 0.25, 0.75, 0.75], "texture": "#missing"},
				"down": {"uv": [0.25, 0.25, 0.75, 0.75], "texture": "#missing"}
			}
		},
		{
			"name": "voxel",
			"from": [4, -8, 10],
			"to": [6, -4, 12],
			"rotation": {"angle": 0, "axis": "y", "origin": [-8, -8, -8]},
			"faces": {
				"north": {"uv": [0.25, 0.25, 0.75, 0.75], "texture": "#missing"},
				"east": {"uv": [0.25, 0.25, 0.75, 0.75], "texture": "#missing"},
				"south": {"uv": [0.25, 0.25, 0.75, 0.75], "texture": "#missing"},
				"west": {"uv": [0.25, 0.25, 0.75, 0.75], "texture": "#missing"},
				"up": {"uv": [0.25, 0.25, 0.75, 0.75], "texture": "#missing"},
				"down": {"uv": [0.25, 0.25, 0.75, 0.75], "texture": "#missing"}
			}
		},
		{
			"name": "voxel",
			"from": [-2, -8, 10],
			"to": [0, -4, 12],
			"rotation": {"angle": 0, "axis": "y", "origin": [-8, -8, -8]},
			"faces": {
				"north": {"uv": [0.25, 0.25, 0.75, 0.75], "texture": "#missing"},
				"east": {"uv": [0.25, 0.25, 0.75, 0.75], "texture": "#missing"},
				"south": {"uv": [0.25, 0.25, 0.75, 0.75], "texture": "#missing"},
				"west": {"uv": [0.25, 0.25, 0.75, 0.75], "texture": "#missing"},
				"up": {"uv": [0.25, 0.25, 0.75, 0.75], "texture": "#missing"},
				"down": {"uv": [0.25, 0.25, 0.75, 0.75], "texture": "#missing"}
			}
		},
		{
			"name": "voxel",
			"from": [20, -8, 4],
			"to": [22, -4, 6],
			"rotation": {"angle": 0, "axis": "y", "origin": [-8, -8, -8]},
			"faces": {
				"north": {"uv": [0.25, 0.25, 0.75, 0.75], "texture": "#missing"},
				"east": {"uv": [0.25, 0.25, 0.75, 0.75], "texture": "#missing"},
				"south": {"uv": [0.25, 0.25, 0.75, 0.75], "texture": "#missing"},
				"west": {"uv": [0.25, 0.25, 0.75, 0.75], "texture": "#missing"},
				"up": {"uv": [0.25, 0.25, 0.75, 0.75], "texture": "#missing"},
				"down": {"uv": [0.25, 0.25, 0.75, 0.75], "texture": "#missing"}
			}
		},
		{
			"name": "voxel",
			"from": [14, -8, 4],
			"to": [16, -4, 6],
			"rotation": {"angle": 0, "axis": "y", "origin": [-8, -8, -8]},
			"faces": {
				"north": {"uv": [0.25, 0.25, 0.75, 0.75], "texture": "#missing"},
				"east": {"uv": [0.25, 0.25, 0.75, 0.75], "texture": "#missing"},
				"south": {"uv": [0.25, 0.25, 0.75, 0.75], "texture": "#missing"},
				"west": {"uv": [0.25, 0.25, 0.75, 0.75], "texture": "#missing"},
				"up": {"uv": [0.25, 0.25, 0.75, 0.75], "texture": "#missing"},
				"down": {"uv": [0.25, 0.25, 0.75, 0.75], "texture": "#missing"}
			}
		},
		{
			"name": "voxel",
			"from": [4, -8, 4],
			"to": [6, -4, 6],
			"rotation": {"angle": 0, "axis": "y", "origin": [-8, -8, -8]},
			"faces": {
				"north": {"uv": [0.25, 0.25, 0.75, 0.75], "texture": "#missing"},
				"east": {"uv": [0.25, 0.25, 0.75, 0.75], "texture": "#missing"},
				"south": {"uv": [0.25, 0.25, 0.75, 0.75], "texture": "#missing"},
				"west": {"uv": [0.25, 0.25, 0.75, 0.75], "texture": "#missing"},
				"up": {"uv": [0.25, 0.25, 0.75, 0.75], "texture": "#missing"},
				"down": {"uv": [0.25, 0.25, 0.75, 0.75], "texture": "#missing"}
			}
		},
		{
			"name": "voxel",
			"from": [-2, -8, 4],
			"to": [0, -4, 6],
			"rotation": {"angle": 0, "axis": "y", "origin": [-8, -8, -8]},
			"faces": {
				"north": {"uv": [0.25, 0.25, 0.75, 0.75], "texture": "#missing"},
				"east": {"uv": [0.25, 0.25, 0.75, 0.75], "texture": "#missing"},
				"south": {"uv": [0.25, 0.25, 0.75, 0.75], "texture": "#missing"},
				"west": {"uv": [0.25, 0.25, 0.75, 0.75], "texture": "#missing"},
				"up": {"uv": [0.25, 0.25, 0.75, 0.75], "texture": "#missing"},
				"down": {"uv": [0.25, 0.25, 0.75, 0.75], "texture": "#missing"}
			}
		},
		{
			"name": "voxel",
			"from": [16, -8, 2],
			"to": [20, -6, 14],
			"rotation": {"angle": 0, "axis": "y", "origin": [-8, -8, -8]},
			"faces": {
				"north": {"uv": [0.25, 0.25, 0.75, 0.75], "texture": "#missing"},
				"east": {"uv": [0.25, 0.25, 0.75, 0.75], "texture": "#missing"},
				"south": {"uv": [0.25, 0.25, 0.75, 0.75], "texture": "#missing"},
				"west": {"uv": [0.25, 0.25, 0.75, 0.75], "texture": "#missing"},
				"up": {"uv": [0.25, 0.25, 0.75, 0.75], "texture": "#missing"},
				"down": {"uv": [0.25, 0.25, 0.75, 0.75], "texture": "#missing"}
			}
		},
		{
			"name": "voxel",
			"from": [0, -8, 2],
			"to": [4, -6, 14],
			"rotation": {"angle": 0, "axis": "y", "origin": [-8, -8, -8]},
			"faces": {
				"north": {"uv": [0.25, 0.25, 0.75, 0.75], "texture": "#missing"},
				"east": {"uv": [0.25, 0.25, 0.75, 0.75], "texture": "#missing"},
				"south": {"uv": [0.25, 0.25, 0.75, 0.75], "texture": "#missing"},
				"west": {"uv": [0.25, 0.25, 0.75, 0.75], "texture": "#missing"},
				"up": {"uv": [0.25, 0.25, 0.75, 0.75], "texture": "#missing"},
				"down": {"uv": [0.25, 0.25, 0.75, 0.75], "texture": "#missing"}
			}
		}
	],
	"display": {
		"thirdperson_righthand": {
			"scale": [4, 4, 4]
		},
		"head": {
			"scale": [4, 4, 4]
		}
	},
	"groups": [
		{
			"name": "voxel_file",
			"origin": [8, 8, 8],
			"color": 0,
			"children": [0, 1, 2, 3, 4, 5, 6, 7, 8, 9, 10, 11, 12, 13, 14, 15, 16, 17, 18, 19, 20, 21, 22, 23, 24, 25, 26, 27, 28, 29, 30, 31, 32, 33, 34, 35, 36, 37]
		}
	]
}