{
	"credit": "Made with Blockbench",
	"texture_size": [64, 64],
	"textures": {
		"0": "gc/heads/boba",
		"particle": "gc/heads/boba"
	},
	"elements": [
		{
			"from": [4, 0, 4],
			"to": [12, 8, 12],
			"faces": {
				"north": {"uv": [0, 0, 2, 2], "texture": "#0"},
				"east": {"uv": [0, 2, 2, 4], "texture": "#0"},
				"south": {"uv": [2, 0, 4, 2], "texture": "#0"},
				"west": {"uv": [2, 2, 4, 4], "texture": "#0"},
				"up": {"uv": [2, 6, 0, 4], "texture": "#0"},
				"down": {"uv": [6, 0, 4, 2], "texture": "#0"}
			}
		},
		{
			"from": [4, 8, 6],
			"to": [12, 9, 10],
			"faces": {
				"north": {"uv": [6, 5, 8, 5.25], "texture": "#0"},
				"east": {"uv": [7, 5.5, 8, 5.75], "texture": "#0"},
				"south": {"uv": [6, 5.25, 8, 5.5], "texture": "#0"},
				"west": {"uv": [7, 5.75, 8, 6], "texture": "#0"},
				"up": {"uv": [8, 3, 6, 2], "texture": "#0"},
				"down": {"uv": [8, 3, 6, 4], "texture": "#0"}
			}
		},
		{
			"from": [6, 8, 10],
			"to": [10, 9, 12],
			"faces": {
				"north": {"uv": [6, 7, 7, 7.25], "texture": "#0"},
				"east": {"uv": [7.5, 4.75, 8, 5], "texture": "#0"},
				"south": {"uv": [7, 7, 8, 7.25], "texture": "#0"},
				"west": {"uv": [5, 7.5, 5.5, 7.75], "texture": "#0"},
				"up": {"uv": [7, 6, 6, 5.5], "texture": "#0"},
				"down": {"uv": [3, 6.25, 2, 6.75], "texture": "#0"}
			}
		},
		{
			"from": [5, 9, 6],
			"to": [11, 10, 10],
			"faces": {
				"north": {"uv": [7, 0.5, 8.5, 0.75], "texture": "#0"},
				"east": {"uv": [7.25, 1.5, 8.25, 1.75], "texture": "#0"},
				"south": {"uv": [7, 0.75, 8.5, 1], "texture": "#0"},
				"west": {"uv": [7.25, 1.75, 8.25, 2], "texture": "#0"},
				"up": {"uv": [7.5, 5, 6, 4], "texture": "#0"},
				"down": {"uv": [6.5, 6, 5, 7], "texture": "#0"}
			}
		},
		{
			"from": [6, 9, 10],
			"to": [10, 10, 11],
			"faces": {
				"north": {"uv": [4, 7.25, 5, 7.5], "texture": "#0"},
				"east": {"uv": [2.75, 7.5, 3, 7.75], "texture": "#0"},
				"south": {"uv": [5, 7.25, 6, 7.5], "texture": "#0"},
				"west": {"uv": [7.5, 6, 7.75, 6.25], "texture": "#0"},
				"up": {"uv": [7, 7.5, 6, 7.25], "texture": "#0"},
				"down": {"uv": [8, 7.25, 7, 7.5], "texture": "#0"}
			}
		},
		{
			"from": [6, 9, 5],
			"to": [10, 10, 6],
			"faces": {
				"north": {"uv": [4, 7.5, 5, 7.75], "texture": "#0"},
				"east": {"uv": [7.5, 6.25, 7.75, 6.5], "texture": "#0"},
				"south": {"uv": [7.5, 4, 8.5, 4.25], "texture": "#0"},
				"west": {"uv": [6.5, 7.5, 6.75, 7.75], "texture": "#0"},
				"up": {"uv": [8.5, 4.5, 7.5, 4.25], "texture": "#0"},
				"down": {"uv": [8.5, 4.5, 7.5, 4.75], "texture": "#0"}
			}
		},
		{
			"from": [10, 8, 5],
			"to": [11, 9, 6],
			"faces": {
				"north": {"uv": [6.75, 7.5, 7, 7.75], "texture": "#0"},
				"east": {"uv": [7, 7.5, 7.25, 7.75], "texture": "#0"},
				"south": {"uv": [7.25, 7.5, 7.5, 7.75], "texture": "#0"},
				"west": {"uv": [7.5, 7.5, 7.75, 7.75], "texture": "#0"},
				"up": {"uv": [3, 8, 2.75, 7.75], "texture": "#0"},
				"down": {"uv": [4.25, 7.75, 4, 8], "texture": "#0"}
			}
		},
		{
			"from": [5, 8, 5],
			"to": [6, 9, 6],
			"faces": {
				"north": {"uv": [4.25, 7.75, 4.5, 8], "texture": "#0"},
				"east": {"uv": [4.5, 7.75, 4.75, 8], "texture": "#0"},
				"south": {"uv": [4.75, 7.75, 5, 8], "texture": "#0"},
				"west": {"uv": [5, 7.75, 5.25, 8], "texture": "#0"},
				"up": {"uv": [5.5, 8, 5.25, 7.75], "texture": "#0"},
				"down": {"uv": [5.75, 7.75, 5.5, 8], "texture": "#0"}
			}
		},
		{
			"from": [10, 8, 10],
			"to": [11, 9, 11],
			"faces": {
				"north": {"uv": [6.75, 7.75, 7, 8], "texture": "#0"},
				"east": {"uv": [7, 7.75, 7.25, 8], "texture": "#0"},
				"south": {"uv": [7.25, 7.75, 7.5, 8], "texture": "#0"},
				"west": {"uv": [7.5, 7.75, 7.75, 8], "texture": "#0"},
				"up": {"uv": [8, 7.75, 7.75, 7.5], "texture": "#0"},
				"down": {"uv": [8, 7.75, 7.75, 8], "texture": "#0"}
			}
		},
		{
			"from": [5, 8, 10],
			"to": [6, 9, 11],
			"faces": {
				"north": {"uv": [5.75, 7.75, 6, 8], "texture": "#0"},
				"east": {"uv": [6, 7.75, 6.25, 8], "texture": "#0"},
				"south": {"uv": [7.75, 6, 8, 6.25], "texture": "#0"},
				"west": {"uv": [6.25, 7.75, 6.5, 8], "texture": "#0"},
				"up": {"uv": [8, 6.5, 7.75, 6.25], "texture": "#0"},
				"down": {"uv": [6.75, 7.75, 6.5, 8], "texture": "#0"}
			}
		},
		{
			"from": [6, 8, 4],
			"to": [10, 9, 6],
			"faces": {
				"north": {"uv": [7.25, 1, 8.25, 1.25], "texture": "#0"},
				"east": {"uv": [5.5, 7.5, 6, 7.75], "texture": "#0"},
				"south": {"uv": [7.25, 1.25, 8.25, 1.5], "texture": "#0"},
				"west": {"uv": [6, 7.5, 6.5, 7.75], "texture": "#0"},
				"up": {"uv": [5, 6.75, 4, 6.25], "texture": "#0"},
				"down": {"uv": [7.5, 6, 6.5, 6.5], "texture": "#0"}
			}
		},
		{
			"from": [6, -1, 12],
			"to": [10, 8, 13],
			"faces": {
				"north": {"uv": [2, 4, 3, 6.25], "texture": "#0"},
				"east": {"uv": [1, 6, 1.25, 8.25], "texture": "#0"},
				"south": {"uv": [4, 2, 5, 4.25], "texture": "#0"},
				"west": {"uv": [1.25, 6, 1.5, 8.25], "texture": "#0"},
				"up": {"uv": [3, 7, 2, 6.75], "texture": "#0"},
				"down": {"uv": [5, 6.75, 4, 7], "texture": "#0"}
			}
		},
		{
			"from": [5, -1, 11],
			"to": [11, 0, 12],
			"faces": {
				"north": {"uv": [6.5, 6.5, 8, 6.75], "texture": "#0"},
				"east": {"uv": [2.75, 7, 3, 7.25], "texture": "#0"},
				"south": {"uv": [6.5, 6.75, 8, 7], "texture": "#0"},
				"west": {"uv": [2.75, 7.25, 3, 7.5], "texture": "#0"},
				"up": {"uv": [8.5, 0.25, 7, 0], "texture": "#0"},
				"down": {"uv": [8.5, 0.25, 7, 0.5], "texture": "#0"}
			}
		},
		{
			"from": [12, 0, 6],
			"to": [13, 8, 10],
			"faces": {
				"north": {"uv": [1.5, 6, 1.75, 8], "texture": "#0"},
				"east": {"uv": [3, 4, 4, 6], "texture": "#0"},
				"south": {"uv": [1.75, 6, 2, 8], "texture": "#0"},
				"west": {"uv": [4, 4.25, 5, 6.25], "texture": "#0"},
				"up": {"uv": [7.25, 2, 7, 1], "texture": "#0"},
				"down": {"uv": [2.25, 7, 2, 8], "texture": "#0"}
			}
		},
		{
			"from": [3, 0, 6],
			"to": [4, 8, 10],
			"faces": {
				"north": {"uv": [3, 6, 3.25, 8], "texture": "#0"},
				"east": {"uv": [5, 2, 6, 4], "texture": "#0"},
				"south": {"uv": [3.25, 6, 3.5, 8], "texture": "#0"},
				"west": {"uv": [5, 4, 6, 6], "texture": "#0"},
				"up": {"uv": [2.5, 8, 2.25, 7], "texture": "#0"},
				"down": {"uv": [2.75, 7, 2.5, 8], "texture": "#0"}
			}
		},
		{
			"from": [6, 0, 3],
			"to": [10, 8, 4],
			"faces": {
				"north": {"uv": [0, 6, 1, 8], "texture": "#0"},
				"east": {"uv": [3.5, 6, 3.75, 8], "texture": "#0"},
				"south": {"uv": [6, 0, 7, 2], "texture": "#0"},
				"west": {"uv": [3.75, 6, 4, 8], "texture": "#0"},
				"up": {"uv": [5, 7.25, 4, 7], "texture": "#0"},
				"down": {"uv": [6, 7, 5, 7.25], "texture": "#0"}
			}
		},
		{
			"from": [2, 6, 8],
			"to": [3, 12, 9],
			"faces": {
				"north": {"uv": [0.5, 13.5, 0.75, 15], "texture": "#0"},
				"east": {"uv": [2.25, 13.5, 2.5, 15], "texture": "#0"},
				"south": {"uv": [0, 13.5, 0.25, 15], "texture": "#0"},
				"west": {"uv": [3.25, 13.5, 3.5, 15], "texture": "#0"},
				"up": {"uv": [7, 13.75, 7.25, 14], "texture": "#0"},
				"down": {"uv": [5.5, 13.75, 5.75, 14], "texture": "#0"}
			}
		},
		{
			"from": [2, 12, 8],
			"to": [4, 13, 9],
			"faces": {
				"north": {"uv": [0.5, 13, 1, 13.25], "texture": "#0"},
				"east": {"uv": [3, 13, 3.25, 13.25], "texture": "#0"},
				"south": {"uv": [0.25, 12.5, 0.75, 12.75], "texture": "#0"},
				"west": {"uv": [3.75, 13.75, 4, 14], "texture": "#0"},
				"up": {"uv": [7, 14.25, 7.5, 14.5], "texture": "#0"},
				"down": {"uv": [5.5, 14, 6, 14.25], "texture": "#0"}
			}
		}
	],
	"display": {
		"gui": {
			"translation": [0, 2.25, 0]
		},
		"head": {
			"rotation": [0, -180, 0],
			"translation": [0, 7.75, 0],
			"scale": [1.9, 1.9, 1.9]
		}
	}
}