{
	"credit": "Made with Blockbench",
	"texture_size": [64, 64],
	"textures": {
		"0": "gc/heads/bossk",
		"particle": "gc/heads/bossk"
	},
	"elements": [
		{
			"name": "voxel",
			"from": [10, 8, 10],
			"to": [11, 9, 12],
			"faces": {
				"north": {"uv": [8.5, 9.5, 8.75, 9.75], "texture": "#0"},
				"east": {"uv": [7, 2.25, 7.5, 2.5], "texture": "#0"},
				"south": {"uv": [9.5, 8.5, 9.75, 8.75], "texture": "#0"},
				"west": {"uv": [9, 6, 9.5, 6.25], "texture": "#0"},
				"up": {"uv": [2.75, 8, 2.5, 7.5], "texture": "#0"},
				"down": {"uv": [0.5, 9.25, 0.25, 9.75], "texture": "#0"}
			}
		},
		{
			"name": "voxel",
			"from": [5, 8, 10],
			"to": [6, 9, 12],
			"faces": {
				"north": {"uv": [9.5, 9, 9.75, 9.25], "texture": "#0"},
				"east": {"uv": [9.25, 0.75, 9.75, 1], "texture": "#0"},
				"south": {"uv": [9.25, 9.5, 9.5, 9.75], "texture": "#0"},
				"west": {"uv": [9.25, 1, 9.75, 1.25], "texture": "#0"},
				"up": {"uv": [9.5, 1.75, 9.25, 1.25], "texture": "#0"},
				"down": {"uv": [9.5, 1.75, 9.25, 2.25], "texture": "#0"}
			}
		},
		{
			"name": "voxel",
			"from": [12, 8, 8],
			"to": [13, 9, 9],
			"faces": {
				"north": {"uv": [9.5, 9.25, 9.75, 9.5], "texture": "#0"},
				"east": {"uv": [9.5, 9.5, 9.75, 9.75], "texture": "#0"},
				"south": {"uv": [9.75, 0, 10, 0.25], "texture": "#0"},
				"west": {"uv": [0.25, 9.75, 0.5, 10], "texture": "#0"},
				"up": {"uv": [10, 0.5, 9.75, 0.25], "texture": "#0"},
				"down": {"uv": [10, 0.75, 9.75, 1], "texture": "#0"}
			}
		},
		{
			"name": "voxel",
			"from": [9, 8, 8],
			"to": [10, 9, 12],
			"faces": {
				"north": {"uv": [1, 9.75, 1.25, 10], "texture": "#0"},
				"east": {"uv": [8.5, 3, 9.5, 3.25], "texture": "#0"},
				"south": {"uv": [9.75, 1, 10, 1.25], "texture": "#0"},
				"west": {"uv": [8.5, 3.25, 9.5, 3.5], "texture": "#0"},
				"up": {"uv": [4, 6.75, 3.75, 5.75], "texture": "#0"},
				"down": {"uv": [5, 8.75, 4.75, 9.75], "texture": "#0"}
			}
		},
		{
			"name": "voxel",
			"from": [6, 8, 8],
			"to": [7, 9, 12],
			"faces": {
				"north": {"uv": [1.25, 9.75, 1.5, 10], "texture": "#0"},
				"east": {"uv": [8.75, 2.25, 9.75, 2.5], "texture": "#0"},
				"south": {"uv": [9.75, 1.25, 10, 1.5], "texture": "#0"},
				"west": {"uv": [8.75, 5, 9.75, 5.25], "texture": "#0"},
				"up": {"uv": [5.25, 9.75, 5, 8.75], "texture": "#0"},
				"down": {"uv": [9, 5.25, 8.75, 6.25], "texture": "#0"}
			}
		},
		{
			"name": "voxel",
			"from": [3, 8, 8],
			"to": [4, 9, 9],
			"faces": {
				"north": {"uv": [1.5, 9.75, 1.75, 10], "texture": "#0"},
				"east": {"uv": [9.75, 1.5, 10, 1.75], "texture": "#0"},
				"south": {"uv": [1.75, 9.75, 2, 10], "texture": "#0"},
				"west": {"uv": [9.75, 1.75, 10, 2], "texture": "#0"},
				"up": {"uv": [2.25, 10, 2, 9.75], "texture": "#0"},
				"down": {"uv": [10, 2, 9.75, 2.25], "texture": "#0"}
			}
		},
		{
			"name": "voxel",
			"from": [7, 8, 6],
			"to": [9, 9, 12],
			"faces": {
				"north": {"uv": [9.25, 4, 9.75, 4.25], "texture": "#0"},
				"east": {"uv": [8.5, 2.5, 10, 2.75], "texture": "#0"},
				"south": {"uv": [9.25, 4.25, 9.75, 4.5], "texture": "#0"},
				"west": {"uv": [8.5, 2.75, 10, 3], "texture": "#0"},
				"up": {"uv": [7.75, 8.5, 7.25, 7], "texture": "#0"},
				"down": {"uv": [8, 0.5, 7.5, 2], "texture": "#0"}
			}
		},
		{
			"name": "voxel",
			"from": [12, 7, 12],
			"to": [13, 9, 13],
			"faces": {
				"north": {"uv": [9.25, 4.5, 9.5, 5], "texture": "#0"},
				"east": {"uv": [9.25, 5.25, 9.5, 5.75], "texture": "#0"},
				"south": {"uv": [9.25, 6.25, 9.5, 6.75], "texture": "#0"},
				"west": {"uv": [6.75, 9.25, 7, 9.75], "texture": "#0"},
				"up": {"uv": [2.5, 10, 2.25, 9.75], "texture": "#0"},
				"down": {"uv": [10, 2.25, 9.75, 2.5], "texture": "#0"}
			}
		},
		{
			"name": "voxel",
			"from": [3, 7, 12],
			"to": [4, 9, 13],
			"faces": {
				"north": {"uv": [9.25, 6.75, 9.5, 7.25], "texture": "#0"},
				"east": {"uv": [7, 9.25, 7.25, 9.75], "texture": "#0"},
				"south": {"uv": [9.25, 7.25, 9.5, 7.75], "texture": "#0"},
				"west": {"uv": [9.25, 8.25, 9.5, 8.75], "texture": "#0"},
				"up": {"uv": [2.75, 10, 2.5, 9.75], "texture": "#0"},
				"down": {"uv": [3, 9.75, 2.75, 10], "texture": "#0"}
			}
		},
		{
			"name": "voxel",
			"from": [12, 7, 7],
			"to": [13, 8, 9],
			"faces": {
				"north": {"uv": [3, 9.75, 3.25, 10], "texture": "#0"},
				"east": {"uv": [9.25, 5.75, 9.75, 6], "texture": "#0"},
				"south": {"uv": [9.75, 3, 10, 3.25], "texture": "#0"},
				"west": {"uv": [9.25, 8.75, 9.75, 9], "texture": "#0"},
				"up": {"uv": [9.5, 9.5, 9.25, 9], "texture": "#0"},
				"down": {"uv": [9.75, 0, 9.5, 0.5], "texture": "#0"}
			}
		},
		{
			"name": "voxel",
			"from": [3, 7, 7],
			"to": [4, 8, 9],
			"faces": {
				"north": {"uv": [3.25, 9.75, 3.5, 10], "texture": "#0"},
				"east": {"uv": [9.5, 0.5, 10, 0.75], "texture": "#0"},
				"south": {"uv": [9.75, 3.25, 10, 3.5], "texture": "#0"},
				"west": {"uv": [1, 9.5, 1.5, 9.75], "texture": "#0"},
				"up": {"uv": [9.75, 1.75, 9.5, 1.25], "texture": "#0"},
				"down": {"uv": [9.75, 1.75, 9.5, 2.25], "texture": "#0"}
			}
		},
		{
			"name": "voxel",
			"from": [6, 5, 4],
			"to": [10, 8, 12],
			"faces": {
				"north": {"uv": [7.5, 2, 8.5, 2.75], "texture": "#0"},
				"east": {"uv": [5, 1, 7, 1.75], "texture": "#0"},
				"south": {"uv": [7.5, 2.75, 8.5, 3.5], "texture": "#0"},
				"west": {"uv": [5, 1.75, 7, 2.5], "texture": "#0"},
				"up": {"uv": [5, 2, 4, 0], "texture": "#0"},
				"down": {"uv": [5, 2, 4, 4], "texture": "#0"}
			}
		},
		{
			"name": "voxel",
			"from": [11, 4, 12],
			"to": [12, 7, 13],
			"faces": {
				"north": {"uv": [8.75, 8.25, 9, 9], "texture": "#0"},
				"east": {"uv": [8.5, 8.75, 8.75, 9.5], "texture": "#0"},
				"south": {"uv": [9, 0, 9.25, 0.75], "texture": "#0"},
				"west": {"uv": [9, 0.75, 9.25, 1.5], "texture": "#0"},
				"up": {"uv": [10, 3.75, 9.75, 3.5], "texture": "#0"},
				"down": {"uv": [10, 3.75, 9.75, 4], "texture": "#0"}
			}
		},
		{
			"name": "voxel",
			"from": [4, 4, 12],
			"to": [5, 7, 13],
			"faces": {
				"north": {"uv": [1.5, 9, 1.75, 9.75], "texture": "#0"},
				"east": {"uv": [9, 1.5, 9.25, 2.25], "texture": "#0"},
				"south": {"uv": [1.75, 9, 2, 9.75], "texture": "#0"},
				"west": {"uv": [2, 9, 2.25, 9.75], "texture": "#0"},
				"up": {"uv": [10, 4.25, 9.75, 4], "texture": "#0"},
				"down": {"uv": [10, 4.25, 9.75, 4.5], "texture": "#0"}
			}
		},
		{
			"name": "voxel",
			"from": [10, 4, 4],
			"to": [12, 8, 12],
			"faces": {
				"north": {"uv": [1.5, 8, 2, 9], "texture": "#0"},
				"east": {"uv": [4, 4, 6, 5], "texture": "#0"},
				"south": {"uv": [2.5, 8, 3, 9], "texture": "#0"},
				"west": {"uv": [2, 4.75, 4, 5.75], "texture": "#0"},
				"up": {"uv": [1.5, 8, 1, 6], "texture": "#0"},
				"down": {"uv": [2, 6, 1.5, 8], "texture": "#0"}
			}
		},
		{
			"name": "voxel",
			"from": [4, 4, 4],
			"to": [6, 8, 12],
			"faces": {
				"north": {"uv": [3, 8, 3.5, 9], "texture": "#0"},
				"east": {"uv": [0, 5, 2, 6], "texture": "#0"},
				"south": {"uv": [0, 8.25, 0.5, 9.25], "texture": "#0"},
				"west": {"uv": [5, 0, 7, 1], "texture": "#0"},
				"up": {"uv": [6.75, 8.5, 6.25, 6.5], "texture": "#0"},
				"down": {"uv": [4.25, 6.75, 3.75, 8.75], "texture": "#0"}
			}
		},
		{
			"name": "voxel",
			"from": [12, 3, 10],
			"to": [13, 9, 12],
			"faces": {
				"north": {"uv": [8.5, 5, 8.75, 6.5], "texture": "#0"},
				"east": {"uv": [2, 7.5, 2.5, 9], "texture": "#0"},
				"south": {"uv": [4, 8.75, 4.25, 10.25], "texture": "#0"},
				"west": {"uv": [7.75, 7, 8.25, 8.5], "texture": "#0"},
				"up": {"uv": [9.75, 3.5, 9.5, 3], "texture": "#0"},
				"down": {"uv": [9.75, 4.5, 9.5, 5], "texture": "#0"}
			}
		},
		{
			"name": "voxel",
			"from": [3, 3, 10],
			"to": [4, 9, 12],
			"faces": {
				"north": {"uv": [4.25, 8.75, 4.5, 10.25], "texture": "#0"},
				"east": {"uv": [8, 0.5, 8.5, 2], "texture": "#0"},
				"south": {"uv": [4.5, 8.75, 4.75, 10.25], "texture": "#0"},
				"west": {"uv": [1, 8, 1.5, 9.5], "texture": "#0"},
				"up": {"uv": [9.75, 5.75, 9.5, 5.25], "texture": "#0"},
				"down": {"uv": [9.75, 6, 9.5, 6.5], "texture": "#0"}
			}
		},
		{
			"name": "voxel",
			"from": [6, 3, 3],
			"to": [10, 5, 12],
			"faces": {
				"north": {"uv": [8.25, 4, 9.25, 4.5], "texture": "#0"},
				"east": {"uv": [5, 3.5, 7.25, 4], "texture": "#0"},
				"south": {"uv": [8.25, 4.5, 9.25, 5], "texture": "#0"},
				"west": {"uv": [6, 4, 8.25, 4.5], "texture": "#0"},
				"up": {"uv": [3, 4.75, 2, 2.5], "texture": "#0"},
				"down": {"uv": [4, 2.5, 3, 4.75], "texture": "#0"}
			}
		},
		{
			"name": "voxel",
			"from": [9, 2, 12],
			"to": [11, 9, 13],
			"faces": {
				"north": {"uv": [5.25, 6.75, 5.75, 8.5], "texture": "#0"},
				"east": {"uv": [6.5, 8.5, 6.75, 10.25], "texture": "#0"},
				"south": {"uv": [5.75, 6.75, 6.25, 8.5], "texture": "#0"},
				"west": {"uv": [8.5, 7, 8.75, 8.75], "texture": "#0"},
				"up": {"uv": [10, 6.75, 9.5, 6.5], "texture": "#0"},
				"down": {"uv": [10, 6.75, 9.5, 7], "texture": "#0"}
			}
		},
		{
			"name": "voxel",
			"from": [5, 2, 12],
			"to": [7, 9, 13],
			"faces": {
				"north": {"uv": [7, 0.5, 7.5, 2.25], "texture": "#0"},
				"east": {"uv": [7.25, 8.5, 7.5, 10.25], "texture": "#0"},
				"south": {"uv": [6.75, 7, 7.25, 8.75], "texture": "#0"},
				"west": {"uv": [7.5, 8.5, 7.75, 10.25], "texture": "#0"},
				"up": {"uv": [10, 7.25, 9.5, 7], "texture": "#0"},
				"down": {"uv": [10, 7.25, 9.5, 7.5], "texture": "#0"}
			}
		},
		{
			"name": "voxel",
			"from": [10, 2, 3],
			"to": [12, 4, 12],
			"faces": {
				"north": {"uv": [8.75, 6.25, 9.25, 6.75], "texture": "#0"},
				"east": {"uv": [6, 4.5, 8.25, 5], "texture": "#0"},
				"south": {"uv": [6.75, 8.75, 7.25, 9.25], "texture": "#0"},
				"west": {"uv": [6.25, 5, 8.5, 5.5], "texture": "#0"},
				"up": {"uv": [3.25, 8, 2.75, 5.75], "texture": "#0"},
				"down": {"uv": [3.75, 5.75, 3.25, 8], "texture": "#0"}
			}
		},
		{
			"name": "voxel",
			"from": [4, 2, 3],
			"to": [6, 4, 12],
			"faces": {
				"north": {"uv": [8.75, 6.75, 9.25, 7.25], "texture": "#0"},
				"east": {"uv": [6.25, 5.5, 8.5, 6], "texture": "#0"},
				"south": {"uv": [8.75, 7.25, 9.25, 7.75], "texture": "#0"},
				"west": {"uv": [6.25, 6, 8.5, 6.5], "texture": "#0"},
				"up": {"uv": [0.5, 8.25, 0, 6], "texture": "#0"},
				"down": {"uv": [1, 6, 0.5, 8.25], "texture": "#0"}
			}
		},
		{
			"name": "voxel",
			"from": [6, 2, 2],
			"to": [10, 3, 12],
			"faces": {
				"north": {"uv": [8.75, 7.75, 9.75, 8], "texture": "#0"},
				"east": {"uv": [7.25, 3.5, 9.75, 3.75], "texture": "#0"},
				"south": {"uv": [8.75, 8, 9.75, 8.25], "texture": "#0"},
				"west": {"uv": [7.25, 3.75, 9.75, 4], "texture": "#0"},
				"up": {"uv": [1, 5, 0, 2.5], "texture": "#0"},
				"down": {"uv": [2, 2.5, 1, 5], "texture": "#0"}
			}
		},
		{
			"name": "voxel",
			"from": [7, 1, 12],
			"to": [9, 9, 13],
			"faces": {
				"north": {"uv": [4.25, 6.75, 4.75, 8.75], "texture": "#0"},
				"east": {"uv": [3.5, 8, 3.75, 10], "texture": "#0"},
				"south": {"uv": [4.75, 6.75, 5.25, 8.75], "texture": "#0"},
				"west": {"uv": [0.5, 8.25, 0.75, 10.25], "texture": "#0"},
				"up": {"uv": [10, 7.75, 9.5, 7.5], "texture": "#0"},
				"down": {"uv": [10, 8.25, 9.5, 8.5], "texture": "#0"}
			}
		},
		{
			"name": "voxel",
			"from": [12, 1, 9],
			"to": [13, 9, 10],
			"faces": {
				"north": {"uv": [0.75, 8.25, 1, 10.25], "texture": "#0"},
				"east": {"uv": [8.25, 7, 8.5, 9], "texture": "#0"},
				"south": {"uv": [8.5, 0.5, 8.75, 2.5], "texture": "#0"},
				"west": {"uv": [5.25, 8.5, 5.5, 10.5], "texture": "#0"},
				"up": {"uv": [10, 4.75, 9.75, 4.5], "texture": "#0"},
				"down": {"uv": [5, 9.75, 4.75, 10], "texture": "#0"}
			}
		},
		{
			"name": "voxel",
			"from": [3, 1, 9],
			"to": [4, 9, 10],
			"faces": {
				"north": {"uv": [5.5, 8.5, 5.75, 10.5], "texture": "#0"},
				"east": {"uv": [5.75, 8.5, 6, 10.5], "texture": "#0"},
				"south": {"uv": [6, 8.5, 6.25, 10.5], "texture": "#0"},
				"west": {"uv": [6.25, 8.5, 6.5, 10.5], "texture": "#0"},
				"up": {"uv": [10, 5, 9.75, 4.75], "texture": "#0"},
				"down": {"uv": [5.25, 9.75, 5, 10], "texture": "#0"}
			}
		},
		{
			"name": "voxel",
			"from": [12, 1, 5],
			"to": [13, 4, 6],
			"faces": {
				"north": {"uv": [2.25, 9, 2.5, 9.75], "texture": "#0"},
				"east": {"uv": [2.5, 9, 2.75, 9.75], "texture": "#0"},
				"south": {"uv": [2.75, 9, 3, 9.75], "texture": "#0"},
				"west": {"uv": [3, 9, 3.25, 9.75], "texture": "#0"},
				"up": {"uv": [10, 5.25, 9.75, 5], "texture": "#0"},
				"down": {"uv": [10, 5.25, 9.75, 5.5], "texture": "#0"}
			}
		},
		{
			"name": "voxel",
			"from": [3, 1, 5],
			"to": [4, 4, 6],
			"faces": {
				"north": {"uv": [3.25, 9, 3.5, 9.75], "texture": "#0"},
				"east": {"uv": [9, 5.25, 9.25, 6], "texture": "#0"},
				"south": {"uv": [8.25, 9, 8.5, 9.75], "texture": "#0"},
				"west": {"uv": [9, 8.25, 9.25, 9], "texture": "#0"},
				"up": {"uv": [10, 5.75, 9.75, 5.5], "texture": "#0"},
				"down": {"uv": [10, 5.75, 9.75, 6], "texture": "#0"}
			}
		},
		{
			"name": "voxel",
			"from": [12, 0, 6],
			"to": [13, 7, 9],
			"faces": {
				"north": {"uv": [7.75, 8.5, 8, 10.25], "texture": "#0"},
				"east": {"uv": [4, 5, 4.75, 6.75], "texture": "#0"},
				"south": {"uv": [8, 8.5, 8.25, 10.25], "texture": "#0"},
				"west": {"uv": [4.75, 5, 5.5, 6.75], "texture": "#0"},
				"up": {"uv": [9, 9.75, 8.75, 9], "texture": "#0"},
				"down": {"uv": [9.25, 9, 9, 9.75], "texture": "#0"}
			}
		},
		{
			"name": "voxel",
			"from": [3, 0, 6],
			"to": [4, 7, 9],
			"faces": {
				"north": {"uv": [8.75, 0.5, 9, 2.25], "texture": "#0"},
				"east": {"uv": [5.5, 5, 6.25, 6.75], "texture": "#0"},
				"south": {"uv": [3.75, 8.75, 4, 10.5], "texture": "#0"},
				"west": {"uv": [2, 5.75, 2.75, 7.5], "texture": "#0"},
				"up": {"uv": [0.25, 10, 0, 9.25], "texture": "#0"},
				"down": {"uv": [9.5, 0, 9.25, 0.75], "texture": "#0"}
			}
		},
		{
			"name": "voxel",
			"from": [4, 0, 2],
			"to": [12, 2, 12],
			"faces": {
				"north": {"uv": [6.75, 6.5, 8.75, 7], "texture": "#0"},
				"east": {"uv": [5, 2.5, 7.5, 3], "texture": "#0"},
				"south": {"uv": [7, 0, 9, 0.5], "texture": "#0"},
				"west": {"uv": [5, 3, 7.5, 3.5], "texture": "#0"},
				"up": {"uv": [2, 2.5, 0, 0], "texture": "#0"},
				"down": {"uv": [4, 0, 2, 2.5], "texture": "#0"}
			}
		}
	],
	"display": {
		"head": {
			"translation": [0, 7.75, 0],
			"scale": [1.9, 1.9, 1.9]
		}
	},
	"groups": [
		{
			"name": "voxel_file",
			"origin": [8, 8, 8],
			"color": 0,
			"children": [0, 1, 2, 3, 4, 5, 6, 7, 8, 9, 10, 11, 12, 13, 14, 15, 16, 17, 18, 19, 20, 21, 22, 23, 24, 25, 26, 27, 28, 29, 30, 31]
		}
	]
}