{
	"credit": "Made with Blockbench",
	"texture_size": [64, 64],
	"textures": {
		"0": "gc/heads/chewie",
		"particle": "gc/heads/chewie"
	},
	"elements": [
		{
			"name": "voxel",
			"from": [10, 9, 6],
			"to": [11, 10, 10],
			"faces": {
				"north": {"uv": [4.75, 7.25, 5, 7.5], "texture": "#0"},
				"east": {"uv": [4, 2, 5, 2.25], "texture": "#0"},
				"south": {"uv": [9.25, 1.5, 9.5, 1.75], "texture": "#0"},
				"west": {"uv": [2, 5, 3, 5.25], "texture": "#0"},
				"up": {"uv": [2.5, 9.75, 2.25, 8.75], "texture": "#0"},
				"down": {"uv": [3.25, 8.75, 3, 9.75], "texture": "#0"}
			}
		},
		{
			"name": "voxel",
			"from": [5, 9, 6],
			"to": [6, 10, 10],
			"faces": {
				"north": {"uv": [9.5, 7.5, 9.75, 7.75], "texture": "#0"},
				"east": {"uv": [6, 1.25, 7, 1.5], "texture": "#0"},
				"south": {"uv": [9.5, 7.75, 9.75, 8], "texture": "#0"},
				"west": {"uv": [9, 1, 10, 1.25], "texture": "#0"},
				"up": {"uv": [3.5, 9.75, 3.25, 8.75], "texture": "#0"},
				"down": {"uv": [3.75, 8.75, 3.5, 9.75], "texture": "#0"}
			}
		},
		{
			"name": "voxel",
			"from": [6, 9, 5],
			"to": [10, 10, 11],
			"faces": {
				"north": {"uv": [9, 2.25, 10, 2.5], "texture": "#0"},
				"east": {"uv": [8, 4.75, 9.5, 5], "texture": "#0"},
				"south": {"uv": [9, 2.5, 10, 2.75], "texture": "#0"},
				"west": {"uv": [8, 5, 9.5, 5.25], "texture": "#0"},
				"up": {"uv": [5, 6.75, 4, 5.25], "texture": "#0"},
				"down": {"uv": [6, 6, 5, 7.5], "texture": "#0"}
			}
		},
		{
			"name": "voxel",
			"from": [11, 8, 5],
			"to": [12, 9, 11],
			"faces": {
				"north": {"uv": [9.5, 8, 9.75, 8.25], "texture": "#0"},
				"east": {"uv": [8, 8, 9.5, 8.25], "texture": "#0"},
				"south": {"uv": [8.75, 9.5, 9, 9.75], "texture": "#0"},
				"west": {"uv": [1, 8.25, 2.5, 8.5], "texture": "#0"},
				"up": {"uv": [8.25, 9.75, 8, 8.25], "texture": "#0"},
				"down": {"uv": [8.5, 8.25, 8.25, 9.75], "texture": "#0"}
			}
		},
		{
			"name": "voxel",
			"from": [4, 8, 5],
			"to": [5, 9, 11],
			"faces": {
				"north": {"uv": [9, 9.5, 9.25, 9.75], "texture": "#0"},
				"east": {"uv": [1, 8.5, 2.5, 8.75], "texture": "#0"},
				"south": {"uv": [9.5, 9, 9.75, 9.25], "texture": "#0"},
				"west": {"uv": [8.5, 8.25, 10, 8.5], "texture": "#0"},
				"up": {"uv": [6.25, 10, 6, 8.5], "texture": "#0"},
				"down": {"uv": [6.5, 8.5, 6.25, 10], "texture": "#0"}
			}
		},
		{
			"name": "voxel",
			"from": [12, 5, 7],
			"to": [13, 6, 9],
			"faces": {
				"north": {"uv": [9.25, 9.5, 9.5, 9.75], "texture": "#0"},
				"east": {"uv": [9, 6.25, 9.5, 6.5], "texture": "#0"},
				"south": {"uv": [9.5, 9.25, 9.75, 9.5], "texture": "#0"},
				"west": {"uv": [9, 6.5, 9.5, 6.75], "texture": "#0"},
				"up": {"uv": [5, 7.25, 4.75, 6.75], "texture": "#0"},
				"down": {"uv": [9.25, 6.75, 9, 7.25], "texture": "#0"}
			}
		},
		{
			"name": "voxel",
			"from": [3, 5, 7],
			"to": [4, 6, 9],
			"faces": {
				"north": {"uv": [9.5, 9.5, 9.75, 9.75], "texture": "#0"},
				"east": {"uv": [9, 7.25, 9.5, 7.5], "texture": "#0"},
				"south": {"uv": [0, 9.75, 0.25, 10], "texture": "#0"},
				"west": {"uv": [9, 7.5, 9.5, 7.75], "texture": "#0"},
				"up": {"uv": [9, 9.5, 8.75, 9], "texture": "#0"},
				"down": {"uv": [9.25, 9, 9, 9.5], "texture": "#0"}
			}
		},
		{
			"name": "voxel",
			"from": [7, 4, 12],
			"to": [9, 6, 13],
			"faces": {
				"north": {"uv": [4.25, 9, 4.75, 9.5], "texture": "#0"},
				"east": {"uv": [0, 9.25, 0.25, 9.75], "texture": "#0"},
				"south": {"uv": [4.75, 9, 5.25, 9.5], "texture": "#0"},
				"west": {"uv": [0.25, 9.25, 0.5, 9.75], "texture": "#0"},
				"up": {"uv": [1, 9.5, 0.5, 9.25], "texture": "#0"},
				"down": {"uv": [9.75, 1.25, 9.25, 1.5], "texture": "#0"}
			}
		},
		{
			"name": "voxel",
			"from": [7, 4, 4],
			"to": [9, 9, 12],
			"faces": {
				"north": {"uv": [4.75, 7.5, 5.25, 8.75], "texture": "#0"},
				"east": {"uv": [0, 6, 2, 7.25], "texture": "#0"},
				"south": {"uv": [5.25, 7.5, 5.75, 8.75], "texture": "#0"},
				"west": {"uv": [6, 0, 8, 1.25], "texture": "#0"},
				"up": {"uv": [4.75, 8.75, 4.25, 6.75], "texture": "#0"},
				"down": {"uv": [7.5, 1.75, 7, 3.75], "texture": "#0"}
			}
		},
		{
			"name": "voxel",
			"from": [9, 3, 12],
			"to": [10, 5, 13],
			"faces": {
				"north": {"uv": [4, 9.25, 4.25, 9.75], "texture": "#0"},
				"east": {"uv": [9.25, 5.25, 9.5, 5.75], "texture": "#0"},
				"south": {"uv": [9.25, 5.75, 9.5, 6.25], "texture": "#0"},
				"west": {"uv": [9.25, 6.75, 9.5, 7.25], "texture": "#0"},
				"up": {"uv": [0.5, 10, 0.25, 9.75], "texture": "#0"},
				"down": {"uv": [10, 1.25, 9.75, 1.5], "texture": "#0"}
			}
		},
		{
			"name": "voxel",
			"from": [6, 3, 12],
			"to": [7, 5, 13],
			"faces": {
				"north": {"uv": [9.25, 9, 9.5, 9.5], "texture": "#0"},
				"east": {"uv": [0.5, 9.5, 0.75, 10], "texture": "#0"},
				"south": {"uv": [0.75, 9.5, 1, 10], "texture": "#0"},
				"west": {"uv": [9.5, 1.5, 9.75, 2], "texture": "#0"},
				"up": {"uv": [10, 1.75, 9.75, 1.5], "texture": "#0"},
				"down": {"uv": [10, 1.75, 9.75, 2], "texture": "#0"}
			}
		},
		{
			"name": "voxel",
			"from": [12, 3, 6],
			"to": [13, 5, 10],
			"faces": {
				"north": {"uv": [4.25, 9.5, 4.5, 10], "texture": "#0"},
				"east": {"uv": [4, 1.5, 5, 2], "texture": "#0"},
				"south": {"uv": [4.5, 9.5, 4.75, 10], "texture": "#0"},
				"west": {"uv": [2, 4.5, 3, 5], "texture": "#0"},
				"up": {"uv": [4, 9.75, 3.75, 8.75], "texture": "#0"},
				"down": {"uv": [5.5, 9, 5.25, 10], "texture": "#0"}
			}
		},
		{
			"name": "voxel",
			"from": [3, 3, 6],
			"to": [4, 5, 10],
			"faces": {
				"north": {"uv": [4.75, 9.5, 5, 10], "texture": "#0"},
				"east": {"uv": [8, 0.75, 9, 1.25], "texture": "#0"},
				"south": {"uv": [9.5, 4.75, 9.75, 5.25], "texture": "#0"},
				"west": {"uv": [8, 2.25, 9, 2.75], "texture": "#0"},
				"up": {"uv": [9.25, 6.25, 9, 5.25], "texture": "#0"},
				"down": {"uv": [5.75, 9, 5.5, 10], "texture": "#0"}
			}
		},
		{
			"name": "voxel",
			"from": [9, 3, 4],
			"to": [11, 9, 12],
			"faces": {
				"north": {"uv": [3, 7.25, 3.5, 8.75], "texture": "#0"},
				"east": {"uv": [3, 2.25, 5, 3.75], "texture": "#0"},
				"south": {"uv": [3.5, 7.25, 4, 8.75], "texture": "#0"},
				"west": {"uv": [3, 3.75, 5, 5.25], "texture": "#0"},
				"up": {"uv": [7.5, 5.75, 7, 3.75], "texture": "#0"},
				"down": {"uv": [7.5, 5.75, 7, 7.75], "texture": "#0"}
			}
		},
		{
			"name": "voxel",
			"from": [5, 3, 4],
			"to": [7, 9, 12],
			"faces": {
				"north": {"uv": [7.5, 2.25, 8, 3.75], "texture": "#0"},
				"east": {"uv": [4, 0, 6, 1.5], "texture": "#0"},
				"south": {"uv": [7.5, 3.75, 8, 5.25], "texture": "#0"},
				"west": {"uv": [0, 4.5, 2, 6], "texture": "#0"},
				"up": {"uv": [0.5, 9.25, 0, 7.25], "texture": "#0"},
				"down": {"uv": [1, 7.25, 0.5, 9.25], "texture": "#0"}
			}
		},
		{
			"name": "voxel",
			"from": [7, 3, 3],
			"to": [9, 4, 13],
			"faces": {
				"north": {"uv": [9.5, 2, 10, 2.25], "texture": "#0"},
				"east": {"uv": [7, 7.75, 9.5, 8], "texture": "#0"},
				"south": {"uv": [9.5, 5.25, 10, 5.5], "texture": "#0"},
				"west": {"uv": [8, 0, 10.5, 0.25], "texture": "#0"},
				"up": {"uv": [6.5, 8.5, 6, 6], "texture": "#0"},
				"down": {"uv": [7, 6, 6.5, 8.5], "texture": "#0"}
			}
		},
		{
			"name": "voxel",
			"from": [11, 2, 4],
			"to": [12, 8, 12],
			"faces": {
				"north": {"uv": [6.5, 8.5, 6.75, 10], "texture": "#0"},
				"east": {"uv": [5, 1.5, 7, 3], "texture": "#0"},
				"south": {"uv": [6.75, 8.5, 7, 10], "texture": "#0"},
				"west": {"uv": [5, 3, 7, 4.5], "texture": "#0"},
				"up": {"uv": [4.25, 9.25, 4, 7.25], "texture": "#0"},
				"down": {"uv": [6, 7.5, 5.75, 9.5], "texture": "#0"}
			}
		},
		{
			"name": "voxel",
			"from": [4, 2, 4],
			"to": [5, 8, 12],
			"faces": {
				"north": {"uv": [8.5, 8.5, 8.75, 10], "texture": "#0"},
				"east": {"uv": [5, 4.5, 7, 6], "texture": "#0"},
				"south": {"uv": [1, 8.75, 1.25, 10.25], "texture": "#0"},
				"west": {"uv": [2, 5.25, 4, 6.75], "texture": "#0"},
				"up": {"uv": [2.75, 9.75, 2.5, 7.75], "texture": "#0"},
				"down": {"uv": [3, 7.75, 2.75, 9.75], "texture": "#0"}
			}
		},
		{
			"name": "voxel",
			"from": [5, 2, 3],
			"to": [11, 3, 12],
			"faces": {
				"north": {"uv": [4.25, 8.75, 5.75, 9], "texture": "#0"},
				"east": {"uv": [8, 0.25, 10.25, 0.5], "texture": "#0"},
				"south": {"uv": [8.75, 8.5, 10.25, 8.75], "texture": "#0"},
				"west": {"uv": [8, 0.5, 10.25, 0.75], "texture": "#0"},
				"up": {"uv": [1.5, 4.5, 0, 2.25], "texture": "#0"},
				"down": {"uv": [3, 2.25, 1.5, 4.5], "texture": "#0"}
			}
		},
		{
			"name": "voxel",
			"from": [5, 1, 12],
			"to": [11, 3, 13],
			"faces": {
				"north": {"uv": [7.5, 5.25, 9, 5.75], "texture": "#0"},
				"east": {"uv": [5, 9.5, 5.25, 10], "texture": "#0"},
				"south": {"uv": [7.5, 5.75, 9, 6.25], "texture": "#0"},
				"west": {"uv": [9.5, 5.5, 9.75, 6], "texture": "#0"},
				"up": {"uv": [10.25, 9, 8.75, 8.75], "texture": "#0"},
				"down": {"uv": [10.5, 0.75, 9, 1], "texture": "#0"}
			}
		},
		{
			"name": "voxel",
			"from": [12, 1, 5],
			"to": [13, 3, 11],
			"faces": {
				"north": {"uv": [5.75, 9.5, 6, 10], "texture": "#0"},
				"east": {"uv": [7.5, 6.25, 9, 6.75], "texture": "#0"},
				"south": {"uv": [9.5, 6, 9.75, 6.5], "texture": "#0"},
				"west": {"uv": [7.5, 6.75, 9, 7.25], "texture": "#0"},
				"up": {"uv": [1.5, 10.25, 1.25, 8.75], "texture": "#0"},
				"down": {"uv": [1.75, 8.75, 1.5, 10.25], "texture": "#0"}
			}
		},
		{
			"name": "voxel",
			"from": [3, 1, 5],
			"to": [4, 3, 11],
			"faces": {
				"north": {"uv": [9.5, 6.5, 9.75, 7], "texture": "#0"},
				"east": {"uv": [7.5, 7.25, 9, 7.75], "texture": "#0"},
				"south": {"uv": [9.5, 7, 9.75, 7.5], "texture": "#0"},
				"west": {"uv": [1, 7.75, 2.5, 8.25], "texture": "#0"},
				"up": {"uv": [2, 10.25, 1.75, 8.75], "texture": "#0"},
				"down": {"uv": [2.25, 8.75, 2, 10.25], "texture": "#0"}
			}
		},
		{
			"name": "voxel",
			"from": [4, 0, 12],
			"to": [12, 1, 13],
			"faces": {
				"north": {"uv": [8, 2.75, 10, 3], "texture": "#0"},
				"east": {"uv": [2.25, 9.75, 2.5, 10], "texture": "#0"},
				"south": {"uv": [8, 3, 10, 3.25], "texture": "#0"},
				"west": {"uv": [2.5, 9.75, 2.75, 10], "texture": "#0"},
				"up": {"uv": [10, 3.5, 8, 3.25], "texture": "#0"},
				"down": {"uv": [10, 3.5, 8, 3.75], "texture": "#0"}
			}
		},
		{
			"name": "voxel",
			"from": [12, 0, 4],
			"to": [13, 1, 12],
			"faces": {
				"north": {"uv": [2.75, 9.75, 3, 10], "texture": "#0"},
				"east": {"uv": [8, 3.75, 10, 4], "texture": "#0"},
				"south": {"uv": [3, 9.75, 3.25, 10], "texture": "#0"},
				"west": {"uv": [8, 4, 10, 4.25], "texture": "#0"},
				"up": {"uv": [7.25, 10, 7, 8], "texture": "#0"},
				"down": {"uv": [7.5, 8, 7.25, 10], "texture": "#0"}
			}
		},
		{
			"name": "voxel",
			"from": [3, 0, 4],
			"to": [4, 1, 12],
			"faces": {
				"north": {"uv": [3.25, 9.75, 3.5, 10], "texture": "#0"},
				"east": {"uv": [8, 4.25, 10, 4.5], "texture": "#0"},
				"south": {"uv": [3.5, 9.75, 3.75, 10], "texture": "#0"},
				"west": {"uv": [8, 4.5, 10, 4.75], "texture": "#0"},
				"up": {"uv": [7.75, 10, 7.5, 8], "texture": "#0"},
				"down": {"uv": [8, 8, 7.75, 10], "texture": "#0"}
			}
		},
		{
			"name": "voxel",
			"from": [4, 0, 3],
			"to": [12, 2, 12],
			"faces": {
				"north": {"uv": [1, 7.25, 3, 7.75], "texture": "#0"},
				"east": {"uv": [2, 6.75, 4.25, 7.25], "texture": "#0"},
				"south": {"uv": [7.5, 1.75, 9.5, 2.25], "texture": "#0"},
				"west": {"uv": [7, 1.25, 9.25, 1.75], "texture": "#0"},
				"up": {"uv": [2, 2.25, 0, 0], "texture": "#0"},
				"down": {"uv": [4, 0, 2, 2.25], "texture": "#0"}
			}
		}
	],
	"display": {
		"head": {
			"translation": [0, 7.5, 0],
			"scale": [1.9, 1.9, 1.9]
		}
	},
	"groups": [
		{
			"name": "voxel_file",
			"origin": [8, 8, 8],
			"color": 0,
			"children": [0, 1, 2, 3, 4, 5, 6, 7, 8, 9, 10, 11, 12, 13, 14, 15, 16, 17, 18, 19, 20, 21, 22, 23, 24, 25]
		}
	]
}