{
	"credit": "Made with Blockbench",
	"texture_size": [32, 32],
	"textures": {
		"0": "gc/heads/dengar",
		"particle": "gc/heads/dengar"
	},
	"elements": [
		{
			"from": [4, 8, 3],
			"to": [12, 10, 4],
			"faces": {
				"north": {"uv": [4, 7, 8, 8], "texture": "#0"},
				"east": {"uv": [2.5, 10, 3, 11], "texture": "#0"},
				"south": {"uv": [0, 8, 4, 9], "texture": "#0"},
				"west": {"uv": [4.5, 10, 5, 11], "texture": "#0"},
				"up": {"uv": [12, 7, 8, 6.5], "texture": "#0"},
				"down": {"uv": [12, 7, 8, 7.5], "texture": "#0"}
			}
		},
		{
			"from": [3, 6, 2],
			"to": [4, 8, 3],
			"faces": {
				"north": {"uv": [5, 10, 5.5, 11], "texture": "#0"},
				"east": {"uv": [5.5, 10, 6, 11], "texture": "#0"},
				"south": {"uv": [6, 10, 6.5, 11], "texture": "#0"},
				"west": {"uv": [6.5, 10, 7, 11], "texture": "#0"},
				"up": {"uv": [8.5, 10.5, 8, 10], "texture": "#0"},
				"down": {"uv": [8.5, 10.5, 8, 11], "texture": "#0"}
			}
		},
		{
			"from": [6, 6, 2],
			"to": [13, 8, 3],
			"faces": {
				"north": {"uv": [8, 0, 11.5, 1], "texture": "#0"},
				"east": {"uv": [7, 10, 7.5, 11], "texture": "#0"},
				"south": {"uv": [8, 1, 11.5, 2], "texture": "#0"},
				"west": {"uv": [7.5, 10, 8, 11], "texture": "#0"},
				"up": {"uv": [12, 3, 8.5, 2.5], "texture": "#0"},
				"down": {"uv": [12, 3, 8.5, 3.5], "texture": "#0"}
			}
		},
		{
			"from": [5, 8, 2],
			"to": [11, 9, 3],
			"faces": {
				"north": {"uv": [4.5, 8.5, 7.5, 9], "texture": "#0"},
				"east": {"uv": [10.5, 10, 11, 10.5], "texture": "#0"},
				"south": {"uv": [8.5, 4.5, 11.5, 5], "texture": "#0"},
				"west": {"uv": [10.5, 10.5, 11, 11], "texture": "#0"},
				"up": {"uv": [11.5, 5.5, 8.5, 5], "texture": "#0"},
				"down": {"uv": [11.5, 5.5, 8.5, 6], "texture": "#0"}
			}
		},
		{
			"from": [7, 9, 2],
			"to": [9, 10, 3],
			"faces": {
				"north": {"uv": [10, 9, 11, 9.5], "texture": "#0"},
				"east": {"uv": [6, 11, 6.5, 11.5], "texture": "#0"},
				"south": {"uv": [9.5, 10, 10.5, 10.5], "texture": "#0"},
				"west": {"uv": [6.5, 11, 7, 11.5], "texture": "#0"},
				"up": {"uv": [11, 10, 10, 9.5], "texture": "#0"},
				"down": {"uv": [10.5, 10.5, 9.5, 11], "texture": "#0"}
			}
		},
		{
			"from": [5, 10, 3],
			"to": [11, 11, 4],
			"faces": {
				"north": {"uv": [0, 9, 3, 9.5], "texture": "#0"},
				"east": {"uv": [5, 11, 5.5, 11.5], "texture": "#0"},
				"south": {"uv": [4.5, 9, 7.5, 9.5], "texture": "#0"},
				"west": {"uv": [5.5, 11, 6, 11.5], "texture": "#0"},
				"up": {"uv": [3, 10, 0, 9.5], "texture": "#0"},
				"down": {"uv": [7.5, 9.5, 4.5, 10], "texture": "#0"}
			}
		},
		{
			"from": [4, 0, 3],
			"to": [12, 8, 4],
			"faces": {
				"north": {"uv": [0, 0, 4, 4], "texture": "#0"},
				"east": {"uv": [8, 2, 8.5, 6], "texture": "#0"},
				"south": {"uv": [0, 4, 4, 8], "texture": "#0"},
				"west": {"uv": [4, 8, 4.5, 12], "texture": "#0"},
				"up": {"uv": [8.5, 8.5, 4.5, 8], "texture": "#0"},
				"down": {"uv": [12, 6, 8, 6.5], "texture": "#0"}
			}
		},
		{
			"from": [4, 5, 4],
			"to": [12, 6, 11],
			"faces": {
				"north": {"uv": [8, 7.5, 12, 8], "texture": "#0"},
				"east": {"uv": [8.5, 3.5, 12, 4], "texture": "#0"},
				"south": {"uv": [8.5, 2, 12.5, 2.5], "texture": "#0"},
				"west": {"uv": [8.5, 4, 12, 4.5], "texture": "#0"},
				"up": {"uv": [8, 3.5, 4, 0], "texture": "#0"},
				"down": {"uv": [8, 3.5, 4, 7], "texture": "#0"}
			}
		},
		{
			"from": [4, 5, 2],
			"to": [6, 8, 3],
			"faces": {
				"north": {"uv": [7.5, 8.5, 8.5, 10], "texture": "#0"},
				"east": {"uv": [1.5, 10, 2, 11.5], "texture": "#0"},
				"south": {"uv": [8.5, 8, 9.5, 9.5], "texture": "#0"},
				"west": {"uv": [2, 10, 2.5, 11.5], "texture": "#0"},
				"up": {"uv": [11, 8.5, 10, 8], "texture": "#0"},
				"down": {"uv": [11, 8.5, 10, 9], "texture": "#0"}
			}
		},
		{
			"from": [12, 4, 3],
			"to": [13, 8, 4],
			"faces": {
				"north": {"uv": [3, 9, 3.5, 11], "texture": "#0"},
				"east": {"uv": [3.5, 9, 4, 11], "texture": "#0"},
				"south": {"uv": [9.5, 8, 10, 10], "texture": "#0"},
				"west": {"uv": [8.5, 9.5, 9, 11.5], "texture": "#0"},
				"up": {"uv": [3, 11.5, 2.5, 11], "texture": "#0"},
				"down": {"uv": [3.5, 11, 3, 11.5], "texture": "#0"}
			}
		},
		{
			"from": [3, 4, 3],
			"to": [4, 8, 4],
			"faces": {
				"north": {"uv": [9, 9.5, 9.5, 11.5], "texture": "#0"},
				"east": {"uv": [0, 10, 0.5, 12], "texture": "#0"},
				"south": {"uv": [0.5, 10, 1, 12], "texture": "#0"},
				"west": {"uv": [1, 10, 1.5, 12], "texture": "#0"},
				"up": {"uv": [4, 11.5, 3.5, 11], "texture": "#0"},
				"down": {"uv": [5, 11, 4.5, 11.5], "texture": "#0"}
			}
		}
	],
	"display": {
		"head": {
			"translation": [0, 7.5, 1.75],
			"scale": [1.9, 1.9, 1.9]
		}
	}
}