{
	"credit": "Made with Blockbench",
	"texture_size": [64, 64],
	"textures": {
		"1": "gc/heads/droid",
		"particle": "gc/heads/droid"
	},
	"elements": [
		{
			"name": "voxel",
			"from": [5, 10, 7],
			"to": [11, 11, 9],
			"faces": {
				"north": {"uv": [3, 6.5, 4.5, 6.75], "texture": "#1"},
				"east": {"uv": [7.5, 4.25, 8, 4.5], "texture": "#1"},
				"south": {"uv": [6.5, 3, 8, 3.25], "texture": "#1"},
				"west": {"uv": [7.5, 4.5, 8, 4.75], "texture": "#1"},
				"up": {"uv": [4.5, 6.5, 3, 6], "texture": "#1"},
				"down": {"uv": [7.5, 4.25, 6, 4.75], "texture": "#1"}
			}
		},
		{
			"name": "voxel",
			"from": [11, 9, 7],
			"to": [12, 10, 9],
			"faces": {
				"north": {"uv": [5.5, 8, 5.75, 8.25], "texture": "#1"},
				"east": {"uv": [7.75, 7.25, 8.25, 7.5], "texture": "#1"},
				"south": {"uv": [5.75, 8, 6, 8.25], "texture": "#1"},
				"west": {"uv": [7.75, 7.5, 8.25, 7.75], "texture": "#1"},
				"up": {"uv": [7.25, 8.25, 7, 7.75], "texture": "#1"},
				"down": {"uv": [8, 7.75, 7.75, 8.25], "texture": "#1"}
			}
		},
		{
			"name": "voxel",
			"from": [4, 9, 7],
			"to": [5, 10, 9],
			"faces": {
				"north": {"uv": [8, 5.75, 8.25, 6], "texture": "#1"},
				"east": {"uv": [8, 0, 8.5, 0.25], "texture": "#1"},
				"south": {"uv": [6, 8, 6.25, 8.25], "texture": "#1"},
				"west": {"uv": [8, 0.25, 8.5, 0.5], "texture": "#1"},
				"up": {"uv": [0.75, 8.5, 0.5, 8], "texture": "#1"},
				"down": {"uv": [1, 8, 0.75, 8.5], "texture": "#1"}
			}
		},
		{
			"name": "voxel",
			"from": [10, 9, 6],
			"to": [11, 10, 10],
			"faces": {
				"north": {"uv": [8, 6, 8.25, 6.25], "texture": "#1"},
				"east": {"uv": [7, 0, 8, 0.25], "texture": "#1"},
				"south": {"uv": [8, 6.25, 8.25, 6.5], "texture": "#1"},
				"west": {"uv": [7, 0.25, 8, 0.5], "texture": "#1"},
				"up": {"uv": [0.75, 8, 0.5, 7], "texture": "#1"},
				"down": {"uv": [7.25, 0.5, 7, 1.5], "texture": "#1"}
			}
		},
		{
			"name": "voxel",
			"from": [5, 9, 6],
			"to": [6, 10, 10],
			"faces": {
				"north": {"uv": [8, 6.5, 8.25, 6.75], "texture": "#1"},
				"east": {"uv": [0.75, 7, 1.75, 7.25], "texture": "#1"},
				"south": {"uv": [6.75, 8, 7, 8.25], "texture": "#1"},
				"west": {"uv": [7, 1.5, 8, 1.75], "texture": "#1"},
				"up": {"uv": [2, 8, 1.75, 7], "texture": "#1"},
				"down": {"uv": [2.25, 7, 2, 8], "texture": "#1"}
			}
		},
		{
			"name": "voxel",
			"from": [6, 9, 4],
			"to": [10, 10, 12],
			"faces": {
				"north": {"uv": [7, 1.75, 8, 2], "texture": "#1"},
				"east": {"uv": [6.25, 4.75, 8.25, 5], "texture": "#1"},
				"south": {"uv": [7, 2, 8, 2.25], "texture": "#1"},
				"west": {"uv": [6.25, 5, 8.25, 5.25], "texture": "#1"},
				"up": {"uv": [4.5, 6, 3.5, 4], "texture": "#1"},
				"down": {"uv": [5.5, 4, 4.5, 6], "texture": "#1"}
			}
		},
		{
			"name": "voxel",
			"from": [11, 8, 5],
			"to": [12, 9, 11],
			"faces": {
				"north": {"uv": [8, 6.75, 8.25, 7], "texture": "#1"},
				"east": {"uv": [6.5, 3.25, 8, 3.5], "texture": "#1"},
				"south": {"uv": [8, 7, 8.25, 7.25], "texture": "#1"},
				"west": {"uv": [6.5, 3.5, 8, 3.75], "texture": "#1"},
				"up": {"uv": [5.75, 8, 5.5, 6.5], "texture": "#1"},
				"down": {"uv": [6, 6.5, 5.75, 8], "texture": "#1"}
			}
		},
		{
			"name": "voxel",
			"from": [4, 8, 5],
			"to": [5, 9, 11],
			"faces": {
				"north": {"uv": [7.25, 8, 7.5, 8.25], "texture": "#1"},
				"east": {"uv": [6.5, 3.75, 8, 4], "texture": "#1"},
				"south": {"uv": [7.5, 8, 7.75, 8.25], "texture": "#1"},
				"west": {"uv": [6.5, 4, 8, 4.25], "texture": "#1"},
				"up": {"uv": [7, 2.5, 6.75, 1], "texture": "#1"},
				"down": {"uv": [3.25, 6.75, 3, 8.25], "texture": "#1"}
			}
		},
		{
			"name": "voxel",
			"from": [5, 8, 4],
			"to": [11, 9, 12],
			"faces": {
				"north": {"uv": [6.75, 2.5, 8.25, 2.75], "texture": "#1"},
				"east": {"uv": [6.25, 5.25, 8.25, 5.5], "texture": "#1"},
				"south": {"uv": [6.75, 2.75, 8.25, 3], "texture": "#1"},
				"west": {"uv": [6.25, 5.5, 8.25, 5.75], "texture": "#1"},
				"up": {"uv": [3.5, 6, 2, 4], "texture": "#1"},
				"down": {"uv": [5.5, 2, 4, 4], "texture": "#1"}
			}
		},
		{
			"name": "voxel",
			"from": [9, 7, 3],
			"to": [11, 8, 4],
			"faces": {
				"north": {"uv": [8, 0.75, 8.5, 1], "texture": "#1"},
				"east": {"uv": [8, 7.75, 8.25, 8], "texture": "#1"},
				"south": {"uv": [1, 8, 1.5, 8.25], "texture": "#1"},
				"west": {"uv": [8, 8, 8.25, 8.25], "texture": "#1"},
				"up": {"uv": [8.5, 1.25, 8, 1], "texture": "#1"},
				"down": {"uv": [8.5, 1.25, 8, 1.5], "texture": "#1"}
			}
		},
		{
			"name": "voxel",
			"from": [5, 7, 3],
			"to": [7, 8, 4],
			"faces": {
				"north": {"uv": [1.5, 8, 2, 8.25], "texture": "#1"},
				"east": {"uv": [0, 8.25, 0.25, 8.5], "texture": "#1"},
				"south": {"uv": [8, 1.5, 8.5, 1.75], "texture": "#1"},
				"west": {"uv": [0.25, 8.25, 0.5, 8.5], "texture": "#1"},
				"up": {"uv": [8.5, 2, 8, 1.75], "texture": "#1"},
				"down": {"uv": [2.5, 8, 2, 8.25], "texture": "#1"}
			}
		},
		{
			"name": "voxel",
			"from": [7, 5, 3],
			"to": [9, 9, 4],
			"faces": {
				"north": {"uv": [6.25, 5.75, 6.75, 6.75], "texture": "#1"},
				"east": {"uv": [2.25, 7, 2.5, 8], "texture": "#1"},
				"south": {"uv": [6.5, 0, 7, 1], "texture": "#1"},
				"west": {"uv": [7, 5.75, 7.25, 6.75], "texture": "#1"},
				"up": {"uv": [8.5, 2.25, 8, 2], "texture": "#1"},
				"down": {"uv": [8.5, 2.25, 8, 2.5], "texture": "#1"}
			}
		},
		{
			"name": "voxel",
			"from": [10, 4, 12],
			"to": [11, 7, 13],
			"faces": {
				"north": {"uv": [0.75, 7.25, 1, 8], "texture": "#1"},
				"east": {"uv": [7.25, 0.75, 7.5, 1.5], "texture": "#1"},
				"south": {"uv": [1, 7.25, 1.25, 8], "texture": "#1"},
				"west": {"uv": [1.25, 7.25, 1.5, 8], "texture": "#1"},
				"up": {"uv": [8.5, 0.75, 8.25, 0.5], "texture": "#1"},
				"down": {"uv": [1.25, 8.25, 1, 8.5], "texture": "#1"}
			}
		},
		{
			"name": "voxel",
			"from": [5, 4, 12],
			"to": [6, 7, 13],
			"faces": {
				"north": {"uv": [1.5, 7.25, 1.75, 8], "texture": "#1"},
				"east": {"uv": [7.25, 5.75, 7.5, 6.5], "texture": "#1"},
				"south": {"uv": [7.25, 6.5, 7.5, 7.25], "texture": "#1"},
				"west": {"uv": [6.75, 7.25, 7, 8], "texture": "#1"},
				"up": {"uv": [1.5, 8.5, 1.25, 8.25], "texture": "#1"},
				"down": {"uv": [1.75, 8.25, 1.5, 8.5], "texture": "#1"}
			}
		},
		{
			"name": "voxel",
			"from": [9, 2, 12],
			"to": [10, 8, 13],
			"faces": {
				"north": {"uv": [3.25, 6.75, 3.5, 8.25], "texture": "#1"},
				"east": {"uv": [3.5, 6.75, 3.75, 8.25], "texture": "#1"},
				"south": {"uv": [3.75, 6.75, 4, 8.25], "texture": "#1"},
				"west": {"uv": [4, 6.75, 4.25, 8.25], "texture": "#1"},
				"up": {"uv": [2, 8.5, 1.75, 8.25], "texture": "#1"},
				"down": {"uv": [2.25, 8.25, 2, 8.5], "texture": "#1"}
			}
		},
		{
			"name": "voxel",
			"from": [6, 2, 12],
			"to": [7, 8, 13],
			"faces": {
				"north": {"uv": [4.25, 6.75, 4.5, 8.25], "texture": "#1"},
				"east": {"uv": [6.75, 5.75, 7, 7.25], "texture": "#1"},
				"south": {"uv": [6.25, 6.75, 6.5, 8.25], "texture": "#1"},
				"west": {"uv": [6.5, 6.75, 6.75, 8.25], "texture": "#1"},
				"up": {"uv": [2.5, 8.5, 2.25, 8.25], "texture": "#1"},
				"down": {"uv": [2.75, 8.25, 2.5, 8.5], "texture": "#1"}
			}
		},
		{
			"name": "voxel",
			"from": [10, 2, 3],
			"to": [11, 5, 4],
			"faces": {
				"north": {"uv": [7.25, 7.25, 7.5, 8], "texture": "#1"},
				"east": {"uv": [7.5, 0.75, 7.75, 1.5], "texture": "#1"},
				"south": {"uv": [7.5, 5.75, 7.75, 6.5], "texture": "#1"},
				"west": {"uv": [7.5, 6.5, 7.75, 7.25], "texture": "#1"},
				"up": {"uv": [8.5, 2.75, 8.25, 2.5], "texture": "#1"},
				"down": {"uv": [3, 8.25, 2.75, 8.5], "texture": "#1"}
			}
		},
		{
			"name": "voxel",
			"from": [5, 2, 3],
			"to": [6, 5, 4],
			"faces": {
				"north": {"uv": [7.5, 7.25, 7.75, 8], "texture": "#1"},
				"east": {"uv": [7.75, 0.75, 8, 1.5], "texture": "#1"},
				"south": {"uv": [7.75, 5.75, 8, 6.5], "texture": "#1"},
				"west": {"uv": [7.75, 6.5, 8, 7.25], "texture": "#1"},
				"up": {"uv": [8.5, 3, 8.25, 2.75], "texture": "#1"},
				"down": {"uv": [3.25, 8.25, 3, 8.5], "texture": "#1"}
			}
		},
		{
			"name": "voxel",
			"from": [6, 1, 3],
			"to": [10, 5, 4],
			"faces": {
				"north": {"uv": [0.5, 6, 1.5, 7], "texture": "#1"},
				"east": {"uv": [6, 7, 6.25, 8], "texture": "#1"},
				"south": {"uv": [1.5, 6, 2.5, 7], "texture": "#1"},
				"west": {"uv": [7, 6.75, 7.25, 7.75], "texture": "#1"},
				"up": {"uv": [8, 2.5, 7, 2.25], "texture": "#1"},
				"down": {"uv": [8.25, 0.5, 7.25, 0.75], "texture": "#1"}
			}
		},
		{
			"name": "voxel",
			"from": [7, 0, 12],
			"to": [9, 8, 13],
			"faces": {
				"north": {"uv": [6, 2.25, 6.5, 4.25], "texture": "#1"},
				"east": {"uv": [5.25, 6, 5.5, 8], "texture": "#1"},
				"south": {"uv": [2.5, 6, 3, 8], "texture": "#1"},
				"west": {"uv": [6.5, 1, 6.75, 3], "texture": "#1"},
				"up": {"uv": [3, 8.25, 2.5, 8], "texture": "#1"},
				"down": {"uv": [8.5, 3, 8, 3.25], "texture": "#1"}
			}
		},
		{
			"name": "voxel",
			"from": [12, 0, 7],
			"to": [13, 9, 9],
			"faces": {
				"north": {"uv": [4.5, 6, 4.75, 8.25], "texture": "#1"},
				"east": {"uv": [5.5, 2, 6, 4.25], "texture": "#1"},
				"south": {"uv": [4.75, 6, 5, 8.25], "texture": "#1"},
				"west": {"uv": [5.5, 4.25, 6, 6.5], "texture": "#1"},
				"up": {"uv": [8.25, 3.75, 8, 3.25], "texture": "#1"},
				"down": {"uv": [8.25, 3.75, 8, 4.25], "texture": "#1"}
			}
		},
		{
			"name": "voxel",
			"from": [3, 0, 7],
			"to": [4, 9, 9],
			"faces": {
				"north": {"uv": [6, 4.75, 6.25, 7], "texture": "#1"},
				"east": {"uv": [0, 6, 0.5, 8.25], "texture": "#1"},
				"south": {"uv": [5, 6, 5.25, 8.25], "texture": "#1"},
				"west": {"uv": [6, 0, 6.5, 2.25], "texture": "#1"},
				"up": {"uv": [8.25, 4.75, 8, 4.25], "texture": "#1"},
				"down": {"uv": [5.5, 8, 5.25, 8.5], "texture": "#1"}
			}
		},
		{
			"name": "voxel",
			"from": [4, 0, 4],
			"to": [12, 8, 12],
			"faces": {
				"north": {"uv": [0, 0, 2, 2], "texture": "#1"},
				"east": {"uv": [0, 2, 2, 4], "texture": "#1"},
				"south": {"uv": [2, 0, 4, 2], "texture": "#1"},
				"west": {"uv": [2, 2, 4, 4], "texture": "#1"},
				"up": {"uv": [2, 6, 0, 4], "texture": "#1"},
				"down": {"uv": [6, 0, 4, 2], "texture": "#1"}
			}
		}
	],
	"display": {
		"head": {
			"translation": [0, 7.75, 0],
			"scale": [1.9, 1.9, 1.9]
		}
	},
	"groups": [
		{
			"name": "voxel_file",
			"origin": [8, 8, 8],
			"color": 0,
			"children": [0, 1, 2, 3, 4, 5, 6, 7, 8, 9, 10, 11, 12, 13, 14, 15, 16, 17, 18, 19, 20, 21, 22]
		}
	]
}