{
	"credit": "Made with Blockbench",
	"texture_size": [64, 64],
	"textures": {
		"0": "gc/heads/greedo",
		"particle": "gc/heads/greedo"
	},
	"elements": [
		{
			"name": "voxel",
			"from": [10, 10, 5],
			"to": [11, 11, 6],
			"faces": {
				"north": {"uv": [9, 1.25, 9.25, 1.5], "texture": "#0"},
				"east": {"uv": [10, 2.25, 10.25, 2.5], "texture": "#0"},
				"south": {"uv": [10, 2.5, 10.25, 2.75], "texture": "#0"},
				"west": {"uv": [2.75, 10, 3, 10.25], "texture": "#0"},
				"up": {"uv": [10.25, 3, 10, 2.75], "texture": "#0"},
				"down": {"uv": [10.25, 3, 10, 3.25], "texture": "#0"}
			}
		},
		{
			"name": "voxel",
			"from": [5, 10, 5],
			"to": [6, 11, 6],
			"faces": {
				"north": {"uv": [10, 3.25, 10.25, 3.5], "texture": "#0"},
				"east": {"uv": [10, 3.5, 10.25, 3.75], "texture": "#0"},
				"south": {"uv": [10, 3.75, 10.25, 4], "texture": "#0"},
				"west": {"uv": [10, 4, 10.25, 4.25], "texture": "#0"},
				"up": {"uv": [10.25, 4.5, 10, 4.25], "texture": "#0"},
				"down": {"uv": [10.25, 4.5, 10, 4.75], "texture": "#0"}
			}
		},
		{
			"name": "voxel",
			"from": [10, 9, 6],
			"to": [11, 10, 7],
			"faces": {
				"north": {"uv": [10, 4.75, 10.25, 5], "texture": "#0"},
				"east": {"uv": [5, 10, 5.25, 10.25], "texture": "#0"},
				"south": {"uv": [5.25, 10, 5.5, 10.25], "texture": "#0"},
				"west": {"uv": [5.5, 10, 5.75, 10.25], "texture": "#0"},
				"up": {"uv": [10.25, 5.75, 10, 5.5], "texture": "#0"},
				"down": {"uv": [6, 10, 5.75, 10.25], "texture": "#0"}
			}
		},
		{
			"name": "voxel",
			"from": [5, 9, 6],
			"to": [6, 10, 7],
			"faces": {
				"north": {"uv": [10, 5.75, 10.25, 6], "texture": "#0"},
				"east": {"uv": [10, 6, 10.25, 6.25], "texture": "#0"},
				"south": {"uv": [10, 6.25, 10.25, 6.5], "texture": "#0"},
				"west": {"uv": [10, 6.5, 10.25, 6.75], "texture": "#0"},
				"up": {"uv": [10.25, 7, 10, 6.75], "texture": "#0"},
				"down": {"uv": [10.25, 7, 10, 7.25], "texture": "#0"}
			}
		},
		{
			"name": "voxel",
			"from": [11, 9, 5],
			"to": [12, 10, 6],
			"faces": {
				"north": {"uv": [7.25, 10, 7.5, 10.25], "texture": "#0"},
				"east": {"uv": [10, 7.25, 10.25, 7.5], "texture": "#0"},
				"south": {"uv": [7.5, 10, 7.75, 10.25], "texture": "#0"},
				"west": {"uv": [10, 7.5, 10.25, 7.75], "texture": "#0"},
				"up": {"uv": [8, 10.25, 7.75, 10], "texture": "#0"},
				"down": {"uv": [10.25, 7.75, 10, 8], "texture": "#0"}
			}
		},
		{
			"name": "voxel",
			"from": [9, 9, 5],
			"to": [10, 11, 6],
			"faces": {
				"north": {"uv": [4, 5.5, 4.25, 6], "texture": "#0"},
				"east": {"uv": [6, 2.5, 6.25, 3], "texture": "#0"},
				"south": {"uv": [8.25, 5.25, 8.5, 5.75], "texture": "#0"},
				"west": {"uv": [9.25, 8.25, 9.5, 8.75], "texture": "#0"},
				"up": {"uv": [8.25, 10.25, 8, 10], "texture": "#0"},
				"down": {"uv": [10.25, 8, 10, 8.25], "texture": "#0"}
			}
		},
		{
			"name": "voxel",
			"from": [6, 9, 5],
			"to": [7, 11, 6],
			"faces": {
				"north": {"uv": [9.5, 2, 9.75, 2.5], "texture": "#0"},
				"east": {"uv": [2.25, 9.5, 2.5, 10], "texture": "#0"},
				"south": {"uv": [2.5, 9.5, 2.75, 10], "texture": "#0"},
				"west": {"uv": [9.5, 2.5, 9.75, 3], "texture": "#0"},
				"up": {"uv": [8.5, 10.25, 8.25, 10], "texture": "#0"},
				"down": {"uv": [10.25, 8.25, 10, 8.5], "texture": "#0"}
			}
		},
		{
			"name": "voxel",
			"from": [4, 9, 5],
			"to": [5, 10, 6],
			"faces": {
				"north": {"uv": [10, 8.5, 10.25, 8.75], "texture": "#0"},
				"east": {"uv": [8.75, 10, 9, 10.25], "texture": "#0"},
				"south": {"uv": [10, 8.75, 10.25, 9], "texture": "#0"},
				"west": {"uv": [9, 10, 9.25, 10.25], "texture": "#0"},
				"up": {"uv": [10.25, 9.25, 10, 9], "texture": "#0"},
				"down": {"uv": [9.5, 10, 9.25, 10.25], "texture": "#0"}
			}
		},
		{
			"name": "voxel",
			"from": [7, 8, 8],
			"to": [9, 9, 12],
			"faces": {
				"north": {"uv": [8, 2.25, 8.5, 2.5], "texture": "#0"},
				"east": {"uv": [8.75, 6.25, 9.75, 6.5], "texture": "#0"},
				"south": {"uv": [9.25, 6, 9.75, 6.25], "texture": "#0"},
				"west": {"uv": [8.75, 6.5, 9.75, 6.75], "texture": "#0"},
				"up": {"uv": [7.5, 8.5, 7, 7.5], "texture": "#0"},
				"down": {"uv": [8, 7.5, 7.5, 8.5], "texture": "#0"}
			}
		},
		{
			"name": "voxel",
			"from": [9, 8, 6],
			"to": [10, 10, 7],
			"faces": {
				"north": {"uv": [2.75, 9.5, 3, 10], "texture": "#0"},
				"east": {"uv": [9.5, 3, 9.75, 3.5], "texture": "#0"},
				"south": {"uv": [9.5, 4.5, 9.75, 5], "texture": "#0"},
				"west": {"uv": [9.5, 5, 9.75, 5.5], "texture": "#0"},
				"up": {"uv": [10.25, 9.5, 10, 9.25], "texture": "#0"},
				"down": {"uv": [10, 10, 9.75, 10.25], "texture": "#0"}
			}
		},
		{
			"name": "voxel",
			"from": [6, 8, 6],
			"to": [7, 10, 7],
			"faces": {
				"north": {"uv": [9.5, 5.5, 9.75, 6], "texture": "#0"},
				"east": {"uv": [9.5, 6.75, 9.75, 7.25], "texture": "#0"},
				"south": {"uv": [9.5, 7.25, 9.75, 7.75], "texture": "#0"},
				"west": {"uv": [9.5, 7.75, 9.75, 8.25], "texture": "#0"},
				"up": {"uv": [10.25, 10.25, 10, 10], "texture": "#0"},
				"down": {"uv": [0.25, 10.25, 0, 10.5], "texture": "#0"}
			}
		},
		{
			"name": "voxel",
			"from": [13, 6, 8],
			"to": [14, 8, 9],
			"faces": {
				"north": {"uv": [8, 9.5, 8.25, 10], "texture": "#0"},
				"east": {"uv": [8.25, 9.5, 8.5, 10], "texture": "#0"},
				"south": {"uv": [9.5, 8.25, 9.75, 8.75], "texture": "#0"},
				"west": {"uv": [8.75, 9.5, 9, 10], "texture": "#0"},
				"up": {"uv": [10.5, 0.25, 10.25, 0], "texture": "#0"},
				"down": {"uv": [0.5, 10.25, 0.25, 10.5], "texture": "#0"}
			}
		},
		{
			"name": "voxel",
			"from": [2, 6, 8],
			"to": [3, 8, 9],
			"faces": {
				"north": {"uv": [9.5, 8.75, 9.75, 9.25], "texture": "#0"},
				"east": {"uv": [9.5, 9.25, 9.75, 9.75], "texture": "#0"},
				"south": {"uv": [9.75, 0, 10, 0.5], "texture": "#0"},
				"west": {"uv": [9.75, 0.5, 10, 1], "texture": "#0"},
				"up": {"uv": [10.5, 0.5, 10.25, 0.25], "texture": "#0"},
				"down": {"uv": [0.75, 10.25, 0.5, 10.5], "texture": "#0"}
			}
		},
		{
			"name": "voxel",
			"from": [7, 6, 4],
			"to": [9, 8, 12],
			"faces": {
				"north": {"uv": [9, 8.75, 9.5, 9.25], "texture": "#0"},
				"east": {"uv": [6.25, 5.25, 8.25, 5.75], "texture": "#0"},
				"south": {"uv": [9.25, 0, 9.75, 0.5], "texture": "#0"},
				"west": {"uv": [1, 6.5, 3, 7], "texture": "#0"},
				"up": {"uv": [3.5, 8.5, 3, 6.5], "texture": "#0"},
				"down": {"uv": [4, 6.5, 3.5, 8.5], "texture": "#0"}
			}
		},
		{
			"name": "voxel",
			"from": [13, 5, 7],
			"to": [14, 7, 8],
			"faces": {
				"north": {"uv": [9.75, 1, 10, 1.5], "texture": "#0"},
				"east": {"uv": [9.75, 1.5, 10, 2], "texture": "#0"},
				"south": {"uv": [9.75, 2, 10, 2.5], "texture": "#0"},
				"west": {"uv": [9.75, 2.5, 10, 3], "texture": "#0"},
				"up": {"uv": [10.5, 0.75, 10.25, 0.5], "texture": "#0"},
				"down": {"uv": [10.5, 0.75, 10.25, 1], "texture": "#0"}
			}
		},
		{
			"name": "voxel",
			"from": [2, 5, 7],
			"to": [3, 7, 8],
			"faces": {
				"north": {"uv": [9.75, 3, 10, 3.5], "texture": "#0"},
				"east": {"uv": [9.75, 3.5, 10, 4], "texture": "#0"},
				"south": {"uv": [4, 9.75, 4.25, 10.25], "texture": "#0"},
				"west": {"uv": [9.75, 4, 10, 4.5], "texture": "#0"},
				"up": {"uv": [10.5, 1.25, 10.25, 1], "texture": "#0"},
				"down": {"uv": [10.5, 1.25, 10.25, 1.5], "texture": "#0"}
			}
		},
		{
			"name": "voxel",
			"from": [13, 4, 10],
			"to": [14, 7, 11],
			"faces": {
				"north": {"uv": [9.25, 4.5, 9.5, 5.25], "texture": "#0"},
				"east": {"uv": [5, 9.25, 5.25, 10], "texture": "#0"},
				"south": {"uv": [5.25, 9.25, 5.5, 10], "texture": "#0"},
				"west": {"uv": [9.25, 5.25, 9.5, 6], "texture": "#0"},
				"up": {"uv": [2.25, 10.5, 2, 10.25], "texture": "#0"},
				"down": {"uv": [2.5, 10.25, 2.25, 10.5], "texture": "#0"}
			}
		},
		{
			"name": "voxel",
			"from": [2, 4, 10],
			"to": [3, 7, 11],
			"faces": {
				"north": {"uv": [5.5, 9.25, 5.75, 10], "texture": "#0"},
				"east": {"uv": [5.75, 9.25, 6, 10], "texture": "#0"},
				"south": {"uv": [7.25, 9.25, 7.5, 10], "texture": "#0"},
				"west": {"uv": [7.5, 9.25, 7.75, 10], "texture": "#0"},
				"up": {"uv": [10.5, 2.5, 10.25, 2.25], "texture": "#0"},
				"down": {"uv": [2.75, 10.25, 2.5, 10.5], "texture": "#0"}
			}
		},
		{
			"name": "voxel",
			"from": [12, 4, 8],
			"to": [13, 7, 10],
			"faces": {
				"north": {"uv": [9.25, 7.5, 9.5, 8.25], "texture": "#0"},
				"east": {"uv": [8, 1.5, 8.5, 2.25], "texture": "#0"},
				"south": {"uv": [9, 9.25, 9.25, 10], "texture": "#0"},
				"west": {"uv": [8.25, 6, 8.75, 6.75], "texture": "#0"},
				"up": {"uv": [4.5, 10.25, 4.25, 9.75], "texture": "#0"},
				"down": {"uv": [4.75, 9.75, 4.5, 10.25], "texture": "#0"}
			}
		},
		{
			"name": "voxel",
			"from": [3, 4, 8],
			"to": [4, 7, 10],
			"faces": {
				"north": {"uv": [9.25, 9.25, 9.5, 10], "texture": "#0"},
				"east": {"uv": [7.25, 8.5, 7.75, 9.25], "texture": "#0"},
				"south": {"uv": [0.25, 9.5, 0.5, 10.25], "texture": "#0"},
				"west": {"uv": [8.5, 7.5, 9, 8.25], "texture": "#0"},
				"up": {"uv": [10, 5, 9.75, 4.5], "texture": "#0"},
				"down": {"uv": [5, 9.75, 4.75, 10.25], "texture": "#0"}
			}
		},
		{
			"name": "voxel",
			"from": [9, 4, 4],
			"to": [10, 8, 12],
			"faces": {
				"north": {"uv": [4, 3, 4.25, 4], "texture": "#0"},
				"east": {"uv": [0, 5.5, 2, 6.5], "texture": "#0"},
				"south": {"uv": [9.25, 0.5, 9.5, 1.5], "texture": "#0"},
				"west": {"uv": [2, 5.5, 4, 6.5], "texture": "#0"},
				"up": {"uv": [8.25, 9.5, 8, 7.5], "texture": "#0"},
				"down": {"uv": [8.5, 7.5, 8.25, 9.5], "texture": "#0"}
			}
		},
		{
			"name": "voxel",
			"from": [6, 4, 4],
			"to": [7, 8, 12],
			"faces": {
				"north": {"uv": [9.25, 1.5, 9.5, 2.5], "texture": "#0"},
				"east": {"uv": [6, 1.5, 8, 2.5], "texture": "#0"},
				"south": {"uv": [9.25, 2.5, 9.5, 3.5], "texture": "#0"},
				"west": {"uv": [4, 6, 6, 7], "texture": "#0"},
				"up": {"uv": [8.75, 2, 8.5, 0], "texture": "#0"},
				"down": {"uv": [1.25, 8.5, 1, 10.5], "texture": "#0"}
			}
		},
		{
			"name": "voxel",
			"from": [13, 3, 9],
			"to": [14, 8, 10],
			"faces": {
				"north": {"uv": [0.75, 8.75, 1, 10], "texture": "#0"},
				"east": {"uv": [8.75, 3.75, 9, 5], "texture": "#0"},
				"south": {"uv": [8.75, 5, 9, 6.25], "texture": "#0"},
				"west": {"uv": [8.75, 8.25, 9, 9.5], "texture": "#0"},
				"up": {"uv": [10.5, 2.75, 10.25, 2.5], "texture": "#0"},
				"down": {"uv": [3, 10.25, 2.75, 10.5], "texture": "#0"}
			}
		},
		{
			"name": "voxel",
			"from": [2, 3, 9],
			"to": [3, 8, 10],
			"faces": {
				"north": {"uv": [9, 0, 9.25, 1.25], "texture": "#0"},
				"east": {"uv": [9, 3.75, 9.25, 5], "texture": "#0"},
				"south": {"uv": [9, 5, 9.25, 6.25], "texture": "#0"},
				"west": {"uv": [9, 7.5, 9.25, 8.75], "texture": "#0"},
				"up": {"uv": [10.5, 3, 10.25, 2.75], "texture": "#0"},
				"down": {"uv": [10.5, 3, 10.25, 3.25], "texture": "#0"}
			}
		},
		{
			"name": "voxel",
			"from": [7, 2, 12],
			"to": [9, 9, 13],
			"faces": {
				"north": {"uv": [6, 6.75, 6.5, 8.5], "texture": "#0"},
				"east": {"uv": [8.5, 4, 8.75, 5.75], "texture": "#0"},
				"south": {"uv": [6.5, 6.75, 7, 8.5], "texture": "#0"},
				"west": {"uv": [7, 8.5, 7.25, 10.25], "texture": "#0"},
				"up": {"uv": [10.25, 5.25, 9.75, 5], "texture": "#0"},
				"down": {"uv": [10.25, 5.25, 9.75, 5.5], "texture": "#0"}
			}
		},
		{
			"name": "voxel",
			"from": [13, 2, 8],
			"to": [14, 4, 9],
			"faces": {
				"north": {"uv": [9.75, 5.5, 10, 6], "texture": "#0"},
				"east": {"uv": [9.75, 6, 10, 6.5], "texture": "#0"},
				"south": {"uv": [9.75, 6.5, 10, 7], "texture": "#0"},
				"west": {"uv": [9.75, 7, 10, 7.5], "texture": "#0"},
				"up": {"uv": [10.5, 3.5, 10.25, 3.25], "texture": "#0"},
				"down": {"uv": [10.5, 3.5, 10.25, 3.75], "texture": "#0"}
			}
		},
		{
			"name": "voxel",
			"from": [2, 2, 8],
			"to": [3, 4, 9],
			"faces": {
				"north": {"uv": [9.75, 7.5, 10, 8], "texture": "#0"},
				"east": {"uv": [9.75, 8, 10, 8.5], "texture": "#0"},
				"south": {"uv": [8.5, 9.75, 8.75, 10.25], "texture": "#0"},
				"west": {"uv": [9.75, 8.5, 10, 9], "texture": "#0"},
				"up": {"uv": [10.5, 4, 10.25, 3.75], "texture": "#0"},
				"down": {"uv": [4.25, 10.25, 4, 10.5], "texture": "#0"}
			}
		},
		{
			"name": "voxel",
			"from": [10, 2, 4],
			"to": [11, 8, 12],
			"faces": {
				"north": {"uv": [7.75, 8.5, 8, 10], "texture": "#0"},
				"east": {"uv": [4, 1.5, 6, 3], "texture": "#0"},
				"south": {"uv": [8.5, 8.25, 8.75, 9.75], "texture": "#0"},
				"west": {"uv": [2.25, 4, 4.25, 5.5], "texture": "#0"},
				"up": {"uv": [1.5, 10.5, 1.25, 8.5], "texture": "#0"},
				"down": {"uv": [1.75, 8.5, 1.5, 10.5], "texture": "#0"}
			}
		},
		{
			"name": "voxel",
			"from": [5, 2, 4],
			"to": [6, 8, 12],
			"faces": {
				"north": {"uv": [0, 8.75, 0.25, 10.25], "texture": "#0"},
				"east": {"uv": [4.25, 3, 6.25, 4.5], "texture": "#0"},
				"south": {"uv": [8.75, 0, 9, 1.5], "texture": "#0"},
				"west": {"uv": [4.25, 4.5, 6.25, 6], "texture": "#0"},
				"up": {"uv": [2, 10.5, 1.75, 8.5], "texture": "#0"},
				"down": {"uv": [8.75, 2, 8.5, 4], "texture": "#0"}
			}
		},
		{
			"name": "voxel",
			"from": [7, 2, 2],
			"to": [9, 4, 3],
			"faces": {
				"north": {"uv": [9.25, 3.5, 9.75, 4], "texture": "#0"},
				"east": {"uv": [9.75, 9, 10, 9.5], "texture": "#0"},
				"south": {"uv": [4, 9.25, 4.5, 9.75], "texture": "#0"},
				"west": {"uv": [9.5, 9.75, 9.75, 10.25], "texture": "#0"},
				"up": {"uv": [10.25, 9.75, 9.75, 9.5], "texture": "#0"},
				"down": {"uv": [10.25, 9.75, 9.75, 10], "texture": "#0"}
			}
		},
		{
			"name": "voxel",
			"from": [9, 1, 3],
			"to": [10, 4, 12],
			"faces": {
				"north": {"uv": [0.5, 9.5, 0.75, 10.25], "texture": "#0"},
				"east": {"uv": [6, 6, 8.25, 6.75], "texture": "#0"},
				"south": {"uv": [9.5, 0.5, 9.75, 1.25], "texture": "#0"},
				"west": {"uv": [6.25, 0, 8.5, 0.75], "texture": "#0"},
				"up": {"uv": [4.25, 9.25, 4, 7], "texture": "#0"},
				"down": {"uv": [4.5, 7, 4.25, 9.25], "texture": "#0"}
			}
		},
		{
			"name": "voxel",
			"from": [6, 1, 3],
			"to": [7, 4, 12],
			"faces": {
				"north": {"uv": [9.5, 1.25, 9.75, 2], "texture": "#0"},
				"east": {"uv": [6.25, 0.75, 8.5, 1.5], "texture": "#0"},
				"south": {"uv": [2, 9.5, 2.25, 10.25], "texture": "#0"},
				"west": {"uv": [6.25, 2.5, 8.5, 3.25], "texture": "#0"},
				"up": {"uv": [4.75, 9.25, 4.5, 7], "texture": "#0"},
				"down": {"uv": [5, 7, 4.75, 9.25], "texture": "#0"}
			}
		},
		{
			"name": "voxel",
			"from": [11, 0, 4],
			"to": [12, 8, 12],
			"faces": {
				"north": {"uv": [3, 8.5, 3.25, 10.5], "texture": "#0"},
				"east": {"uv": [0, 0, 2, 2], "texture": "#0"},
				"south": {"uv": [3.25, 8.5, 3.5, 10.5], "texture": "#0"},
				"west": {"uv": [0, 2, 2, 4], "texture": "#0"},
				"up": {"uv": [3.75, 10.5, 3.5, 8.5], "texture": "#0"},
				"down": {"uv": [4, 8.5, 3.75, 10.5], "texture": "#0"}
			}
		},
		{
			"name": "voxel",
			"from": [4, 0, 4],
			"to": [5, 8, 12],
			"faces": {
				"north": {"uv": [6, 8.5, 6.25, 10.5], "texture": "#0"},
				"east": {"uv": [2, 0, 4, 2], "texture": "#0"},
				"south": {"uv": [6.25, 8.5, 6.5, 10.5], "texture": "#0"},
				"west": {"uv": [2, 2, 4, 4], "texture": "#0"},
				"up": {"uv": [6.75, 10.5, 6.5, 8.5], "texture": "#0"},
				"down": {"uv": [7, 8.5, 6.75, 10.5], "texture": "#0"}
			}
		},
		{
			"name": "voxel",
			"from": [10, 0, 3],
			"to": [11, 2, 12],
			"faces": {
				"north": {"uv": [10, 0, 10.25, 0.5], "texture": "#0"},
				"east": {"uv": [6.25, 3.25, 8.5, 3.75], "texture": "#0"},
				"south": {"uv": [10, 0.5, 10.25, 1], "texture": "#0"},
				"west": {"uv": [6.25, 3.75, 8.5, 4.25], "texture": "#0"},
				"up": {"uv": [5.25, 9.25, 5, 7], "texture": "#0"},
				"down": {"uv": [5.5, 7, 5.25, 9.25], "texture": "#0"}
			}
		},
		{
			"name": "voxel",
			"from": [7, 0, 3],
			"to": [9, 6, 12],
			"faces": {
				"north": {"uv": [1, 7, 1.5, 8.5], "texture": "#0"},
				"east": {"uv": [0, 4, 2.25, 5.5], "texture": "#0"},
				"south": {"uv": [1.5, 7, 2, 8.5], "texture": "#0"},
				"west": {"uv": [4, 0, 6.25, 1.5], "texture": "#0"},
				"up": {"uv": [0.5, 8.75, 0, 6.5], "texture": "#0"},
				"down": {"uv": [1, 6.5, 0.5, 8.75], "texture": "#0"}
			}
		},
		{
			"name": "voxel",
			"from": [5, 0, 3],
			"to": [6, 2, 12],
			"faces": {
				"north": {"uv": [0.75, 10, 1, 10.5], "texture": "#0"},
				"east": {"uv": [6.25, 4.25, 8.5, 4.75], "texture": "#0"},
				"south": {"uv": [10, 1, 10.25, 1.5], "texture": "#0"},
				"west": {"uv": [6.25, 4.75, 8.5, 5.25], "texture": "#0"},
				"up": {"uv": [5.75, 9.25, 5.5, 7], "texture": "#0"},
				"down": {"uv": [6, 7, 5.75, 9.25], "texture": "#0"}
			}
		},
		{
			"name": "voxel",
			"from": [9, 0, 2],
			"to": [10, 1, 12],
			"faces": {
				"north": {"uv": [10.25, 4, 10.5, 4.25], "texture": "#0"},
				"east": {"uv": [6.25, 5.75, 8.75, 6], "texture": "#0"},
				"south": {"uv": [4.25, 10.25, 4.5, 10.5], "texture": "#0"},
				"west": {"uv": [7, 6.75, 9.5, 7], "texture": "#0"},
				"up": {"uv": [2.25, 9.5, 2, 7], "texture": "#0"},
				"down": {"uv": [2.5, 7, 2.25, 9.5], "texture": "#0"}
			}
		},
		{
			"name": "voxel",
			"from": [6, 0, 2],
			"to": [7, 1, 12],
			"faces": {
				"north": {"uv": [10.25, 4.25, 10.5, 4.5], "texture": "#0"},
				"east": {"uv": [7, 7, 9.5, 7.25], "texture": "#0"},
				"south": {"uv": [4.5, 10.25, 4.75, 10.5], "texture": "#0"},
				"west": {"uv": [7, 7.25, 9.5, 7.5], "texture": "#0"},
				"up": {"uv": [2.75, 9.5, 2.5, 7], "texture": "#0"},
				"down": {"uv": [3, 7, 2.75, 9.5], "texture": "#0"}
			}
		},
		{
			"name": "voxel",
			"from": [7, 0, 0],
			"to": [9, 1, 1],
			"faces": {
				"north": {"uv": [10, 1.5, 10.5, 1.75], "texture": "#0"},
				"east": {"uv": [10.25, 4.5, 10.5, 4.75], "texture": "#0"},
				"south": {"uv": [10, 1.75, 10.5, 2], "texture": "#0"},
				"west": {"uv": [4.75, 10.25, 5, 10.5], "texture": "#0"},
				"up": {"uv": [10.5, 2.25, 10, 2], "texture": "#0"},
				"down": {"uv": [2.75, 10, 2.25, 10.25], "texture": "#0"}
			}
		},
		{
			"name": "voxel",
			"from": [7, -1, 1],
			"to": [9, 2, 3],
			"faces": {
				"north": {"uv": [0.25, 8.75, 0.75, 9.5], "texture": "#0"},
				"east": {"uv": [8.75, 1.5, 9.25, 2.25], "texture": "#0"},
				"south": {"uv": [8.75, 2.25, 9.25, 3], "texture": "#0"},
				"west": {"uv": [8.75, 3, 9.25, 3.75], "texture": "#0"},
				"up": {"uv": [9.75, 4.5, 9.25, 4], "texture": "#0"},
				"down": {"uv": [5, 9.25, 4.5, 9.75], "texture": "#0"}
			}
		}
	],
	"display": {
		"head": {
			"translation": [0, 7.75, 0],
			"scale": [1.9, 1.9, 1.9]
		}
	},
	"groups": [
		{
			"name": "voxel_file",
			"origin": [8, 8, 8],
			"color": 0,
			"children": [0, 1, 2, 3, 4, 5, 6, 7, 8, 9, 10, 11, 12, 13, 14, 15, 16, 17, 18, 19, 20, 21, 22, 23, 24, 25, 26, 27, 28, 29, 30, 31, 32, 33, 34, 35, 36, 37, 38, 39, 40]
		}
	]
}