{
	"credit": "Made with Blockbench",
	"texture_size": [32, 32],
	"textures": {
		"0": "gc/heads/han",
		"particle": "gc/heads/han"
	},
	"elements": [
		{
			"from": [9, 8, 2],
			"to": [12, 9, 4],
			"faces": {
				"north": {"uv": [8.5, 2, 10, 2.5], "texture": "#0"},
				"east": {"uv": [8.5, 3.5, 9.5, 4], "texture": "#0"},
				"south": {"uv": [2.5, 8.5, 4, 9], "texture": "#0"},
				"west": {"uv": [4, 8.5, 5, 9], "texture": "#0"},
				"up": {"uv": [9.5, 6, 8, 5], "texture": "#0"},
				"down": {"uv": [9.5, 6, 8, 7], "texture": "#0"}
			}
		},
		{
			"from": [4, 8, 2],
			"to": [7, 9, 4],
			"faces": {
				"north": {"uv": [8.5, 2.5, 10, 3], "texture": "#0"},
				"east": {"uv": [5, 8.5, 6, 9], "texture": "#0"},
				"south": {"uv": [8.5, 3, 10, 3.5], "texture": "#0"},
				"west": {"uv": [6, 8.5, 7, 9], "texture": "#0"},
				"up": {"uv": [9.5, 8, 8, 7], "texture": "#0"},
				"down": {"uv": [9.5, 8, 8, 9], "texture": "#0"}
			}
		},
		{
			"from": [3, 6, 2],
			"to": [4, 8, 4],
			"faces": {
				"north": {"uv": [7, 8.5, 7.5, 9.5], "texture": "#0"},
				"east": {"uv": [8.5, 0, 9.5, 1], "texture": "#0"},
				"south": {"uv": [7.5, 8.5, 8, 9.5], "texture": "#0"},
				"west": {"uv": [0.5, 8.5, 1.5, 9.5], "texture": "#0"},
				"up": {"uv": [3, 10, 2.5, 9], "texture": "#0"},
				"down": {"uv": [3.5, 9, 3, 10], "texture": "#0"}
			}
		},
		{
			"from": [12, 6, 2],
			"to": [13, 8, 4],
			"faces": {
				"north": {"uv": [3.5, 9, 4, 10], "texture": "#0"},
				"east": {"uv": [8.5, 1, 9.5, 2], "texture": "#0"},
				"south": {"uv": [4, 9, 4.5, 10], "texture": "#0"},
				"west": {"uv": [1.5, 8.5, 2.5, 9.5], "texture": "#0"},
				"up": {"uv": [5, 10, 4.5, 9], "texture": "#0"},
				"down": {"uv": [5.5, 9, 5, 10], "texture": "#0"}
			}
		},
		{
			"from": [7, 7, 2],
			"to": [9, 8, 3],
			"faces": {
				"north": {"uv": [5.5, 9, 6.5, 9.5], "texture": "#0"},
				"east": {"uv": [6.5, 9, 7, 9.5], "texture": "#0"},
				"south": {"uv": [8, 9, 9, 9.5], "texture": "#0"},
				"west": {"uv": [9.5, 5.5, 10, 6], "texture": "#0"},
				"up": {"uv": [10, 9.5, 9, 9], "texture": "#0"},
				"down": {"uv": [10.5, 0, 9.5, 0.5], "texture": "#0"}
			}
		},
		{
			"from": [10, 7, 2],
			"to": [12, 8, 3],
			"faces": {
				"north": {"uv": [0.5, 9.5, 1.5, 10], "texture": "#0"},
				"east": {"uv": [9.5, 6, 10, 6.5], "texture": "#0"},
				"south": {"uv": [9.5, 0.5, 10.5, 1], "texture": "#0"},
				"west": {"uv": [6.5, 9.5, 7, 10], "texture": "#0"},
				"up": {"uv": [10.5, 1.5, 9.5, 1], "texture": "#0"},
				"down": {"uv": [2.5, 9.5, 1.5, 10], "texture": "#0"}
			}
		},
		{
			"from": [4, 7, 2],
			"to": [6, 8, 3],
			"faces": {
				"north": {"uv": [9.5, 1.5, 10.5, 2], "texture": "#0"},
				"east": {"uv": [9.5, 6.5, 10, 7], "texture": "#0"},
				"south": {"uv": [9.5, 3.5, 10.5, 4], "texture": "#0"},
				"west": {"uv": [7, 9.5, 7.5, 10], "texture": "#0"},
				"up": {"uv": [10.5, 5.5, 9.5, 5], "texture": "#0"},
				"down": {"uv": [6.5, 9.5, 5.5, 10], "texture": "#0"}
			}
		},
		{
			"from": [4, 0, 3],
			"to": [12, 8, 4],
			"faces": {
				"north": {"uv": [0, 0, 4, 4], "texture": "#0"},
				"east": {"uv": [0, 8, 0.5, 12], "texture": "#0"},
				"south": {"uv": [0, 4, 4, 8], "texture": "#0"},
				"west": {"uv": [8, 0, 8.5, 4], "texture": "#0"},
				"up": {"uv": [4.5, 8.5, 0.5, 8], "texture": "#0"},
				"down": {"uv": [12, 4, 8, 4.5], "texture": "#0"}
			}
		},
		{
			"from": [4, 5, 4],
			"to": [12, 6, 11],
			"faces": {
				"north": {"uv": [4, 7, 8, 7.5], "texture": "#0"},
				"east": {"uv": [4.5, 8, 8, 8.5], "texture": "#0"},
				"south": {"uv": [4, 7.5, 8, 8], "texture": "#0"},
				"west": {"uv": [8, 4.5, 11.5, 5], "texture": "#0"},
				"up": {"uv": [8, 3.5, 4, 0], "texture": "#0"},
				"down": {"uv": [8, 3.5, 4, 7], "texture": "#0"}
			}
		}
	],
	"display": {
		"head": {
			"translation": [0, 7.5, 1.75],
			"scale": [1.9, 1.9, 1.9]
		}
	}
}