{
	"credit": "Made with Blockbench",
	"texture_size": [64, 64],
	"textures": {
		"0": "gc/heads/ig88",
		"particle": "gc/heads/ig88"
	},
	"elements": [
		{
			"name": "voxel",
			"from": [7, 15, 7],
			"to": [9, 16, 9],
			"rotation": {"angle": 0, "axis": "y", "origin": [16, 0, 0]},
			"faces": {
				"north": {"uv": [9.25, 2.25, 9.75, 2.5], "texture": "#0"},
				"east": {"uv": [9.25, 4.5, 9.75, 4.75], "texture": "#0"},
				"south": {"uv": [9.25, 4.75, 9.75, 5], "texture": "#0"},
				"west": {"uv": [9.25, 6.25, 9.75, 6.5], "texture": "#0"},
				"up": {"uv": [9, 6.5, 8.5, 6], "texture": "#0"},
				"down": {"uv": [5.5, 8.75, 5, 9.25], "texture": "#0"}
			}
		},
		{
			"name": "voxel",
			"from": [6, 14, 7],
			"to": [7, 15, 9],
			"rotation": {"angle": 0, "axis": "y", "origin": [16, 0, 0]},
			"faces": {
				"north": {"uv": [6.5, 10, 6.75, 10.25], "texture": "#0"},
				"east": {"uv": [9.25, 8.75, 9.75, 9], "texture": "#0"},
				"south": {"uv": [10, 7.5, 10.25, 7.75], "texture": "#0"},
				"west": {"uv": [9.75, 2.25, 10.25, 2.5], "texture": "#0"},
				"up": {"uv": [10, 5, 9.75, 4.5], "texture": "#0"},
				"down": {"uv": [10, 6.25, 9.75, 6.75], "texture": "#0"}
			}
		},
		{
			"name": "voxel",
			"from": [9, 14, 7],
			"to": [10, 15, 9],
			"rotation": {"angle": 0, "axis": "y", "origin": [16, 0, 0]},
			"faces": {
				"north": {"uv": [10, 7.75, 10.25, 8], "texture": "#0"},
				"east": {"uv": [9.75, 6.75, 10.25, 7], "texture": "#0"},
				"south": {"uv": [8, 10, 8.25, 10.25], "texture": "#0"},
				"west": {"uv": [9.75, 7, 10.25, 7.25], "texture": "#0"},
				"up": {"uv": [10, 7.75, 9.75, 7.25], "texture": "#0"},
				"down": {"uv": [10, 7.75, 9.75, 8.25], "texture": "#0"}
			}
		},
		{
			"name": "voxel",
			"from": [7, 14, 6],
			"to": [9, 15, 10],
			"rotation": {"angle": 0, "axis": "y", "origin": [16, 0, 0]},
			"faces": {
				"north": {"uv": [9.75, 8.25, 10.25, 8.5], "texture": "#0"},
				"east": {"uv": [8.75, 7, 9.75, 7.25], "texture": "#0"},
				"south": {"uv": [9.75, 8.5, 10.25, 8.75], "texture": "#0"},
				"west": {"uv": [8.75, 7.25, 9.75, 7.5], "texture": "#0"},
				"up": {"uv": [6.75, 6.5, 6.25, 5.5], "texture": "#0"},
				"down": {"uv": [7, 0, 6.5, 1], "texture": "#0"}
			}
		},
		{
			"name": "voxel",
			"from": [5, 13, 7],
			"to": [6, 14, 9],
			"rotation": {"angle": 0, "axis": "y", "origin": [16, 0, 0]},
			"faces": {
				"north": {"uv": [10, 8, 10.25, 8.25], "texture": "#0"},
				"east": {"uv": [9.75, 8.75, 10.25, 9], "texture": "#0"},
				"south": {"uv": [8.25, 10, 8.5, 10.25], "texture": "#0"},
				"west": {"uv": [9.75, 9, 10.25, 9.25], "texture": "#0"},
				"up": {"uv": [10, 9.75, 9.75, 9.25], "texture": "#0"},
				"down": {"uv": [10, 9.75, 9.75, 10.25], "texture": "#0"}
			}
		},
		{
			"name": "voxel",
			"from": [10, 13, 7],
			"to": [11, 14, 9],
			"rotation": {"angle": 0, "axis": "y", "origin": [16, 0, 0]},
			"faces": {
				"north": {"uv": [8.5, 10, 8.75, 10.25], "texture": "#0"},
				"east": {"uv": [10, 0, 10.5, 0.25], "texture": "#0"},
				"south": {"uv": [8.75, 10, 9, 10.25], "texture": "#0"},
				"west": {"uv": [10, 0.25, 10.5, 0.5], "texture": "#0"},
				"up": {"uv": [10.25, 1.25, 10, 0.75], "texture": "#0"},
				"down": {"uv": [10.25, 1.25, 10, 1.75], "texture": "#0"}
			}
		},
		{
			"name": "voxel",
			"from": [6, 13, 6],
			"to": [7, 14, 10],
			"rotation": {"angle": 0, "axis": "y", "origin": [16, 0, 0]},
			"faces": {
				"north": {"uv": [9, 10, 9.25, 10.25], "texture": "#0"},
				"east": {"uv": [8.75, 7.5, 9.75, 7.75], "texture": "#0"},
				"south": {"uv": [9.25, 10, 9.5, 10.25], "texture": "#0"},
				"west": {"uv": [8.75, 7.75, 9.75, 8], "texture": "#0"},
				"up": {"uv": [5.75, 9.75, 5.5, 8.75], "texture": "#0"},
				"down": {"uv": [9, 8, 8.75, 9], "texture": "#0"}
			}
		},
		{
			"name": "voxel",
			"from": [9, 13, 6],
			"to": [10, 14, 10],
			"rotation": {"angle": 0, "axis": "y", "origin": [16, 0, 0]},
			"faces": {
				"north": {"uv": [10, 9.25, 10.25, 9.5], "texture": "#0"},
				"east": {"uv": [9, 0, 10, 0.25], "texture": "#0"},
				"south": {"uv": [9.5, 10, 9.75, 10.25], "texture": "#0"},
				"west": {"uv": [9, 0.25, 10, 0.5], "texture": "#0"},
				"up": {"uv": [9.25, 1.5, 9, 0.5], "texture": "#0"},
				"down": {"uv": [9.25, 1.5, 9, 2.5], "texture": "#0"}
			}
		},
		{
			"name": "voxel",
			"from": [7, 13, 5],
			"to": [9, 14, 11],
			"rotation": {"angle": 0, "axis": "y", "origin": [16, 0, 0]},
			"faces": {
				"north": {"uv": [10, 1.75, 10.5, 2], "texture": "#0"},
				"east": {"uv": [7, 0, 8.5, 0.25], "texture": "#0"},
				"south": {"uv": [10, 2, 10.5, 2.25], "texture": "#0"},
				"west": {"uv": [7, 0.25, 8.5, 0.5], "texture": "#0"},
				"up": {"uv": [3.5, 7.5, 3, 6], "texture": "#0"},
				"down": {"uv": [4, 6, 3.5, 7.5], "texture": "#0"}
			}
		},
		{
			"name": "voxel",
			"from": [4, 12, 6],
			"to": [5, 13, 10],
			"rotation": {"angle": 0, "axis": "y", "origin": [16, 0, 0]},
			"faces": {
				"north": {"uv": [10, 9.5, 10.25, 9.75], "texture": "#0"},
				"east": {"uv": [9, 2.5, 10, 2.75], "texture": "#0"},
				"south": {"uv": [10, 9.75, 10.25, 10], "texture": "#0"},
				"west": {"uv": [9, 2.75, 10, 3], "texture": "#0"},
				"up": {"uv": [9.25, 4, 9, 3], "texture": "#0"},
				"down": {"uv": [9.25, 4, 9, 5], "texture": "#0"}
			}
		},
		{
			"name": "voxel",
			"from": [11, 12, 6],
			"to": [12, 13, 10],
			"rotation": {"angle": 0, "axis": "y", "origin": [16, 0, 0]},
			"faces": {
				"north": {"uv": [10, 10, 10.25, 10.25], "texture": "#0"},
				"east": {"uv": [9, 5, 10, 5.25], "texture": "#0"},
				"south": {"uv": [0, 10.25, 0.25, 10.5], "texture": "#0"},
				"west": {"uv": [9, 5.25, 10, 5.5], "texture": "#0"},
				"up": {"uv": [9.25, 6.5, 9, 5.5], "texture": "#0"},
				"down": {"uv": [9.25, 8, 9, 9], "texture": "#0"}
			}
		},
		{
			"name": "voxel",
			"from": [5, 12, 5],
			"to": [6, 13, 11],
			"rotation": {"angle": 0, "axis": "y", "origin": [16, 0, 0]},
			"faces": {
				"north": {"uv": [0.25, 10.25, 0.5, 10.5], "texture": "#0"},
				"east": {"uv": [7, 0.5, 8.5, 0.75], "texture": "#0"},
				"south": {"uv": [0.5, 10.25, 0.75, 10.5], "texture": "#0"},
				"west": {"uv": [7, 0.75, 8.5, 1], "texture": "#0"},
				"up": {"uv": [8.5, 6.5, 8.25, 5], "texture": "#0"},
				"down": {"uv": [6.25, 8.25, 6, 9.75], "texture": "#0"}
			}
		},
		{
			"name": "voxel",
			"from": [10, 12, 5],
			"to": [11, 13, 11],
			"rotation": {"angle": 0, "axis": "y", "origin": [16, 0, 0]},
			"faces": {
				"north": {"uv": [10.25, 0.5, 10.5, 0.75], "texture": "#0"},
				"east": {"uv": [8.25, 6.5, 9.75, 6.75], "texture": "#0"},
				"south": {"uv": [0.75, 10.25, 1, 10.5], "texture": "#0"},
				"west": {"uv": [8.25, 6.75, 9.75, 7], "texture": "#0"},
				"up": {"uv": [8.5, 8.5, 8.25, 7], "texture": "#0"},
				"down": {"uv": [8.75, 0, 8.5, 1.5], "texture": "#0"}
			}
		},
		{
			"name": "voxel",
			"from": [6, 12, 4],
			"to": [10, 13, 12],
			"rotation": {"angle": 0, "axis": "y", "origin": [16, 0, 0]},
			"faces": {
				"north": {"uv": [8.75, 9, 9.75, 9.25], "texture": "#0"},
				"east": {"uv": [6.5, 1, 8.5, 1.25], "texture": "#0"},
				"south": {"uv": [9.25, 0.5, 10.25, 0.75], "texture": "#0"},
				"west": {"uv": [6.5, 1.25, 8.5, 1.5], "texture": "#0"},
				"up": {"uv": [5, 6, 4, 4], "texture": "#0"},
				"down": {"uv": [6, 4, 5, 6], "texture": "#0"}
			}
		},
		{
			"name": "voxel",
			"from": [4, 8, 12],
			"to": [5, 11, 13],
			"rotation": {"angle": 0, "axis": "y", "origin": [16, 0, 0]},
			"faces": {
				"north": {"uv": [9.25, 0.75, 9.5, 1.5], "texture": "#0"},
				"east": {"uv": [9.25, 1.5, 9.5, 2.25], "texture": "#0"},
				"south": {"uv": [9.25, 3, 9.5, 3.75], "texture": "#0"},
				"west": {"uv": [9.25, 3.75, 9.5, 4.5], "texture": "#0"},
				"up": {"uv": [10.5, 1, 10.25, 0.75], "texture": "#0"},
				"down": {"uv": [1.25, 10.25, 1, 10.5], "texture": "#0"}
			}
		},
		{
			"name": "voxel",
			"from": [11, 8, 12],
			"to": [12, 11, 13],
			"rotation": {"angle": 0, "axis": "y", "origin": [16, 0, 0]},
			"faces": {
				"north": {"uv": [5, 9.25, 5.25, 10], "texture": "#0"},
				"east": {"uv": [5.25, 9.25, 5.5, 10], "texture": "#0"},
				"south": {"uv": [9.25, 5.5, 9.5, 6.25], "texture": "#0"},
				"west": {"uv": [8, 9.25, 8.25, 10], "texture": "#0"},
				"up": {"uv": [10.5, 1.25, 10.25, 1], "texture": "#0"},
				"down": {"uv": [1.5, 10.25, 1.25, 10.5], "texture": "#0"}
			}
		},
		{
			"name": "voxel",
			"from": [3, 8, 11],
			"to": [4, 11, 12],
			"rotation": {"angle": 0, "axis": "y", "origin": [16, 0, 0]},
			"faces": {
				"north": {"uv": [9.25, 8, 9.5, 8.75], "texture": "#0"},
				"east": {"uv": [8.75, 9.25, 9, 10], "texture": "#0"},
				"south": {"uv": [9, 9.25, 9.25, 10], "texture": "#0"},
				"west": {"uv": [9.25, 9.25, 9.5, 10], "texture": "#0"},
				"up": {"uv": [10.5, 1.5, 10.25, 1.25], "texture": "#0"},
				"down": {"uv": [1.75, 10.25, 1.5, 10.5], "texture": "#0"}
			}
		},
		{
			"name": "voxel",
			"from": [12, 8, 11],
			"to": [13, 11, 12],
			"rotation": {"angle": 0, "axis": "y", "origin": [16, 0, 0]},
			"faces": {
				"north": {"uv": [9.5, 0.75, 9.75, 1.5], "texture": "#0"},
				"east": {"uv": [9.5, 1.5, 9.75, 2.25], "texture": "#0"},
				"south": {"uv": [3, 9.5, 3.25, 10.25], "texture": "#0"},
				"west": {"uv": [9.5, 3, 9.75, 3.75], "texture": "#0"},
				"up": {"uv": [10.5, 1.75, 10.25, 1.5], "texture": "#0"},
				"down": {"uv": [2, 10.25, 1.75, 10.5], "texture": "#0"}
			}
		},
		{
			"name": "voxel",
			"from": [13, 8, 5],
			"to": [14, 9, 6],
			"rotation": {"angle": 0, "axis": "y", "origin": [16, 0, 0]},
			"faces": {
				"north": {"uv": [2, 10.25, 2.25, 10.5], "texture": "#0"},
				"east": {"uv": [2.25, 10.25, 2.5, 10.5], "texture": "#0"},
				"south": {"uv": [10.25, 2.25, 10.5, 2.5], "texture": "#0"},
				"west": {"uv": [2.5, 10.25, 2.75, 10.5], "texture": "#0"},
				"up": {"uv": [3, 10.5, 2.75, 10.25], "texture": "#0"},
				"down": {"uv": [3.25, 10.25, 3, 10.5], "texture": "#0"}
			}
		},
		{
			"name": "voxel",
			"from": [3, 8, 4],
			"to": [4, 11, 5],
			"rotation": {"angle": 0, "axis": "y", "origin": [16, 0, 0]},
			"faces": {
				"north": {"uv": [3.25, 9.5, 3.5, 10.25], "texture": "#0"},
				"east": {"uv": [3.5, 9.5, 3.75, 10.25], "texture": "#0"},
				"south": {"uv": [3.75, 9.5, 4, 10.25], "texture": "#0"},
				"west": {"uv": [9.5, 3.75, 9.75, 4.5], "texture": "#0"},
				"up": {"uv": [10.5, 3.25, 10.25, 3], "texture": "#0"},
				"down": {"uv": [3.5, 10.25, 3.25, 10.5], "texture": "#0"}
			}
		},
		{
			"name": "voxel",
			"from": [12, 8, 4],
			"to": [13, 11, 5],
			"rotation": {"angle": 0, "axis": "y", "origin": [16, 0, 0]},
			"faces": {
				"north": {"uv": [9.5, 5.5, 9.75, 6.25], "texture": "#0"},
				"east": {"uv": [6.75, 9.5, 7, 10.25], "texture": "#0"},
				"south": {"uv": [7, 9.5, 7.25, 10.25], "texture": "#0"},
				"west": {"uv": [7.25, 9.5, 7.5, 10.25], "texture": "#0"},
				"up": {"uv": [10.5, 3.5, 10.25, 3.25], "texture": "#0"},
				"down": {"uv": [3.75, 10.25, 3.5, 10.5], "texture": "#0"}
			}
		},
		{
			"name": "voxel",
			"from": [4, 8, 3],
			"to": [5, 11, 4],
			"rotation": {"angle": 0, "axis": "y", "origin": [16, 0, 0]},
			"faces": {
				"north": {"uv": [7.5, 9.5, 7.75, 10.25], "texture": "#0"},
				"east": {"uv": [7.75, 9.5, 8, 10.25], "texture": "#0"},
				"south": {"uv": [9.5, 8, 9.75, 8.75], "texture": "#0"},
				"west": {"uv": [9.5, 9.25, 9.75, 10], "texture": "#0"},
				"up": {"uv": [10.5, 3.75, 10.25, 3.5], "texture": "#0"},
				"down": {"uv": [4, 10.25, 3.75, 10.5], "texture": "#0"}
			}
		},
		{
			"name": "voxel",
			"from": [11, 8, 3],
			"to": [12, 11, 4],
			"rotation": {"angle": 0, "axis": "y", "origin": [16, 0, 0]},
			"faces": {
				"north": {"uv": [9.75, 0.75, 10, 1.5], "texture": "#0"},
				"east": {"uv": [9.75, 1.5, 10, 2.25], "texture": "#0"},
				"south": {"uv": [9.75, 3, 10, 3.75], "texture": "#0"},
				"west": {"uv": [9.75, 3.75, 10, 4.5], "texture": "#0"},
				"up": {"uv": [10.5, 4, 10.25, 3.75], "texture": "#0"},
				"down": {"uv": [4.25, 10.25, 4, 10.5], "texture": "#0"}
			}
		},
		{
			"name": "voxel",
			"from": [9, 8, 2],
			"to": [10, 9, 3],
			"rotation": {"angle": 0, "axis": "y", "origin": [16, 0, 0]},
			"faces": {
				"north": {"uv": [4.25, 10.25, 4.5, 10.5], "texture": "#0"},
				"east": {"uv": [4.5, 10.25, 4.75, 10.5], "texture": "#0"},
				"south": {"uv": [10.25, 4.5, 10.5, 4.75], "texture": "#0"},
				"west": {"uv": [4.75, 10.25, 5, 10.5], "texture": "#0"},
				"up": {"uv": [10.5, 5, 10.25, 4.75], "texture": "#0"},
				"down": {"uv": [10.5, 5.5, 10.25, 5.75], "texture": "#0"}
			}
		},
		{
			"name": "voxel",
			"from": [2, 7, 9],
			"to": [3, 8, 10],
			"rotation": {"angle": 0, "axis": "y", "origin": [16, 0, 0]},
			"faces": {
				"north": {"uv": [10.25, 5.75, 10.5, 6], "texture": "#0"},
				"east": {"uv": [10.25, 6, 10.5, 6.25], "texture": "#0"},
				"south": {"uv": [10.25, 6.25, 10.5, 6.5], "texture": "#0"},
				"west": {"uv": [6.5, 10.25, 6.75, 10.5], "texture": "#0"},
				"up": {"uv": [7, 10.5, 6.75, 10.25], "texture": "#0"},
				"down": {"uv": [10.5, 6.75, 10.25, 7], "texture": "#0"}
			}
		},
		{
			"name": "voxel",
			"from": [8, 7, 1],
			"to": [9, 8, 3],
			"rotation": {"angle": 0, "axis": "y", "origin": [16, 0, 0]},
			"faces": {
				"north": {"uv": [7, 10.25, 7.25, 10.5], "texture": "#0"},
				"east": {"uv": [10, 2.5, 10.5, 2.75], "texture": "#0"},
				"south": {"uv": [10.25, 7, 10.5, 7.25], "texture": "#0"},
				"west": {"uv": [10, 2.75, 10.5, 3], "texture": "#0"},
				"up": {"uv": [10.25, 3.5, 10, 3], "texture": "#0"},
				"down": {"uv": [10.25, 3.5, 10, 4], "texture": "#0"}
			}
		},
		{
			"name": "voxel",
			"from": [10, 7, 1],
			"to": [11, 8, 3],
			"rotation": {"angle": 0, "axis": "y", "origin": [16, 0, 0]},
			"faces": {
				"north": {"uv": [7.25, 10.25, 7.5, 10.5], "texture": "#0"},
				"east": {"uv": [10, 4, 10.5, 4.25], "texture": "#0"},
				"south": {"uv": [7.5, 10.25, 7.75, 10.5], "texture": "#0"},
				"west": {"uv": [10, 4.25, 10.5, 4.5], "texture": "#0"},
				"up": {"uv": [10.25, 5, 10, 4.5], "texture": "#0"},
				"down": {"uv": [5.25, 10, 5, 10.5], "texture": "#0"}
			}
		},
		{
			"name": "voxel",
			"from": [5, 5, 12],
			"to": [6, 11, 13],
			"rotation": {"angle": 0, "axis": "y", "origin": [16, 0, 0]},
			"faces": {
				"north": {"uv": [8.5, 1.5, 8.75, 3], "texture": "#0"},
				"east": {"uv": [8.5, 3, 8.75, 4.5], "texture": "#0"},
				"south": {"uv": [8.5, 4.5, 8.75, 6], "texture": "#0"},
				"west": {"uv": [6.25, 8.5, 6.5, 10], "texture": "#0"},
				"up": {"uv": [10.5, 7.75, 10.25, 7.5], "texture": "#0"},
				"down": {"uv": [8, 10.25, 7.75, 10.5], "texture": "#0"}
			}
		},
		{
			"name": "voxel",
			"from": [10, 5, 12],
			"to": [11, 11, 13],
			"rotation": {"angle": 0, "axis": "y", "origin": [16, 0, 0]},
			"faces": {
				"north": {"uv": [6.5, 8.5, 6.75, 10], "texture": "#0"},
				"east": {"uv": [8.5, 7, 8.75, 8.5], "texture": "#0"},
				"south": {"uv": [8.25, 8.5, 8.5, 10], "texture": "#0"},
				"west": {"uv": [8.5, 8.5, 8.75, 10], "texture": "#0"},
				"up": {"uv": [10.5, 8, 10.25, 7.75], "texture": "#0"},
				"down": {"uv": [8.25, 10.25, 8, 10.5], "texture": "#0"}
			}
		},
		{
			"name": "voxel",
			"from": [12, 5, 10],
			"to": [13, 11, 11],
			"rotation": {"angle": 0, "axis": "y", "origin": [16, 0, 0]},
			"faces": {
				"north": {"uv": [0, 8.75, 0.25, 10.25], "texture": "#0"},
				"east": {"uv": [8.75, 0, 9, 1.5], "texture": "#0"},
				"south": {"uv": [0.25, 8.75, 0.5, 10.25], "texture": "#0"},
				"west": {"uv": [0.5, 8.75, 0.75, 10.25], "texture": "#0"},
				"up": {"uv": [10.5, 8.25, 10.25, 8], "texture": "#0"},
				"down": {"uv": [8.5, 10.25, 8.25, 10.5], "texture": "#0"}
			}
		},
		{
			"name": "voxel",
			"from": [3, 5, 5],
			"to": [4, 11, 6],
			"rotation": {"angle": 0, "axis": "y", "origin": [16, 0, 0]},
			"faces": {
				"north": {"uv": [0.75, 8.75, 1, 10.25], "texture": "#0"},
				"east": {"uv": [1, 8.75, 1.25, 10.25], "texture": "#0"},
				"south": {"uv": [1.25, 8.75, 1.5, 10.25], "texture": "#0"},
				"west": {"uv": [1.5, 8.75, 1.75, 10.25], "texture": "#0"},
				"up": {"uv": [10.5, 8.5, 10.25, 8.25], "texture": "#0"},
				"down": {"uv": [8.75, 10.25, 8.5, 10.5], "texture": "#0"}
			}
		},
		{
			"name": "voxel",
			"from": [12, 5, 5],
			"to": [13, 11, 6],
			"rotation": {"angle": 0, "axis": "y", "origin": [16, 0, 0]},
			"faces": {
				"north": {"uv": [8.75, 1.5, 9, 3], "texture": "#0"},
				"east": {"uv": [1.75, 8.75, 2, 10.25], "texture": "#0"},
				"south": {"uv": [2, 8.75, 2.25, 10.25], "texture": "#0"},
				"west": {"uv": [2.25, 8.75, 2.5, 10.25], "texture": "#0"},
				"up": {"uv": [10.5, 8.75, 10.25, 8.5], "texture": "#0"},
				"down": {"uv": [9, 10.25, 8.75, 10.5], "texture": "#0"}
			}
		},
		{
			"name": "voxel",
			"from": [5, 5, 3],
			"to": [6, 11, 4],
			"rotation": {"angle": 0, "axis": "y", "origin": [16, 0, 0]},
			"faces": {
				"north": {"uv": [2.5, 8.75, 2.75, 10.25], "texture": "#0"},
				"east": {"uv": [2.75, 8.75, 3, 10.25], "texture": "#0"},
				"south": {"uv": [8.75, 3, 9, 4.5], "texture": "#0"},
				"west": {"uv": [4, 8.75, 4.25, 10.25], "texture": "#0"},
				"up": {"uv": [10.5, 9, 10.25, 8.75], "texture": "#0"},
				"down": {"uv": [9.25, 10.25, 9, 10.5], "texture": "#0"}
			}
		},
		{
			"name": "voxel",
			"from": [10, 5, 3],
			"to": [11, 11, 4],
			"rotation": {"angle": 0, "axis": "y", "origin": [16, 0, 0]},
			"faces": {
				"north": {"uv": [4.25, 8.75, 4.5, 10.25], "texture": "#0"},
				"east": {"uv": [4.5, 8.75, 4.75, 10.25], "texture": "#0"},
				"south": {"uv": [8.75, 4.5, 9, 6], "texture": "#0"},
				"west": {"uv": [4.75, 8.75, 5, 10.25], "texture": "#0"},
				"up": {"uv": [10.5, 9.25, 10.25, 9], "texture": "#0"},
				"down": {"uv": [9.5, 10.25, 9.25, 10.5], "texture": "#0"}
			}
		},
		{
			"name": "voxel",
			"from": [3, 4, 10],
			"to": [4, 11, 11],
			"rotation": {"angle": 0, "axis": "y", "origin": [16, 0, 0]},
			"faces": {
				"north": {"uv": [5.75, 8, 6, 9.75], "texture": "#0"},
				"east": {"uv": [8, 7.5, 8.25, 9.25], "texture": "#0"},
				"south": {"uv": [8.25, 1.5, 8.5, 3.25], "texture": "#0"},
				"west": {"uv": [8.25, 3.25, 8.5, 5], "texture": "#0"},
				"up": {"uv": [10.5, 9.5, 10.25, 9.25], "texture": "#0"},
				"down": {"uv": [9.75, 10.25, 9.5, 10.5], "texture": "#0"}
			}
		},
		{
			"name": "voxel",
			"from": [6, 3, 12],
			"to": [7, 11, 13],
			"rotation": {"angle": 0, "axis": "y", "origin": [16, 0, 0]},
			"faces": {
				"north": {"uv": [5.75, 6, 6, 8], "texture": "#0"},
				"east": {"uv": [6.5, 1.5, 6.75, 3.5], "texture": "#0"},
				"south": {"uv": [6.5, 3.5, 6.75, 5.5], "texture": "#0"},
				"west": {"uv": [6.25, 6.5, 6.5, 8.5], "texture": "#0"},
				"up": {"uv": [10.5, 9.75, 10.25, 9.5], "texture": "#0"},
				"down": {"uv": [10, 10.25, 9.75, 10.5], "texture": "#0"}
			}
		},
		{
			"name": "voxel",
			"from": [9, 3, 12],
			"to": [10, 11, 13],
			"rotation": {"angle": 0, "axis": "y", "origin": [16, 0, 0]},
			"faces": {
				"north": {"uv": [6.5, 6.5, 6.75, 8.5], "texture": "#0"},
				"east": {"uv": [6.75, 1.5, 7, 3.5], "texture": "#0"},
				"south": {"uv": [6.75, 3.5, 7, 5.5], "texture": "#0"},
				"west": {"uv": [6.75, 5.5, 7, 7.5], "texture": "#0"},
				"up": {"uv": [10.5, 10, 10.25, 9.75], "texture": "#0"},
				"down": {"uv": [10.25, 10.25, 10, 10.5], "texture": "#0"}
			}
		},
		{
			"name": "voxel",
			"from": [3, 3, 9],
			"to": [4, 11, 10],
			"rotation": {"angle": 0, "axis": "y", "origin": [16, 0, 0]},
			"faces": {
				"north": {"uv": [7, 1.5, 7.25, 3.5], "texture": "#0"},
				"east": {"uv": [7, 3.5, 7.25, 5.5], "texture": "#0"},
				"south": {"uv": [7, 5.5, 7.25, 7.5], "texture": "#0"},
				"west": {"uv": [7.25, 1.5, 7.5, 3.5], "texture": "#0"},
				"up": {"uv": [10.5, 10.25, 10.25, 10], "texture": "#0"},
				"down": {"uv": [10.5, 10.25, 10.25, 10.5], "texture": "#0"}
			}
		},
		{
			"name": "voxel",
			"from": [12, 3, 9],
			"to": [13, 11, 10],
			"rotation": {"angle": 0, "axis": "y", "origin": [16, 0, 0]},
			"faces": {
				"north": {"uv": [7.25, 3.5, 7.5, 5.5], "texture": "#0"},
				"east": {"uv": [7.25, 5.5, 7.5, 7.5], "texture": "#0"},
				"south": {"uv": [7.5, 1.5, 7.75, 3.5], "texture": "#0"},
				"west": {"uv": [3, 7.5, 3.25, 9.5], "texture": "#0"},
				"up": {"uv": [0.25, 10.75, 0, 10.5], "texture": "#0"},
				"down": {"uv": [10.75, 0, 10.5, 0.25], "texture": "#0"}
			}
		},
		{
			"name": "voxel",
			"from": [3, 3, 6],
			"to": [4, 11, 7],
			"rotation": {"angle": 0, "axis": "y", "origin": [16, 0, 0]},
			"faces": {
				"north": {"uv": [3.25, 7.5, 3.5, 9.5], "texture": "#0"},
				"east": {"uv": [3.5, 7.5, 3.75, 9.5], "texture": "#0"},
				"south": {"uv": [7.5, 3.5, 7.75, 5.5], "texture": "#0"},
				"west": {"uv": [3.75, 7.5, 4, 9.5], "texture": "#0"},
				"up": {"uv": [0.5, 10.75, 0.25, 10.5], "texture": "#0"},
				"down": {"uv": [10.75, 0.25, 10.5, 0.5], "texture": "#0"}
			}
		},
		{
			"name": "voxel",
			"from": [12, 3, 6],
			"to": [13, 11, 7],
			"rotation": {"angle": 0, "axis": "y", "origin": [16, 0, 0]},
			"faces": {
				"north": {"uv": [7.5, 5.5, 7.75, 7.5], "texture": "#0"},
				"east": {"uv": [6.75, 7.5, 7, 9.5], "texture": "#0"},
				"south": {"uv": [7, 7.5, 7.25, 9.5], "texture": "#0"},
				"west": {"uv": [7.25, 7.5, 7.5, 9.5], "texture": "#0"},
				"up": {"uv": [0.75, 10.75, 0.5, 10.5], "texture": "#0"},
				"down": {"uv": [10.75, 0.5, 10.5, 0.75], "texture": "#0"}
			}
		},
		{
			"name": "voxel",
			"from": [6, 3, 3],
			"to": [7, 11, 4],
			"rotation": {"angle": 0, "axis": "y", "origin": [16, 0, 0]},
			"faces": {
				"north": {"uv": [7.5, 7.5, 7.75, 9.5], "texture": "#0"},
				"east": {"uv": [7.75, 1.5, 8, 3.5], "texture": "#0"},
				"south": {"uv": [7.75, 3.5, 8, 5.5], "texture": "#0"},
				"west": {"uv": [7.75, 5.5, 8, 7.5], "texture": "#0"},
				"up": {"uv": [1, 10.75, 0.75, 10.5], "texture": "#0"},
				"down": {"uv": [10.75, 0.75, 10.5, 1], "texture": "#0"}
			}
		},
		{
			"name": "voxel",
			"from": [9, 3, 3],
			"to": [10, 11, 4],
			"rotation": {"angle": 0, "axis": "y", "origin": [16, 0, 0]},
			"faces": {
				"north": {"uv": [7.75, 7.5, 8, 9.5], "texture": "#0"},
				"east": {"uv": [8, 1.5, 8.25, 3.5], "texture": "#0"},
				"south": {"uv": [8, 3.5, 8.25, 5.5], "texture": "#0"},
				"west": {"uv": [8, 5.5, 8.25, 7.5], "texture": "#0"},
				"up": {"uv": [1.25, 10.75, 1, 10.5], "texture": "#0"},
				"down": {"uv": [10.75, 1, 10.5, 1.25], "texture": "#0"}
			}
		},
		{
			"name": "voxel",
			"from": [7, 1, 12],
			"to": [9, 12, 13],
			"rotation": {"angle": 0, "axis": "y", "origin": [16, 0, 0]},
			"faces": {
				"north": {"uv": [0, 6, 0.5, 8.75], "texture": "#0"},
				"east": {"uv": [4, 6, 4.25, 8.75], "texture": "#0"},
				"south": {"uv": [6, 0, 6.5, 2.75], "texture": "#0"},
				"west": {"uv": [4.25, 6, 4.5, 8.75], "texture": "#0"},
				"up": {"uv": [10.5, 5.25, 10, 5], "texture": "#0"},
				"down": {"uv": [10.5, 5.25, 10, 5.5], "texture": "#0"}
			}
		},
		{
			"name": "voxel",
			"from": [2, 1, 10],
			"to": [3, 4, 11],
			"rotation": {"angle": 0, "axis": "y", "origin": [16, 0, 0]},
			"faces": {
				"north": {"uv": [5.5, 9.75, 5.75, 10.5], "texture": "#0"},
				"east": {"uv": [9.75, 5.5, 10, 6.25], "texture": "#0"},
				"south": {"uv": [5.75, 9.75, 6, 10.5], "texture": "#0"},
				"west": {"uv": [6, 9.75, 6.25, 10.5], "texture": "#0"},
				"up": {"uv": [1.5, 10.75, 1.25, 10.5], "texture": "#0"},
				"down": {"uv": [10.75, 1.25, 10.5, 1.5], "texture": "#0"}
			}
		},
		{
			"name": "voxel",
			"from": [3, 1, 7],
			"to": [4, 12, 9],
			"rotation": {"angle": 0, "axis": "y", "origin": [16, 0, 0]},
			"faces": {
				"north": {"uv": [4.5, 6, 4.75, 8.75], "texture": "#0"},
				"east": {"uv": [0.5, 6, 1, 8.75], "texture": "#0"},
				"south": {"uv": [4.75, 6, 5, 8.75], "texture": "#0"},
				"west": {"uv": [1, 6, 1.5, 8.75], "texture": "#0"},
				"up": {"uv": [5.5, 10.5, 5.25, 10], "texture": "#0"},
				"down": {"uv": [10.25, 5.5, 10, 6], "texture": "#0"}
			}
		},
		{
			"name": "voxel",
			"from": [12, 1, 7],
			"to": [13, 12, 9],
			"rotation": {"angle": 0, "axis": "y", "origin": [16, 0, 0]},
			"faces": {
				"north": {"uv": [5, 6, 5.25, 8.75], "texture": "#0"},
				"east": {"uv": [1.5, 6, 2, 8.75], "texture": "#0"},
				"south": {"uv": [5.25, 6, 5.5, 8.75], "texture": "#0"},
				"west": {"uv": [2, 6, 2.5, 8.75], "texture": "#0"},
				"up": {"uv": [10.25, 6.5, 10, 6], "texture": "#0"},
				"down": {"uv": [6.5, 10, 6.25, 10.5], "texture": "#0"}
			}
		},
		{
			"name": "voxel",
			"from": [7, 1, 3],
			"to": [9, 12, 4],
			"rotation": {"angle": 0, "axis": "y", "origin": [16, 0, 0]},
			"faces": {
				"north": {"uv": [2.5, 6, 3, 8.75], "texture": "#0"},
				"east": {"uv": [5.5, 6, 5.75, 8.75], "texture": "#0"},
				"south": {"uv": [6, 2.75, 6.5, 5.5], "texture": "#0"},
				"west": {"uv": [6, 5.5, 6.25, 8.25], "texture": "#0"},
				"up": {"uv": [10.5, 6.75, 10, 6.5], "texture": "#0"},
				"down": {"uv": [10.5, 7.25, 10, 7.5], "texture": "#0"}
			}
		},
		{
			"name": "voxel",
			"from": [3, 0, 10],
			"to": [4, 1, 11],
			"rotation": {"angle": 0, "axis": "y", "origin": [16, 0, 0]},
			"faces": {
				"north": {"uv": [1.5, 10.5, 1.75, 10.75], "texture": "#0"},
				"east": {"uv": [10.5, 1.5, 10.75, 1.75], "texture": "#0"},
				"south": {"uv": [1.75, 10.5, 2, 10.75], "texture": "#0"},
				"west": {"uv": [10.5, 1.75, 10.75, 2], "texture": "#0"},
				"up": {"uv": [2.25, 10.75, 2, 10.5], "texture": "#0"},
				"down": {"uv": [10.75, 2, 10.5, 2.25], "texture": "#0"}
			}
		},
		{
			"name": "voxel",
			"from": [4, 0, 4],
			"to": [12, 12, 12],
			"rotation": {"angle": 0, "axis": "y", "origin": [16, 0, 0]},
			"faces": {
				"north": {"uv": [0, 0, 2, 3], "texture": "#0"},
				"east": {"uv": [2, 0, 4, 3], "texture": "#0"},
				"south": {"uv": [0, 3, 2, 6], "texture": "#0"},
				"west": {"uv": [2, 3, 4, 6], "texture": "#0"},
				"up": {"uv": [6, 2, 4, 0], "texture": "#0"},
				"down": {"uv": [6, 2, 4, 4], "texture": "#0"}
			}
		}
	],
	"display": {
		"head": {
			"translation": [0, 7.5, 0],
			"scale": [1.9, 1.9, 1.9]
		}
	},
	"groups": [
		{
			"name": "voxel_file",
			"origin": [8, 8, 8],
			"color": 0,
			"children": [0, 1, 2, 3, 4, 5, 6, 7, 8, 9, 10, 11, 12, 13, 14, 15, 16, 17, 18, 19, 20, 21, 22, 23, 24, 25, 26, 27, 28, 29, 30, 31, 32, 33, 34, 35, 36, 37, 38, 39, 40, 41, 42, 43, 44, 45, 46, 47, 48, 49]
		}
	]
}