{
	"credit": "Made with Blockbench",
	"texture_size": [32, 32],
	"textures": {
		"0": "gc/heads/lando",
		"particle": "gc/heads/lando"
	},
	"elements": [
		{
			"from": [4, 8, 2],
			"to": [12, 9, 4],
			"faces": {
				"north": {"uv": [8, 0, 12, 0.5], "texture": "#0"},
				"east": {"uv": [8.5, 4, 9.5, 4.5], "texture": "#0"},
				"south": {"uv": [8, 0.5, 12, 1], "texture": "#0"},
				"west": {"uv": [8.5, 4.5, 9.5, 5], "texture": "#0"},
				"up": {"uv": [8, 8, 4, 7], "texture": "#0"},
				"down": {"uv": [4, 8, 0, 9], "texture": "#0"}
			}
		},
		{
			"from": [3, 5, 2],
			"to": [4, 8, 4],
			"faces": {
				"north": {"uv": [7.5, 8.5, 8, 10], "texture": "#0"},
				"east": {"uv": [8.5, 2.5, 9.5, 4], "texture": "#0"},
				"south": {"uv": [8, 8.5, 8.5, 10], "texture": "#0"},
				"west": {"uv": [4.5, 8.5, 5.5, 10], "texture": "#0"},
				"up": {"uv": [1, 10, 0.5, 9], "texture": "#0"},
				"down": {"uv": [1.5, 9, 1, 10], "texture": "#0"}
			}
		},
		{
			"from": [12, 5, 2],
			"to": [13, 8, 4],
			"faces": {
				"north": {"uv": [8.5, 8, 9, 9.5], "texture": "#0"},
				"east": {"uv": [5.5, 8.5, 6.5, 10], "texture": "#0"},
				"south": {"uv": [0, 9, 0.5, 10.5], "texture": "#0"},
				"west": {"uv": [6.5, 8.5, 7.5, 10], "texture": "#0"},
				"up": {"uv": [2, 10, 1.5, 9], "texture": "#0"},
				"down": {"uv": [2.5, 9, 2, 10], "texture": "#0"}
			}
		},
		{
			"from": [10, 6, 2],
			"to": [12, 7, 3],
			"faces": {
				"north": {"uv": [2.5, 9, 3.5, 9.5], "texture": "#0"},
				"east": {"uv": [3.5, 9, 4, 9.5], "texture": "#0"},
				"south": {"uv": [9, 8, 10, 8.5], "texture": "#0"},
				"west": {"uv": [3.5, 9.5, 4, 10], "texture": "#0"},
				"up": {"uv": [10, 9, 9, 8.5], "texture": "#0"},
				"down": {"uv": [10, 9, 9, 9.5], "texture": "#0"}
			}
		},
		{
			"from": [4, 6, 2],
			"to": [6, 7, 3],
			"faces": {
				"north": {"uv": [2.5, 9.5, 3.5, 10], "texture": "#0"},
				"east": {"uv": [9.5, 4, 10, 4.5], "texture": "#0"},
				"south": {"uv": [9.5, 2.5, 10.5, 3], "texture": "#0"},
				"west": {"uv": [9.5, 4.5, 10, 5], "texture": "#0"},
				"up": {"uv": [10.5, 3.5, 9.5, 3], "texture": "#0"},
				"down": {"uv": [10.5, 3.5, 9.5, 4], "texture": "#0"}
			}
		},
		{
			"from": [4, 7, 2],
			"to": [12, 8, 3],
			"faces": {
				"north": {"uv": [8, 6.5, 12, 7], "texture": "#0"},
				"east": {"uv": [8.5, 9.5, 9, 10], "texture": "#0"},
				"south": {"uv": [8, 7, 12, 7.5], "texture": "#0"},
				"west": {"uv": [9, 9.5, 9.5, 10], "texture": "#0"},
				"up": {"uv": [12, 8, 8, 7.5], "texture": "#0"},
				"down": {"uv": [12.5, 1, 8.5, 1.5], "texture": "#0"}
			}
		},
		{
			"from": [4, 0, 3],
			"to": [12, 8, 4],
			"faces": {
				"north": {"uv": [0, 0, 4, 4], "texture": "#0"},
				"east": {"uv": [8, 1, 8.5, 5], "texture": "#0"},
				"south": {"uv": [0, 4, 4, 8], "texture": "#0"},
				"west": {"uv": [4, 8, 4.5, 12], "texture": "#0"},
				"up": {"uv": [8.5, 8.5, 4.5, 8], "texture": "#0"},
				"down": {"uv": [12, 5, 8, 5.5], "texture": "#0"}
			}
		},
		{
			"from": [4, 5, 4],
			"to": [12, 6, 11],
			"faces": {
				"north": {"uv": [8, 5.5, 12, 6], "texture": "#0"},
				"east": {"uv": [8.5, 1.5, 12, 2], "texture": "#0"},
				"south": {"uv": [8, 6, 12, 6.5], "texture": "#0"},
				"west": {"uv": [8.5, 2, 12, 2.5], "texture": "#0"},
				"up": {"uv": [8, 3.5, 4, 0], "texture": "#0"},
				"down": {"uv": [8, 3.5, 4, 7], "texture": "#0"}
			}
		}
	],
	"display": {
		"head": {
			"translation": [0, 7.75, 2],
			"scale": [1.9, 1.9, 1.9]
		}
	}
}