{
	"credit": "Made with Blockbench",
	"texture_size": [32, 32],
	"textures": {
		"0": "gc/heads/leia",
		"particle": "gc/heads/leia"
	},
	"elements": [
		{
			"from": [5, 8, 2],
			"to": [11, 9, 4],
			"faces": {
				"north": {"uv": [9.5, 10.5, 12.5, 11], "texture": "#0"},
				"east": {"uv": [11.5, 8.5, 12.5, 9], "texture": "#0"},
				"south": {"uv": [10.5, 9.5, 13.5, 10], "texture": "#0"},
				"west": {"uv": [11.5, 9, 12.5, 9.5], "texture": "#0"},
				"up": {"uv": [11, 3, 8, 2], "texture": "#0"},
				"down": {"uv": [11, 3, 8, 4], "texture": "#0"}
			}
		},
		{
			"from": [2, 1, 4],
			"to": [5, 7, 8],
			"faces": {
				"north": {"uv": [4, 6, 5.5, 9], "texture": "#0"},
				"east": {"uv": [4, 0, 6, 3], "texture": "#0"},
				"south": {"uv": [5.5, 6, 7, 9], "texture": "#0"},
				"west": {"uv": [4, 3, 6, 6], "texture": "#0"},
				"up": {"uv": [3, 10, 1.5, 8], "texture": "#0"},
				"down": {"uv": [9.5, 4, 8, 6], "texture": "#0"}
			}
		},
		{
			"from": [12, 2, 3],
			"to": [14, 6, 4],
			"faces": {
				"north": {"uv": [7.5, 9, 8.5, 11], "texture": "#0"},
				"east": {"uv": [0, 11, 0.5, 13], "texture": "#0"},
				"south": {"uv": [1.5, 10, 2.5, 12], "texture": "#0"},
				"west": {"uv": [0.5, 11, 1, 13], "texture": "#0"},
				"up": {"uv": [12.5, 8, 11.5, 7.5], "texture": "#0"},
				"down": {"uv": [12.5, 8, 11.5, 8.5], "texture": "#0"}
			}
		},
		{
			"from": [11, 2, 8],
			"to": [14, 6, 9],
			"faces": {
				"north": {"uv": [6, 9, 7.5, 11], "texture": "#0"},
				"east": {"uv": [7.5, 11, 8, 13], "texture": "#0"},
				"south": {"uv": [9.5, 4, 11, 6], "texture": "#0"},
				"west": {"uv": [8, 11, 8.5, 13], "texture": "#0"},
				"up": {"uv": [12.5, 11.5, 11, 11], "texture": "#0"},
				"down": {"uv": [5.5, 11.5, 4, 12], "texture": "#0"}
			}
		},
		{
			"from": [11, 1, 4],
			"to": [14, 7, 8],
			"faces": {
				"north": {"uv": [7, 6, 8.5, 9], "texture": "#0"},
				"east": {"uv": [6, 0, 8, 3], "texture": "#0"},
				"south": {"uv": [0, 8, 1.5, 11], "texture": "#0"},
				"west": {"uv": [6, 3, 8, 6], "texture": "#0"},
				"up": {"uv": [4.5, 11, 3, 9], "texture": "#0"},
				"down": {"uv": [6, 9, 4.5, 11], "texture": "#0"}
			}
		},
		{
			"from": [2, 2, 8],
			"to": [5, 6, 9],
			"faces": {
				"north": {"uv": [8.5, 6, 10, 8], "texture": "#0"},
				"east": {"uv": [1, 11, 1.5, 13], "texture": "#0"},
				"south": {"uv": [8.5, 8, 10, 10], "texture": "#0"},
				"west": {"uv": [6, 11, 6.5, 13], "texture": "#0"},
				"up": {"uv": [12.5, 6, 11, 5.5], "texture": "#0"},
				"down": {"uv": [11, 11, 9.5, 11.5], "texture": "#0"}
			}
		},
		{
			"from": [2, 2, 3],
			"to": [4, 6, 4],
			"faces": {
				"north": {"uv": [10.5, 7.5, 11.5, 9.5], "texture": "#0"},
				"east": {"uv": [6.5, 11, 7, 13], "texture": "#0"},
				"south": {"uv": [8.5, 10.5, 9.5, 12.5], "texture": "#0"},
				"west": {"uv": [7, 11, 7.5, 13], "texture": "#0"},
				"up": {"uv": [13, 3.5, 12, 3], "texture": "#0"},
				"down": {"uv": [13, 3.5, 12, 4], "texture": "#0"}
			}
		},
		{
			"from": [6, 7, 2],
			"to": [10, 8, 3],
			"faces": {
				"north": {"uv": [4, 11, 6, 11.5], "texture": "#0"},
				"east": {"uv": [4, 12, 4.5, 12.5], "texture": "#0"},
				"south": {"uv": [11, 4, 13, 4.5], "texture": "#0"},
				"west": {"uv": [4.5, 12, 5, 12.5], "texture": "#0"},
				"up": {"uv": [13, 5, 11, 4.5], "texture": "#0"},
				"down": {"uv": [13, 5, 11, 5.5], "texture": "#0"}
			}
		},
		{
			"from": [10, 6, 2],
			"to": [12, 8, 3],
			"faces": {
				"north": {"uv": [3, 8, 4, 9], "texture": "#0"},
				"east": {"uv": [5.5, 11.5, 6, 12.5], "texture": "#0"},
				"south": {"uv": [11, 2, 12, 3], "texture": "#0"},
				"west": {"uv": [9.5, 11.5, 10, 12.5], "texture": "#0"},
				"up": {"uv": [11, 12, 10, 11.5], "texture": "#0"},
				"down": {"uv": [12, 11.5, 11, 12], "texture": "#0"}
			}
		},
		{
			"from": [4, 6, 2],
			"to": [6, 8, 3],
			"faces": {
				"north": {"uv": [3, 11, 4, 12], "texture": "#0"},
				"east": {"uv": [12, 0, 12.5, 1], "texture": "#0"},
				"south": {"uv": [11, 3, 12, 4], "texture": "#0"},
				"west": {"uv": [12, 1, 12.5, 2], "texture": "#0"},
				"up": {"uv": [2.5, 12.5, 1.5, 12], "texture": "#0"},
				"down": {"uv": [13, 2, 12, 2.5], "texture": "#0"}
			}
		},
		{
			"from": [4, 0, 3],
			"to": [12, 8, 4],
			"faces": {
				"north": {"uv": [0, 0, 4, 4], "texture": "#0"},
				"east": {"uv": [2.5, 10, 3, 14], "texture": "#0"},
				"south": {"uv": [0, 4, 4, 8], "texture": "#0"},
				"west": {"uv": [10, 6, 10.5, 10], "texture": "#0"},
				"up": {"uv": [12.5, 10.5, 8.5, 10], "texture": "#0"},
				"down": {"uv": [14.5, 6, 10.5, 6.5], "texture": "#0"}
			}
		},
		{
			"from": [4, 5, 9],
			"to": [12, 6, 11],
			"faces": {
				"north": {"uv": [10.5, 6.5, 14.5, 7], "texture": "#0"},
				"east": {"uv": [12, 2.5, 13, 3], "texture": "#0"},
				"south": {"uv": [10.5, 7, 14.5, 7.5], "texture": "#0"},
				"west": {"uv": [3, 12, 4, 12.5], "texture": "#0"},
				"up": {"uv": [12, 1, 8, 0], "texture": "#0"},
				"down": {"uv": [12, 1, 8, 2], "texture": "#0"}
			}
		}
	],
	"display": {
		"head": {
			"translation": [0, 7.5, 1.75],
			"scale": [1.9, 1.9, 1.9]
		}
	}
}