{
	"credit": "Made with Blockbench",
	"texture_size": [32, 32],
	"textures": {
		"0": "gc/heads/luke",
		"particle": "gc/heads/luke"
	},
	"elements": [
		{
			"from": [5, 8, 2],
			"to": [12, 9, 4],
			"faces": {
				"north": {"uv": [8, 6.5, 11.5, 7], "texture": "#0"},
				"east": {"uv": [8.5, 4.5, 9.5, 5], "texture": "#0"},
				"south": {"uv": [7.5, 8, 11, 8.5], "texture": "#0"},
				"west": {"uv": [7, 8.5, 8, 9], "texture": "#0"},
				"up": {"uv": [7.5, 8, 4, 7], "texture": "#0"},
				"down": {"uv": [11, 7, 7.5, 8], "texture": "#0"}
			}
		},
		{
			"from": [3, 6, 2],
			"to": [4, 8, 3],
			"faces": {
				"north": {"uv": [8, 8.5, 8.5, 9.5], "texture": "#0"},
				"east": {"uv": [8.5, 8.5, 9, 9.5], "texture": "#0"},
				"south": {"uv": [0, 9, 0.5, 10], "texture": "#0"},
				"west": {"uv": [0.5, 9, 1, 10], "texture": "#0"},
				"up": {"uv": [2.5, 9.5, 2, 9], "texture": "#0"},
				"down": {"uv": [3, 9, 2.5, 9.5], "texture": "#0"}
			}
		},
		{
			"from": [12, 5, 3],
			"to": [13, 8, 4],
			"faces": {
				"north": {"uv": [8.5, 3, 9, 4.5], "texture": "#0"},
				"east": {"uv": [3.5, 8.5, 4, 10], "texture": "#0"},
				"south": {"uv": [4, 8.5, 4.5, 10], "texture": "#0"},
				"west": {"uv": [4.5, 8.5, 5, 10], "texture": "#0"},
				"up": {"uv": [10, 5, 9.5, 4.5], "texture": "#0"},
				"down": {"uv": [7.5, 9.5, 7, 10], "texture": "#0"}
			}
		},
		{
			"from": [3, 5, 3],
			"to": [4, 8, 4],
			"faces": {
				"north": {"uv": [5, 8.5, 5.5, 10], "texture": "#0"},
				"east": {"uv": [5.5, 8.5, 6, 10], "texture": "#0"},
				"south": {"uv": [6, 8.5, 6.5, 10], "texture": "#0"},
				"west": {"uv": [6.5, 8.5, 7, 10], "texture": "#0"},
				"up": {"uv": [8, 10, 7.5, 9.5], "texture": "#0"},
				"down": {"uv": [8.5, 9.5, 8, 10], "texture": "#0"}
			}
		},
		{
			"from": [7, 6, 2],
			"to": [13, 8, 3],
			"faces": {
				"north": {"uv": [0, 8, 3, 9], "texture": "#0"},
				"east": {"uv": [1, 9, 1.5, 10], "texture": "#0"},
				"south": {"uv": [8, 0, 11, 1], "texture": "#0"},
				"west": {"uv": [1.5, 9, 2, 10], "texture": "#0"},
				"up": {"uv": [11.5, 2.5, 8.5, 2], "texture": "#0"},
				"down": {"uv": [11.5, 2.5, 8.5, 3], "texture": "#0"}
			}
		},
		{
			"from": [6, 7, 2],
			"to": [7, 8, 3],
			"faces": {
				"north": {"uv": [9, 3, 9.5, 3.5], "texture": "#0"},
				"east": {"uv": [9, 3.5, 9.5, 4], "texture": "#0"},
				"south": {"uv": [9, 4, 9.5, 4.5], "texture": "#0"},
				"west": {"uv": [7, 9, 7.5, 9.5], "texture": "#0"},
				"up": {"uv": [8, 9.5, 7.5, 9], "texture": "#0"},
				"down": {"uv": [9.5, 8.5, 9, 9], "texture": "#0"}
			}
		},
		{
			"from": [4, 7, 2],
			"to": [5, 8, 3],
			"faces": {
				"north": {"uv": [9, 9, 9.5, 9.5], "texture": "#0"},
				"east": {"uv": [2, 9.5, 2.5, 10], "texture": "#0"},
				"south": {"uv": [2.5, 9.5, 3, 10], "texture": "#0"},
				"west": {"uv": [9.5, 3, 10, 3.5], "texture": "#0"},
				"up": {"uv": [10, 4, 9.5, 3.5], "texture": "#0"},
				"down": {"uv": [10, 4, 9.5, 4.5], "texture": "#0"}
			}
		},
		{
			"from": [4, 0, 3],
			"to": [12, 8, 4],
			"faces": {
				"north": {"uv": [0, 0, 4, 4], "texture": "#0"},
				"east": {"uv": [8, 1, 8.5, 5], "texture": "#0"},
				"south": {"uv": [0, 4, 4, 8], "texture": "#0"},
				"west": {"uv": [3, 8, 3.5, 12], "texture": "#0"},
				"up": {"uv": [7.5, 8.5, 3.5, 8], "texture": "#0"},
				"down": {"uv": [12, 5, 8, 5.5], "texture": "#0"}
			}
		},
		{
			"from": [4, 5, 4],
			"to": [12, 6, 11],
			"faces": {
				"north": {"uv": [8, 5.5, 12, 6], "texture": "#0"},
				"east": {"uv": [8.5, 1, 12, 1.5], "texture": "#0"},
				"south": {"uv": [8, 6, 12, 6.5], "texture": "#0"},
				"west": {"uv": [8.5, 1.5, 12, 2], "texture": "#0"},
				"up": {"uv": [8, 3.5, 4, 0], "texture": "#0"},
				"down": {"uv": [8, 3.5, 4, 7], "texture": "#0"}
			}
		}
	],
	"display": {
		"head": {
			"translation": [0, 7.5, 1.75],
			"scale": [1.9, 1.9, 1.9]
		}
	}
}