{
	"credit": "Made with Blockbench",
	"texture_size": [64, 64],
	"textures": {
		"0": "gc/heads/nien",
		"particle": "gc/heads/nien"
	},
	"elements": [
		{
			"name": "voxel",
			"from": [5, 9, 7],
			"to": [6, 10, 9],
			"faces": {
				"north": {"uv": [6.25, 1.75, 6.5, 2], "texture": "#0"},
				"east": {"uv": [5.75, 1.75, 6.25, 2], "texture": "#0"},
				"south": {"uv": [8.25, 5, 8.5, 5.25], "texture": "#0"},
				"west": {"uv": [8.75, 2, 9.25, 2.25], "texture": "#0"},
				"up": {"uv": [9, 5.25, 8.75, 4.75], "texture": "#0"},
				"down": {"uv": [9.25, 3.25, 9, 3.75], "texture": "#0"}
			}
		},
		{
			"name": "voxel",
			"from": [10, 9, 7],
			"to": [11, 10, 9],
			"faces": {
				"north": {"uv": [9.5, 4.25, 9.75, 4.5], "texture": "#0"},
				"east": {"uv": [9, 3.75, 9.5, 4], "texture": "#0"},
				"south": {"uv": [9.5, 4.5, 9.75, 4.75], "texture": "#0"},
				"west": {"uv": [9, 4, 9.5, 4.25], "texture": "#0"},
				"up": {"uv": [9.25, 4.75, 9, 4.25], "texture": "#0"},
				"down": {"uv": [9.25, 4.75, 9, 5.25], "texture": "#0"}
			}
		},
		{
			"name": "voxel",
			"from": [6, 9, 5],
			"to": [7, 10, 10],
			"faces": {
				"north": {"uv": [9.5, 4.75, 9.75, 5], "texture": "#0"},
				"east": {"uv": [4.25, 3.75, 5.5, 4], "texture": "#0"},
				"south": {"uv": [9.5, 5, 9.75, 5.25], "texture": "#0"},
				"west": {"uv": [3.5, 8, 4.75, 8.25], "texture": "#0"},
				"up": {"uv": [8.25, 5.25, 8, 4], "texture": "#0"},
				"down": {"uv": [5, 8, 4.75, 9.25], "texture": "#0"}
			}
		},
		{
			"name": "voxel",
			"from": [9, 9, 5],
			"to": [10, 10, 10],
			"faces": {
				"north": {"uv": [9.5, 5.25, 9.75, 5.5], "texture": "#0"},
				"east": {"uv": [8, 5.25, 9.25, 5.5], "texture": "#0"},
				"south": {"uv": [5.5, 9.5, 5.75, 9.75], "texture": "#0"},
				"west": {"uv": [8, 5.5, 9.25, 5.75], "texture": "#0"},
				"up": {"uv": [5.25, 9.25, 5, 8], "texture": "#0"},
				"down": {"uv": [5.5, 8, 5.25, 9.25], "texture": "#0"}
			}
		},
		{
			"name": "voxel",
			"from": [7, 9, 4],
			"to": [9, 10, 11],
			"faces": {
				"north": {"uv": [9, 5.75, 9.5, 6], "texture": "#0"},
				"east": {"uv": [0, 7.75, 1.75, 8], "texture": "#0"},
				"south": {"uv": [9, 6, 9.5, 6.25], "texture": "#0"},
				"west": {"uv": [0, 8, 1.75, 8.25], "texture": "#0"},
				"up": {"uv": [7.5, 3.75, 7, 2], "texture": "#0"},
				"down": {"uv": [7.5, 3.75, 7, 5.5], "texture": "#0"}
			}
		},
		{
			"name": "voxel",
			"from": [6, 8, 3],
			"to": [7, 9, 4],
			"faces": {
				"north": {"uv": [9.5, 5.5, 9.75, 5.75], "texture": "#0"},
				"east": {"uv": [5.75, 9.5, 6, 9.75], "texture": "#0"},
				"south": {"uv": [9.5, 5.75, 9.75, 6], "texture": "#0"},
				"west": {"uv": [6, 9.5, 6.25, 9.75], "texture": "#0"},
				"up": {"uv": [9.75, 6.25, 9.5, 6], "texture": "#0"},
				"down": {"uv": [6.5, 9.5, 6.25, 9.75], "texture": "#0"}
			}
		},
		{
			"name": "voxel",
			"from": [9, 8, 3],
			"to": [10, 9, 4],
			"faces": {
				"north": {"uv": [9.5, 6.25, 9.75, 6.5], "texture": "#0"},
				"east": {"uv": [6.5, 9.5, 6.75, 9.75], "texture": "#0"},
				"south": {"uv": [9.5, 6.5, 9.75, 6.75], "texture": "#0"},
				"west": {"uv": [9.5, 6.75, 9.75, 7], "texture": "#0"},
				"up": {"uv": [7.25, 9.75, 7, 9.5], "texture": "#0"},
				"down": {"uv": [9.75, 7, 9.5, 7.25], "texture": "#0"}
			}
		},
		{
			"name": "voxel",
			"from": [4, 8, 6],
			"to": [5, 9, 10],
			"faces": {
				"north": {"uv": [7.25, 9.5, 7.5, 9.75], "texture": "#0"},
				"east": {"uv": [0.5, 8.25, 1.5, 8.5], "texture": "#0"},
				"south": {"uv": [9.5, 7.25, 9.75, 7.5], "texture": "#0"},
				"west": {"uv": [8.25, 1, 9.25, 1.25], "texture": "#0"},
				"up": {"uv": [8.5, 2.25, 8.25, 1.25], "texture": "#0"},
				"down": {"uv": [1.75, 8.25, 1.5, 9.25], "texture": "#0"}
			}
		},
		{
			"name": "voxel",
			"from": [11, 8, 6],
			"to": [12, 9, 10],
			"faces": {
				"north": {"uv": [7.5, 9.5, 7.75, 9.75], "texture": "#0"},
				"east": {"uv": [8.25, 2.25, 9.25, 2.5], "texture": "#0"},
				"south": {"uv": [9.5, 7.5, 9.75, 7.75], "texture": "#0"},
				"west": {"uv": [3.5, 8.25, 4.5, 8.5], "texture": "#0"},
				"up": {"uv": [8.5, 5, 8.25, 4], "texture": "#0"},
				"down": {"uv": [4.75, 8.25, 4.5, 9.25], "texture": "#0"}
			}
		},
		{
			"name": "voxel",
			"from": [5, 8, 4],
			"to": [11, 9, 12],
			"faces": {
				"north": {"uv": [8, 0.5, 9.5, 0.75], "texture": "#0"},
				"east": {"uv": [7.5, 0, 9.5, 0.25], "texture": "#0"},
				"south": {"uv": [8, 0.75, 9.5, 1], "texture": "#0"},
				"west": {"uv": [7.5, 0.25, 9.5, 0.5], "texture": "#0"},
				"up": {"uv": [5.5, 6, 4, 4], "texture": "#0"},
				"down": {"uv": [5.75, 0, 4.25, 2], "texture": "#0"}
			}
		},
		{
			"name": "voxel",
			"from": [5, 7, 3],
			"to": [7, 8, 4],
			"faces": {
				"north": {"uv": [9, 6.25, 9.5, 6.5], "texture": "#0"},
				"east": {"uv": [9.5, 7.75, 9.75, 8], "texture": "#0"},
				"south": {"uv": [9, 6.5, 9.5, 6.75], "texture": "#0"},
				"west": {"uv": [9.5, 8, 9.75, 8.25], "texture": "#0"},
				"up": {"uv": [9.5, 7, 9, 6.75], "texture": "#0"},
				"down": {"uv": [9.5, 7, 9, 7.25], "texture": "#0"}
			}
		},
		{
			"name": "voxel",
			"from": [9, 7, 3],
			"to": [11, 8, 4],
			"faces": {
				"north": {"uv": [9, 7.25, 9.5, 7.5], "texture": "#0"},
				"east": {"uv": [8.25, 9.5, 8.5, 9.75], "texture": "#0"},
				"south": {"uv": [9, 7.5, 9.5, 7.75], "texture": "#0"},
				"west": {"uv": [9.5, 8.25, 9.75, 8.5], "texture": "#0"},
				"up": {"uv": [9.5, 8, 9, 7.75], "texture": "#0"},
				"down": {"uv": [9.5, 8, 9, 8.25], "texture": "#0"}
			}
		},
		{
			"name": "voxel",
			"from": [3, 7, 7],
			"to": [4, 8, 9],
			"faces": {
				"north": {"uv": [9.5, 8.5, 9.75, 8.75], "texture": "#0"},
				"east": {"uv": [9, 8.25, 9.5, 8.5], "texture": "#0"},
				"south": {"uv": [8.75, 9.5, 9, 9.75], "texture": "#0"},
				"west": {"uv": [9, 8.5, 9.5, 8.75], "texture": "#0"},
				"up": {"uv": [9.25, 9.25, 9, 8.75], "texture": "#0"},
				"down": {"uv": [9.5, 1, 9.25, 1.5], "texture": "#0"}
			}
		},
		{
			"name": "voxel",
			"from": [12, 7, 7],
			"to": [13, 8, 9],
			"faces": {
				"north": {"uv": [9.5, 8.75, 9.75, 9], "texture": "#0"},
				"east": {"uv": [9.25, 1.5, 9.75, 1.75], "texture": "#0"},
				"south": {"uv": [9.5, 9, 9.75, 9.25], "texture": "#0"},
				"west": {"uv": [9.25, 1.75, 9.75, 2], "texture": "#0"},
				"up": {"uv": [1.75, 9.75, 1.5, 9.25], "texture": "#0"},
				"down": {"uv": [9.5, 2, 9.25, 2.5], "texture": "#0"}
			}
		},
		{
			"name": "voxel",
			"from": [3, 5, 10],
			"to": [4, 7, 11],
			"faces": {
				"north": {"uv": [9.25, 2.5, 9.5, 3], "texture": "#0"},
				"east": {"uv": [9.25, 3, 9.5, 3.5], "texture": "#0"},
				"south": {"uv": [9.25, 4.25, 9.5, 4.75], "texture": "#0"},
				"west": {"uv": [4.5, 9.25, 4.75, 9.75], "texture": "#0"},
				"up": {"uv": [9.75, 9.5, 9.5, 9.25], "texture": "#0"},
				"down": {"uv": [9.75, 9.5, 9.5, 9.75], "texture": "#0"}
			}
		},
		{
			"name": "voxel",
			"from": [12, 5, 10],
			"to": [13, 7, 11],
			"faces": {
				"north": {"uv": [4.75, 9.25, 5, 9.75], "texture": "#0"},
				"east": {"uv": [9.25, 4.75, 9.5, 5.25], "texture": "#0"},
				"south": {"uv": [5, 9.25, 5.25, 9.75], "texture": "#0"},
				"west": {"uv": [5.25, 9.25, 5.5, 9.75], "texture": "#0"},
				"up": {"uv": [0.25, 10, 0, 9.75], "texture": "#0"},
				"down": {"uv": [10, 0, 9.75, 0.25], "texture": "#0"}
			}
		},
		{
			"name": "voxel",
			"from": [5, 5, 12],
			"to": [6, 7, 13],
			"faces": {
				"north": {"uv": [9.25, 5.25, 9.5, 5.75], "texture": "#0"},
				"east": {"uv": [6.75, 9.25, 7, 9.75], "texture": "#0"},
				"south": {"uv": [7.75, 9.25, 8, 9.75], "texture": "#0"},
				"west": {"uv": [8, 9.25, 8.25, 9.75], "texture": "#0"},
				"up": {"uv": [0.5, 10, 0.25, 9.75], "texture": "#0"},
				"down": {"uv": [10, 0.25, 9.75, 0.5], "texture": "#0"}
			}
		},
		{
			"name": "voxel",
			"from": [10, 5, 12],
			"to": [11, 7, 13],
			"faces": {
				"north": {"uv": [8.5, 9.25, 8.75, 9.75], "texture": "#0"},
				"east": {"uv": [9.25, 8.75, 9.5, 9.25], "texture": "#0"},
				"south": {"uv": [9, 9.25, 9.25, 9.75], "texture": "#0"},
				"west": {"uv": [9.25, 9.25, 9.5, 9.75], "texture": "#0"},
				"up": {"uv": [10, 0.75, 9.75, 0.5], "texture": "#0"},
				"down": {"uv": [10, 0.75, 9.75, 1], "texture": "#0"}
			}
		},
		{
			"name": "voxel",
			"from": [7, 3, 3],
			"to": [9, 9, 4],
			"faces": {
				"north": {"uv": [7, 5.5, 7.5, 7], "texture": "#0"},
				"east": {"uv": [6.75, 7.75, 7, 9.25], "texture": "#0"},
				"south": {"uv": [7, 7, 7.5, 8.5], "texture": "#0"},
				"west": {"uv": [8, 1, 8.25, 2.5], "texture": "#0"},
				"up": {"uv": [9.75, 3.75, 9.25, 3.5], "texture": "#0"},
				"down": {"uv": [0.5, 9.5, 0, 9.75], "texture": "#0"}
			}
		},
		{
			"name": "voxel",
			"from": [1, 3, 8],
			"to": [2, 6, 9],
			"faces": {
				"north": {"uv": [8.5, 4.5, 8.75, 5.25], "texture": "#0"},
				"east": {"uv": [7.75, 8.5, 8, 9.25], "texture": "#0"},
				"south": {"uv": [8.5, 7.75, 8.75, 8.5], "texture": "#0"},
				"west": {"uv": [8.5, 8.5, 8.75, 9.25], "texture": "#0"},
				"up": {"uv": [1.25, 10, 1, 9.75], "texture": "#0"},
				"down": {"uv": [1.5, 9.75, 1.25, 10], "texture": "#0"}
			}
		},
		{
			"name": "voxel",
			"from": [14, 3, 8],
			"to": [15, 6, 9],
			"faces": {
				"north": {"uv": [8.75, 1.25, 9, 2], "texture": "#0"},
				"east": {"uv": [2.5, 8.75, 2.75, 9.5], "texture": "#0"},
				"south": {"uv": [8.75, 2.5, 9, 3.25], "texture": "#0"},
				"west": {"uv": [2.75, 8.75, 3, 9.5], "texture": "#0"},
				"up": {"uv": [1.75, 10, 1.5, 9.75], "texture": "#0"},
				"down": {"uv": [10, 1.5, 9.75, 1.75], "texture": "#0"}
			}
		},
		{
			"name": "voxel",
			"from": [3, 2, 3],
			"to": [4, 4, 4],
			"faces": {
				"north": {"uv": [9.5, 0, 9.75, 0.5], "texture": "#0"},
				"east": {"uv": [0.5, 9.5, 0.75, 10], "texture": "#0"},
				"south": {"uv": [9.5, 0.5, 9.75, 1], "texture": "#0"},
				"west": {"uv": [0.75, 9.5, 1, 10], "texture": "#0"},
				"up": {"uv": [2, 10, 1.75, 9.75], "texture": "#0"},
				"down": {"uv": [10, 1.75, 9.75, 2], "texture": "#0"}
			}
		},
		{
			"name": "voxel",
			"from": [5, 2, 3],
			"to": [7, 5, 4],
			"faces": {
				"north": {"uv": [2.5, 8, 3, 8.75], "texture": "#0"},
				"east": {"uv": [3, 8.75, 3.25, 9.5], "texture": "#0"},
				"south": {"uv": [8, 2.5, 8.5, 3.25], "texture": "#0"},
				"west": {"uv": [3.25, 8.75, 3.5, 9.5], "texture": "#0"},
				"up": {"uv": [1.5, 9.75, 1, 9.5], "texture": "#0"},
				"down": {"uv": [10, 1, 9.5, 1.25], "texture": "#0"}
			}
		},
		{
			"name": "voxel",
			"from": [9, 2, 3],
			"to": [11, 5, 4],
			"faces": {
				"north": {"uv": [3, 8, 3.5, 8.75], "texture": "#0"},
				"east": {"uv": [8.75, 3.25, 9, 4], "texture": "#0"},
				"south": {"uv": [8, 3.25, 8.5, 4], "texture": "#0"},
				"west": {"uv": [8.75, 4, 9, 4.75], "texture": "#0"},
				"up": {"uv": [10, 1.5, 9.5, 1.25], "texture": "#0"},
				"down": {"uv": [2.25, 9.5, 1.75, 9.75], "texture": "#0"}
			}
		},
		{
			"name": "voxel",
			"from": [12, 2, 3],
			"to": [13, 4, 4],
			"faces": {
				"north": {"uv": [9.5, 2, 9.75, 2.5], "texture": "#0"},
				"east": {"uv": [2.25, 9.5, 2.5, 10], "texture": "#0"},
				"south": {"uv": [2.5, 9.5, 2.75, 10], "texture": "#0"},
				"west": {"uv": [9.5, 2.5, 9.75, 3], "texture": "#0"},
				"up": {"uv": [2.25, 10, 2, 9.75], "texture": "#0"},
				"down": {"uv": [10, 2, 9.75, 2.25], "texture": "#0"}
			}
		},
		{
			"name": "voxel",
			"from": [2, 2, 8],
			"to": [3, 6, 9],
			"faces": {
				"north": {"uv": [8.25, 5.75, 8.5, 6.75], "texture": "#0"},
				"east": {"uv": [8.25, 6.75, 8.5, 7.75], "texture": "#0"},
				"south": {"uv": [8.25, 7.75, 8.5, 8.75], "texture": "#0"},
				"west": {"uv": [8, 8.25, 8.25, 9.25], "texture": "#0"},
				"up": {"uv": [10, 2.5, 9.75, 2.25], "texture": "#0"},
				"down": {"uv": [10, 2.5, 9.75, 2.75], "texture": "#0"}
			}
		},
		{
			"name": "voxel",
			"from": [13, 2, 8],
			"to": [14, 6, 9],
			"faces": {
				"north": {"uv": [0.5, 8.5, 0.75, 9.5], "texture": "#0"},
				"east": {"uv": [0.75, 8.5, 1, 9.5], "texture": "#0"},
				"south": {"uv": [1, 8.5, 1.25, 9.5], "texture": "#0"},
				"west": {"uv": [1.25, 8.5, 1.5, 9.5], "texture": "#0"},
				"up": {"uv": [10, 3, 9.75, 2.75], "texture": "#0"},
				"down": {"uv": [10, 3, 9.75, 3.25], "texture": "#0"}
			}
		},
		{
			"name": "voxel",
			"from": [4, 1, 3],
			"to": [5, 4, 4],
			"faces": {
				"north": {"uv": [8.75, 5.75, 9, 6.5], "texture": "#0"},
				"east": {"uv": [8.75, 6.5, 9, 7.25], "texture": "#0"},
				"south": {"uv": [8.75, 7.25, 9, 8], "texture": "#0"},
				"west": {"uv": [8.75, 8, 9, 8.75], "texture": "#0"},
				"up": {"uv": [10, 3.5, 9.75, 3.25], "texture": "#0"},
				"down": {"uv": [3.75, 9.75, 3.5, 10], "texture": "#0"}
			}
		},
		{
			"name": "voxel",
			"from": [11, 1, 3],
			"to": [12, 4, 4],
			"faces": {
				"north": {"uv": [8.25, 8.75, 8.5, 9.5], "texture": "#0"},
				"east": {"uv": [8.75, 8.75, 9, 9.5], "texture": "#0"},
				"south": {"uv": [9, 1.25, 9.25, 2], "texture": "#0"},
				"west": {"uv": [9, 2.5, 9.25, 3.25], "texture": "#0"},
				"up": {"uv": [10, 3.75, 9.75, 3.5], "texture": "#0"},
				"down": {"uv": [4, 9.75, 3.75, 10], "texture": "#0"}
			}
		},
		{
			"name": "voxel",
			"from": [3, 1, 4],
			"to": [4, 5, 5],
			"faces": {
				"north": {"uv": [8.5, 1.25, 8.75, 2.25], "texture": "#0"},
				"east": {"uv": [8.5, 2.5, 8.75, 3.5], "texture": "#0"},
				"south": {"uv": [3.5, 8.5, 3.75, 9.5], "texture": "#0"},
				"west": {"uv": [8.5, 3.5, 8.75, 4.5], "texture": "#0"},
				"up": {"uv": [4.25, 10, 4, 9.75], "texture": "#0"},
				"down": {"uv": [4.5, 9.75, 4.25, 10], "texture": "#0"}
			}
		},
		{
			"name": "voxel",
			"from": [12, 1, 4],
			"to": [13, 5, 5],
			"faces": {
				"north": {"uv": [3.75, 8.5, 4, 9.5], "texture": "#0"},
				"east": {"uv": [4, 8.5, 4.25, 9.5], "texture": "#0"},
				"south": {"uv": [4.25, 8.5, 4.5, 9.5], "texture": "#0"},
				"west": {"uv": [5.5, 8.5, 5.75, 9.5], "texture": "#0"},
				"up": {"uv": [10, 4.5, 9.75, 4.25], "texture": "#0"},
				"down": {"uv": [4.75, 9.75, 4.5, 10], "texture": "#0"}
			}
		},
		{
			"name": "voxel",
			"from": [3, 1, 10],
			"to": [4, 5, 12],
			"faces": {
				"north": {"uv": [5.75, 8.5, 6, 9.5], "texture": "#0"},
				"east": {"uv": [7.5, 0.5, 8, 1.5], "texture": "#0"},
				"south": {"uv": [8.5, 5.75, 8.75, 6.75], "texture": "#0"},
				"west": {"uv": [7.5, 1.5, 8, 2.5], "texture": "#0"},
				"up": {"uv": [3, 10, 2.75, 9.5], "texture": "#0"},
				"down": {"uv": [3.25, 9.5, 3, 10], "texture": "#0"}
			}
		},
		{
			"name": "voxel",
			"from": [12, 1, 10],
			"to": [13, 5, 12],
			"faces": {
				"north": {"uv": [6, 8.5, 6.25, 9.5], "texture": "#0"},
				"east": {"uv": [7.5, 2.5, 8, 3.5], "texture": "#0"},
				"south": {"uv": [6.25, 8.5, 6.5, 9.5], "texture": "#0"},
				"west": {"uv": [7.5, 3.5, 8, 4.5], "texture": "#0"},
				"up": {"uv": [9.75, 3.5, 9.5, 3], "texture": "#0"},
				"down": {"uv": [3.5, 9.5, 3.25, 10], "texture": "#0"}
			}
		},
		{
			"name": "voxel",
			"from": [4, 1, 12],
			"to": [6, 5, 13],
			"faces": {
				"north": {"uv": [7.5, 4.5, 8, 5.5], "texture": "#0"},
				"east": {"uv": [8.5, 6.75, 8.75, 7.75], "texture": "#0"},
				"south": {"uv": [7.5, 5.5, 8, 6.5], "texture": "#0"},
				"west": {"uv": [7, 8.5, 7.25, 9.5], "texture": "#0"},
				"up": {"uv": [4, 9.75, 3.5, 9.5], "texture": "#0"},
				"down": {"uv": [10, 3.75, 9.5, 4], "texture": "#0"}
			}
		},
		{
			"name": "voxel",
			"from": [10, 1, 12],
			"to": [12, 5, 13],
			"faces": {
				"north": {"uv": [7.5, 6.5, 8, 7.5], "texture": "#0"},
				"east": {"uv": [7.25, 8.5, 7.5, 9.5], "texture": "#0"},
				"south": {"uv": [7.5, 7.5, 8, 8.5], "texture": "#0"},
				"west": {"uv": [7.5, 8.5, 7.75, 9.5], "texture": "#0"},
				"up": {"uv": [4.5, 9.75, 4, 9.5], "texture": "#0"},
				"down": {"uv": [10, 4, 9.5, 4.25], "texture": "#0"}
			}
		},
		{
			"name": "voxel",
			"from": [3, 0, 5],
			"to": [4, 7, 10],
			"faces": {
				"north": {"uv": [1.75, 7.75, 2, 9.5], "texture": "#0"},
				"east": {"uv": [4.25, 2, 5.5, 3.75], "texture": "#0"},
				"south": {"uv": [2, 7.75, 2.25, 9.5], "texture": "#0"},
				"west": {"uv": [5.75, 0, 7, 1.75], "texture": "#0"},
				"up": {"uv": [8.25, 7, 8, 5.75], "texture": "#0"},
				"down": {"uv": [8.25, 7, 8, 8.25], "texture": "#0"}
			}
		},
		{
			"name": "voxel",
			"from": [12, 0, 5],
			"to": [13, 7, 10],
			"faces": {
				"north": {"uv": [2.25, 7.75, 2.5, 9.5], "texture": "#0"},
				"east": {"uv": [0, 6, 1.25, 7.75], "texture": "#0"},
				"south": {"uv": [6.5, 7.75, 6.75, 9.5], "texture": "#0"},
				"west": {"uv": [1.25, 6, 2.5, 7.75], "texture": "#0"},
				"up": {"uv": [0.25, 9.5, 0, 8.25], "texture": "#0"},
				"down": {"uv": [0.5, 8.25, 0.25, 9.5], "texture": "#0"}
			}
		},
		{
			"name": "voxel",
			"from": [4, 0, 4],
			"to": [6, 8, 12],
			"faces": {
				"north": {"uv": [4.5, 6, 5, 8], "texture": "#0"},
				"east": {"uv": [2.25, 0, 4.25, 2], "texture": "#0"},
				"south": {"uv": [5, 6, 5.5, 8], "texture": "#0"},
				"west": {"uv": [2.25, 2, 4.25, 4], "texture": "#0"},
				"up": {"uv": [7, 3.75, 6.5, 1.75], "texture": "#0"},
				"down": {"uv": [7, 3.75, 6.5, 5.75], "texture": "#0"}
			}
		},
		{
			"name": "voxel",
			"from": [10, 0, 4],
			"to": [12, 8, 12],
			"faces": {
				"north": {"uv": [5.5, 6.5, 6, 8.5], "texture": "#0"},
				"east": {"uv": [0, 4, 2, 6], "texture": "#0"},
				"south": {"uv": [6.5, 5.75, 7, 7.75], "texture": "#0"},
				"west": {"uv": [2, 4, 4, 6], "texture": "#0"},
				"up": {"uv": [6.5, 8.5, 6, 6.5], "texture": "#0"},
				"down": {"uv": [7.5, 0, 7, 2], "texture": "#0"}
			}
		},
		{
			"name": "voxel",
			"from": [6, 0, 4],
			"to": [10, 8, 13],
			"faces": {
				"north": {"uv": [2.5, 6, 3.5, 8], "texture": "#0"},
				"east": {"uv": [0, 0, 2.25, 2], "texture": "#0"},
				"south": {"uv": [3.5, 6, 4.5, 8], "texture": "#0"},
				"west": {"uv": [0, 2, 2.25, 4], "texture": "#0"},
				"up": {"uv": [6.5, 4.25, 5.5, 2], "texture": "#0"},
				"down": {"uv": [6.5, 4.25, 5.5, 6.5], "texture": "#0"}
			}
		}
	],
	"display": {
		"head": {
			"translation": [0, 7.75, 0],
			"scale": [1.9, 1.9, 1.9]
		}
	},
	"groups": [
		{
			"name": "voxel_file",
			"origin": [8, 8, 8],
			"color": 0,
			"children": [0, 1, 2, 3, 4, 5, 6, 7, 8, 9, 10, 11, 12, 13, 14, 15, 16, 17, 18, 19, 20, 21, 22, 23, 24, 25, 26, 27, 28, 29, 30, 31, 32, 33, 34, 35, 36, 37, 38, 39]
		}
	]
}