{
	"credit": "Made with Blockbench",
	"texture_size": [64, 64],
	"textures": {
		"0": "gc/heads/rebel",
		"particle": "gc/heads/rebel"
	},
	"elements": [
		{
			"name": "voxel",
			"from": [7, 10, 10],
			"to": [9, 11, 11],
			"faces": {
				"north": {"uv": [3.5, 5.75, 4, 6], "texture": "#0"},
				"east": {"uv": [8.5, 7, 8.75, 7.25], "texture": "#0"},
				"south": {"uv": [5, 6.25, 5.5, 6.5], "texture": "#0"},
				"west": {"uv": [7.5, 8.5, 7.75, 8.75], "texture": "#0"},
				"up": {"uv": [7, 8.25, 6.5, 8], "texture": "#0"},
				"down": {"uv": [8.5, 6.75, 8, 7], "texture": "#0"}
			}
		},
		{
			"name": "voxel",
			"from": [11, 10, 6],
			"to": [12, 11, 9],
			"faces": {
				"north": {"uv": [7.75, 8.5, 8, 8.75], "texture": "#0"},
				"east": {"uv": [7.75, 5.25, 8.5, 5.5], "texture": "#0"},
				"south": {"uv": [8.5, 7.75, 8.75, 8], "texture": "#0"},
				"west": {"uv": [5.5, 7.75, 6.25, 8], "texture": "#0"},
				"up": {"uv": [4.75, 8.5, 4.5, 7.75], "texture": "#0"},
				"down": {"uv": [5, 7.75, 4.75, 8.5], "texture": "#0"}
			}
		},
		{
			"name": "voxel",
			"from": [4, 10, 6],
			"to": [5, 11, 9],
			"faces": {
				"north": {"uv": [8, 8.5, 8.25, 8.75], "texture": "#0"},
				"east": {"uv": [7.75, 5.5, 8.5, 5.75], "texture": "#0"},
				"south": {"uv": [8.25, 8.5, 8.5, 8.75], "texture": "#0"},
				"west": {"uv": [7.75, 6.5, 8.5, 6.75], "texture": "#0"},
				"up": {"uv": [6.5, 8.5, 6.25, 7.75], "texture": "#0"},
				"down": {"uv": [8, 6.75, 7.75, 7.5], "texture": "#0"}
			}
		},
		{
			"name": "voxel",
			"from": [10, 10, 5],
			"to": [11, 11, 9],
			"faces": {
				"north": {"uv": [8.5, 8.5, 8.75, 8.75], "texture": "#0"},
				"east": {"uv": [0.5, 6.75, 1.5, 7], "texture": "#0"},
				"south": {"uv": [0, 8.75, 0.25, 9], "texture": "#0"},
				"west": {"uv": [4, 6.75, 5, 7], "texture": "#0"},
				"up": {"uv": [2.5, 8.25, 2.25, 7.25], "texture": "#0"},
				"down": {"uv": [2.75, 7.25, 2.5, 8.25], "texture": "#0"}
			}
		},
		{
			"name": "voxel",
			"from": [5, 10, 5],
			"to": [6, 11, 9],
			"faces": {
				"north": {"uv": [0.25, 8.75, 0.5, 9], "texture": "#0"},
				"east": {"uv": [7.25, 2.75, 8.25, 3], "texture": "#0"},
				"south": {"uv": [0.5, 8.75, 0.75, 9], "texture": "#0"},
				"west": {"uv": [7.25, 3, 8.25, 3.25], "texture": "#0"},
				"up": {"uv": [3, 8.25, 2.75, 7.25], "texture": "#0"},
				"down": {"uv": [3.25, 7.25, 3, 8.25], "texture": "#0"}
			}
		},
		{
			"name": "voxel",
			"from": [6, 10, 4],
			"to": [10, 11, 10],
			"faces": {
				"north": {"uv": [7.25, 3.25, 8.25, 3.5], "texture": "#0"},
				"east": {"uv": [0.5, 7, 2, 7.25], "texture": "#0"},
				"south": {"uv": [4, 7.25, 5, 7.5], "texture": "#0"},
				"west": {"uv": [2, 7, 3.5, 7.25], "texture": "#0"},
				"up": {"uv": [2.5, 6, 1.5, 4.5], "texture": "#0"},
				"down": {"uv": [3.5, 4.5, 2.5, 6], "texture": "#0"}
			}
		},
		{
			"name": "voxel",
			"from": [12, 9, 5],
			"to": [13, 10, 9],
			"faces": {
				"north": {"uv": [8.75, 0.75, 9, 1], "texture": "#0"},
				"east": {"uv": [7.5, 0, 8.5, 0.25], "texture": "#0"},
				"south": {"uv": [8.75, 1, 9, 1.25], "texture": "#0"},
				"west": {"uv": [7.5, 0.25, 8.5, 0.5], "texture": "#0"},
				"up": {"uv": [3.5, 8.25, 3.25, 7.25], "texture": "#0"},
				"down": {"uv": [5.25, 7.25, 5, 8.25], "texture": "#0"}
			}
		},
		{
			"name": "voxel",
			"from": [3, 9, 5],
			"to": [4, 10, 9],
			"faces": {
				"north": {"uv": [1.25, 8.75, 1.5, 9], "texture": "#0"},
				"east": {"uv": [0.5, 7.5, 1.5, 7.75], "texture": "#0"},
				"south": {"uv": [8.75, 1.25, 9, 1.5], "texture": "#0"},
				"west": {"uv": [7.5, 0.5, 8.5, 0.75], "texture": "#0"},
				"up": {"uv": [5.5, 8.25, 5.25, 7.25], "texture": "#0"},
				"down": {"uv": [7.75, 0.75, 7.5, 1.75], "texture": "#0"}
			}
		},
		{
			"name": "voxel",
			"from": [11, 9, 4],
			"to": [12, 10, 11],
			"faces": {
				"north": {"uv": [1.5, 8.75, 1.75, 9], "texture": "#0"},
				"east": {"uv": [6, 6.5, 7.75, 6.75], "texture": "#0"},
				"south": {"uv": [8.75, 1.5, 9, 1.75], "texture": "#0"},
				"west": {"uv": [6.5, 6, 8.25, 6.25], "texture": "#0"},
				"up": {"uv": [3.75, 8.25, 3.5, 6.5], "texture": "#0"},
				"down": {"uv": [4, 6.5, 3.75, 8.25], "texture": "#0"}
			}
		},
		{
			"name": "voxel",
			"from": [4, 9, 4],
			"to": [5, 10, 11],
			"faces": {
				"north": {"uv": [1.75, 8.75, 2, 9], "texture": "#0"},
				"east": {"uv": [6.5, 6.25, 8.25, 6.5], "texture": "#0"},
				"south": {"uv": [8.75, 1.75, 9, 2], "texture": "#0"},
				"west": {"uv": [6, 6.75, 7.75, 7], "texture": "#0"},
				"up": {"uv": [0.25, 8.5, 0, 6.75], "texture": "#0"},
				"down": {"uv": [0.5, 6.75, 0.25, 8.5], "texture": "#0"}
			}
		},
		{
			"name": "voxel",
			"from": [5, 9, 3],
			"to": [11, 10, 12],
			"faces": {
				"north": {"uv": [4, 7, 5.5, 7.25], "texture": "#0"},
				"east": {"uv": [6, 3.5, 8.25, 3.75], "texture": "#0"},
				"south": {"uv": [7, 4, 8.5, 4.25], "texture": "#0"},
				"west": {"uv": [6, 3.75, 8.25, 4], "texture": "#0"},
				"up": {"uv": [5.5, 6.25, 4, 4], "texture": "#0"},
				"down": {"uv": [1.5, 4.5, 0, 6.75], "texture": "#0"}
			}
		},
		{
			"name": "voxel",
			"from": [6, 8, 12],
			"to": [10, 9, 13],
			"faces": {
				"north": {"uv": [7.5, 1.75, 8.5, 2], "texture": "#0"},
				"east": {"uv": [8.75, 2, 9, 2.25], "texture": "#0"},
				"south": {"uv": [7.5, 2, 8.5, 2.25], "texture": "#0"},
				"west": {"uv": [2.5, 8.75, 2.75, 9], "texture": "#0"},
				"up": {"uv": [8.5, 2.5, 7.5, 2.25], "texture": "#0"},
				"down": {"uv": [8.5, 2.5, 7.5, 2.75], "texture": "#0"}
			}
		},
		{
			"name": "voxel",
			"from": [12, 8, 9],
			"to": [13, 9, 11],
			"faces": {
				"north": {"uv": [2.75, 8.75, 3, 9], "texture": "#0"},
				"east": {"uv": [7, 8, 7.5, 8.25], "texture": "#0"},
				"south": {"uv": [8.75, 2.75, 9, 3], "texture": "#0"},
				"west": {"uv": [8, 7, 8.5, 7.25], "texture": "#0"},
				"up": {"uv": [6.25, 8.5, 6, 8], "texture": "#0"},
				"down": {"uv": [8.25, 7.25, 8, 7.75], "texture": "#0"}
			}
		},
		{
			"name": "voxel",
			"from": [3, 8, 9],
			"to": [4, 9, 11],
			"faces": {
				"north": {"uv": [8.75, 3, 9, 3.25], "texture": "#0"},
				"east": {"uv": [7.5, 8, 8, 8.25], "texture": "#0"},
				"south": {"uv": [3.75, 8.75, 4, 9], "texture": "#0"},
				"west": {"uv": [8, 7.75, 8.5, 8], "texture": "#0"},
				"up": {"uv": [8.25, 8.5, 8, 8], "texture": "#0"},
				"down": {"uv": [0.75, 8.25, 0.5, 8.75], "texture": "#0"}
			}
		},
		{
			"name": "voxel",
			"from": [10, 8, 3],
			"to": [12, 9, 4],
			"faces": {
				"north": {"uv": [0.75, 8.25, 1.25, 8.5], "texture": "#0"},
				"east": {"uv": [8.75, 3.75, 9, 4], "texture": "#0"},
				"south": {"uv": [8.25, 0.75, 8.75, 1], "texture": "#0"},
				"west": {"uv": [4, 8.75, 4.25, 9], "texture": "#0"},
				"up": {"uv": [8.75, 1.25, 8.25, 1], "texture": "#0"},
				"down": {"uv": [8.75, 1.25, 8.25, 1.5], "texture": "#0"}
			}
		},
		{
			"name": "voxel",
			"from": [4, 8, 3],
			"to": [6, 9, 4],
			"faces": {
				"north": {"uv": [8.25, 1.5, 8.75, 1.75], "texture": "#0"},
				"east": {"uv": [8.75, 4, 9, 4.25], "texture": "#0"},
				"south": {"uv": [2.25, 8.25, 2.75, 8.5], "texture": "#0"},
				"west": {"uv": [4.25, 8.75, 4.5, 9], "texture": "#0"},
				"up": {"uv": [3.25, 8.5, 2.75, 8.25], "texture": "#0"},
				"down": {"uv": [8.75, 2.75, 8.25, 3], "texture": "#0"}
			}
		},
		{
			"name": "voxel",
			"from": [6, 8, 2],
			"to": [10, 9, 4],
			"faces": {
				"north": {"uv": [4, 7.5, 5, 7.75], "texture": "#0"},
				"east": {"uv": [8.25, 3, 8.75, 3.25], "texture": "#0"},
				"south": {"uv": [5.5, 7.5, 6.5, 7.75], "texture": "#0"},
				"west": {"uv": [3.25, 8.25, 3.75, 8.5], "texture": "#0"},
				"up": {"uv": [4, 6.5, 3, 6], "texture": "#0"},
				"down": {"uv": [6.5, 6, 5.5, 6.5], "texture": "#0"}
			}
		},
		{
			"name": "voxel",
			"from": [11, 7, 12],
			"to": [12, 8, 13],
			"faces": {
				"north": {"uv": [8.75, 4.25, 9, 4.5], "texture": "#0"},
				"east": {"uv": [8.75, 4.5, 9, 4.75], "texture": "#0"},
				"south": {"uv": [8.75, 4.75, 9, 5], "texture": "#0"},
				"west": {"uv": [5, 8.75, 5.25, 9], "texture": "#0"},
				"up": {"uv": [9, 5.25, 8.75, 5], "texture": "#0"},
				"down": {"uv": [5.5, 8.75, 5.25, 9], "texture": "#0"}
			}
		},
		{
			"name": "voxel",
			"from": [4, 7, 12],
			"to": [5, 8, 13],
			"faces": {
				"north": {"uv": [8.75, 5.25, 9, 5.5], "texture": "#0"},
				"east": {"uv": [5.5, 8.75, 5.75, 9], "texture": "#0"},
				"south": {"uv": [8.75, 5.5, 9, 5.75], "texture": "#0"},
				"west": {"uv": [5.75, 8.75, 6, 9], "texture": "#0"},
				"up": {"uv": [9, 6, 8.75, 5.75], "texture": "#0"},
				"down": {"uv": [9, 6, 8.75, 6.25], "texture": "#0"}
			}
		},
		{
			"name": "voxel",
			"from": [12, 7, 4],
			"to": [13, 9, 9],
			"faces": {
				"north": {"uv": [1.25, 8.25, 1.5, 8.75], "texture": "#0"},
				"east": {"uv": [6, 1.5, 7.25, 2], "texture": "#0"},
				"south": {"uv": [8.25, 3.25, 8.5, 3.75], "texture": "#0"},
				"west": {"uv": [6, 2, 7.25, 2.5], "texture": "#0"},
				"up": {"uv": [3.75, 5.75, 3.5, 4.5], "texture": "#0"},
				"down": {"uv": [4, 4.5, 3.75, 5.75], "texture": "#0"}
			}
		},
		{
			"name": "voxel",
			"from": [3, 7, 4],
			"to": [4, 9, 9],
			"faces": {
				"north": {"uv": [3.75, 8.25, 4, 8.75], "texture": "#0"},
				"east": {"uv": [6, 2.5, 7.25, 3], "texture": "#0"},
				"south": {"uv": [5, 8.25, 5.25, 8.75], "texture": "#0"},
				"west": {"uv": [6, 3, 7.25, 3.5], "texture": "#0"},
				"up": {"uv": [7.5, 2.75, 7.25, 1.5], "texture": "#0"},
				"down": {"uv": [2.25, 7.25, 2, 8.5], "texture": "#0"}
			}
		},
		{
			"name": "voxel",
			"from": [11, 7, 3],
			"to": [13, 8, 4],
			"faces": {
				"north": {"uv": [8.25, 3.75, 8.75, 4], "texture": "#0"},
				"east": {"uv": [8.75, 6.25, 9, 6.5], "texture": "#0"},
				"south": {"uv": [8.25, 6, 8.75, 6.25], "texture": "#0"},
				"west": {"uv": [8.75, 6.5, 9, 6.75], "texture": "#0"},
				"up": {"uv": [8.75, 6.5, 8.25, 6.25], "texture": "#0"},
				"down": {"uv": [7, 8.25, 6.5, 8.5], "texture": "#0"}
			}
		},
		{
			"name": "voxel",
			"from": [3, 7, 3],
			"to": [5, 8, 4],
			"faces": {
				"north": {"uv": [7, 8.25, 7.5, 8.5], "texture": "#0"},
				"east": {"uv": [8.75, 6.75, 9, 7], "texture": "#0"},
				"south": {"uv": [8.25, 7.25, 8.75, 7.5], "texture": "#0"},
				"west": {"uv": [7, 8.75, 7.25, 9], "texture": "#0"},
				"up": {"uv": [8, 8.5, 7.5, 8.25], "texture": "#0"},
				"down": {"uv": [8.75, 7.5, 8.25, 7.75], "texture": "#0"}
			}
		},
		{
			"name": "voxel",
			"from": [5, 7, 2],
			"to": [11, 8, 4],
			"faces": {
				"north": {"uv": [7, 4.25, 8.5, 4.5], "texture": "#0"},
				"east": {"uv": [8.25, 8, 8.75, 8.25], "texture": "#0"},
				"south": {"uv": [7, 4.5, 8.5, 4.75], "texture": "#0"},
				"west": {"uv": [8.25, 8.25, 8.75, 8.5], "texture": "#0"},
				"up": {"uv": [7.5, 0.5, 6, 0], "texture": "#0"},
				"down": {"uv": [7.5, 0.5, 6, 1], "texture": "#0"}
			}
		},
		{
			"name": "voxel",
			"from": [7, 6, 14],
			"to": [9, 7, 15],
			"faces": {
				"north": {"uv": [0, 8.5, 0.5, 8.75], "texture": "#0"},
				"east": {"uv": [8.75, 7, 9, 7.25], "texture": "#0"},
				"south": {"uv": [8.5, 0, 9, 0.25], "texture": "#0"},
				"west": {"uv": [7.25, 8.75, 7.5, 9], "texture": "#0"},
				"up": {"uv": [9, 0.5, 8.5, 0.25], "texture": "#0"},
				"down": {"uv": [9, 0.5, 8.5, 0.75], "texture": "#0"}
			}
		},
		{
			"name": "voxel",
			"from": [5, 6, 13],
			"to": [11, 8, 14],
			"faces": {
				"north": {"uv": [6, 1, 7.5, 1.5], "texture": "#0"},
				"east": {"uv": [5.25, 8.25, 5.5, 8.75], "texture": "#0"},
				"south": {"uv": [1.5, 6, 3, 6.5], "texture": "#0"},
				"west": {"uv": [0.75, 8.5, 1, 9], "texture": "#0"},
				"up": {"uv": [8.5, 5, 7, 4.75], "texture": "#0"},
				"down": {"uv": [8.5, 5, 7, 5.25], "texture": "#0"}
			}
		},
		{
			"name": "voxel",
			"from": [12, 6, 9],
			"to": [13, 8, 12],
			"faces": {
				"north": {"uv": [1, 8.5, 1.25, 9], "texture": "#0"},
				"east": {"uv": [7, 5.25, 7.75, 5.75], "texture": "#0"},
				"south": {"uv": [8.5, 1.75, 8.75, 2.25], "texture": "#0"},
				"west": {"uv": [5.5, 7, 6.25, 7.5], "texture": "#0"},
				"up": {"uv": [1.75, 8.75, 1.5, 8], "texture": "#0"},
				"down": {"uv": [2, 8, 1.75, 8.75], "texture": "#0"}
			}
		},
		{
			"name": "voxel",
			"from": [3, 6, 9],
			"to": [4, 8, 12],
			"faces": {
				"north": {"uv": [2, 8.5, 2.25, 9], "texture": "#0"},
				"east": {"uv": [6.25, 7, 7, 7.5], "texture": "#0"},
				"south": {"uv": [2.25, 8.5, 2.5, 9], "texture": "#0"},
				"west": {"uv": [7, 7, 7.75, 7.5], "texture": "#0"},
				"up": {"uv": [5.75, 8.75, 5.5, 8], "texture": "#0"},
				"down": {"uv": [6, 8, 5.75, 8.75], "texture": "#0"}
			}
		},
		{
			"name": "voxel",
			"from": [9, 5, 15],
			"to": [10, 6, 16],
			"faces": {
				"north": {"uv": [8.75, 7.25, 9, 7.5], "texture": "#0"},
				"east": {"uv": [7.5, 8.75, 7.75, 9], "texture": "#0"},
				"south": {"uv": [8.75, 7.5, 9, 7.75], "texture": "#0"},
				"west": {"uv": [7.75, 8.75, 8, 9], "texture": "#0"},
				"up": {"uv": [9, 8, 8.75, 7.75], "texture": "#0"},
				"down": {"uv": [8.25, 8.75, 8, 9], "texture": "#0"}
			}
		},
		{
			"name": "voxel",
			"from": [6, 5, 15],
			"to": [7, 6, 16],
			"faces": {
				"north": {"uv": [8.75, 8, 9, 8.25], "texture": "#0"},
				"east": {"uv": [8.25, 8.75, 8.5, 9], "texture": "#0"},
				"south": {"uv": [8.75, 8.25, 9, 8.5], "texture": "#0"},
				"west": {"uv": [8.5, 8.75, 8.75, 9], "texture": "#0"},
				"up": {"uv": [9, 8.75, 8.75, 8.5], "texture": "#0"},
				"down": {"uv": [9, 8.75, 8.75, 9], "texture": "#0"}
			}
		},
		{
			"name": "voxel",
			"from": [10, 5, 13],
			"to": [11, 6, 15],
			"faces": {
				"north": {"uv": [0, 9, 0.25, 9.25], "texture": "#0"},
				"east": {"uv": [8.5, 2.25, 9, 2.5], "texture": "#0"},
				"south": {"uv": [9, 0, 9.25, 0.25], "texture": "#0"},
				"west": {"uv": [2.5, 8.5, 3, 8.75], "texture": "#0"},
				"up": {"uv": [3.25, 9, 3, 8.5], "texture": "#0"},
				"down": {"uv": [3.5, 8.5, 3.25, 9], "texture": "#0"}
			}
		},
		{
			"name": "voxel",
			"from": [5, 5, 13],
			"to": [6, 6, 15],
			"faces": {
				"north": {"uv": [0.25, 9, 0.5, 9.25], "texture": "#0"},
				"east": {"uv": [8.5, 2.5, 9, 2.75], "texture": "#0"},
				"south": {"uv": [9, 0.25, 9.25, 0.5], "texture": "#0"},
				"west": {"uv": [8.5, 3.25, 9, 3.5], "texture": "#0"},
				"up": {"uv": [3.75, 9, 3.5, 8.5], "texture": "#0"},
				"down": {"uv": [8.75, 4, 8.5, 4.5], "texture": "#0"}
			}
		},
		{
			"name": "voxel",
			"from": [11, 5, 12],
			"to": [12, 7, 14],
			"faces": {
				"north": {"uv": [4.5, 8.5, 4.75, 9], "texture": "#0"},
				"east": {"uv": [1.5, 7.5, 2, 8], "texture": "#0"},
				"south": {"uv": [8.5, 4.5, 8.75, 5], "texture": "#0"},
				"west": {"uv": [6.5, 7.5, 7, 8], "texture": "#0"},
				"up": {"uv": [5, 9, 4.75, 8.5], "texture": "#0"},
				"down": {"uv": [8.75, 5, 8.5, 5.5], "texture": "#0"}
			}
		},
		{
			"name": "voxel",
			"from": [4, 5, 12],
			"to": [5, 7, 14],
			"faces": {
				"north": {"uv": [8.5, 5.5, 8.75, 6], "texture": "#0"},
				"east": {"uv": [7, 7.5, 7.5, 8], "texture": "#0"},
				"south": {"uv": [6, 8.5, 6.25, 9], "texture": "#0"},
				"west": {"uv": [7.5, 7.5, 8, 8], "texture": "#0"},
				"up": {"uv": [6.5, 9, 6.25, 8.5], "texture": "#0"},
				"down": {"uv": [6.75, 8.5, 6.5, 9], "texture": "#0"}
			}
		},
		{
			"name": "voxel",
			"from": [7, 4, 15],
			"to": [9, 6, 16],
			"faces": {
				"north": {"uv": [0.5, 7.75, 1, 8.25], "texture": "#0"},
				"east": {"uv": [8.5, 6.5, 8.75, 7], "texture": "#0"},
				"south": {"uv": [7.75, 0.75, 8.25, 1.25], "texture": "#0"},
				"west": {"uv": [6.75, 8.5, 7, 9], "texture": "#0"},
				"up": {"uv": [9, 3.75, 8.5, 3.5], "texture": "#0"},
				"down": {"uv": [7.5, 8.5, 7, 8.75], "texture": "#0"}
			}
		},
		{
			"name": "voxel",
			"from": [6, 4, 13],
			"to": [10, 6, 15],
			"faces": {
				"north": {"uv": [4, 6.25, 5, 6.75], "texture": "#0"},
				"east": {"uv": [1, 7.75, 1.5, 8.25], "texture": "#0"},
				"south": {"uv": [1.5, 6.5, 2.5, 7], "texture": "#0"},
				"west": {"uv": [7.75, 1.25, 8.25, 1.75], "texture": "#0"},
				"up": {"uv": [3.5, 7, 2.5, 6.5], "texture": "#0"},
				"down": {"uv": [6, 6.5, 5, 7], "texture": "#0"}
			}
		},
		{
			"name": "voxel",
			"from": [5, 4, 12],
			"to": [11, 8, 13],
			"faces": {
				"north": {"uv": [5.5, 4, 7, 5], "texture": "#0"},
				"east": {"uv": [4, 7.75, 4.25, 8.75], "texture": "#0"},
				"south": {"uv": [5.5, 5, 7, 6], "texture": "#0"},
				"west": {"uv": [4.25, 7.75, 4.5, 8.75], "texture": "#0"},
				"up": {"uv": [8.5, 6, 7, 5.75], "texture": "#0"},
				"down": {"uv": [2, 7.25, 0.5, 7.5], "texture": "#0"}
			}
		},
		{
			"name": "voxel",
			"from": [4, 1, 4],
			"to": [12, 9, 12],
			"faces": {
				"north": {"uv": [0, 0.25, 2, 2.25], "texture": "#0"},
				"east": {"uv": [2, 0.25, 4, 2.25], "texture": "#0"},
				"south": {"uv": [0, 2.5, 2, 4.5], "texture": "#0"},
				"west": {"uv": [2, 2.5, 4, 4.5], "texture": "#0"},
				"up": {"uv": [6, 2, 4, 0], "texture": "#0"},
				"down": {"uv": [6, 2, 4, 4], "texture": "#0"}
			}
		}
	],
	"display": {
		"head": {
			"translation": [0, 5.5, 0],
			"scale": [1.8, 1.8, 1.8]
		}
	},
	"groups": [
		{
			"name": "voxel_file",
			"origin": [8, 8, 8],
			"color": 0,
			"children": [0, 1, 2, 3, 4, 5, 6, 7, 8, 9, 10, 11, 12, 13, 14, 15, 16, 17, 18, 19, 20, 21, 22, 23, 24, 25, 26, 27, 28, 29, 30, 31, 32, 33, 34, 35, 36, 37]
		}
	]
}