{
	"credit": "Made with Blockbench",
	"texture_size": [64, 64],
	"textures": {
		"0": "gc/heads/stormtrooper",
		"particle": "gc/heads/stormtrooper"
	},
	"elements": [
		{
			"name": "voxel",
			"from": [10, 9, 6],
			"to": [11, 10, 10],
			"faces": {
				"north": {"uv": [9.5, 3.25, 9.75, 3.5], "texture": "#0"},
				"east": {"uv": [8.75, 6.5, 9.75, 6.75], "texture": "#0"},
				"south": {"uv": [10.75, 5.75, 11, 6], "texture": "#0"},
				"west": {"uv": [9.25, 4, 10.25, 4.25], "texture": "#0"},
				"up": {"uv": [2.25, 4.5, 2, 3.5], "texture": "#0"},
				"down": {"uv": [2.5, 3.5, 2.25, 4.5], "texture": "#0"}
			}
		},
		{
			"name": "voxel",
			"from": [5, 9, 6],
			"to": [6, 10, 10],
			"faces": {
				"north": {"uv": [10.75, 8, 11, 8.25], "texture": "#0"},
				"east": {"uv": [9.5, 6, 10.5, 6.25], "texture": "#0"},
				"south": {"uv": [10.75, 8.25, 11, 8.5], "texture": "#0"},
				"west": {"uv": [9.5, 6.25, 10.5, 6.5], "texture": "#0"},
				"up": {"uv": [9.75, 10.75, 9.5, 9.75], "texture": "#0"},
				"down": {"uv": [0.25, 10, 0, 11], "texture": "#0"}
			}
		},
		{
			"name": "voxel",
			"from": [6, 9, 5],
			"to": [10, 10, 11],
			"faces": {
				"north": {"uv": [9.75, 3.75, 10.75, 4], "texture": "#0"},
				"east": {"uv": [8.75, 4.25, 10.25, 4.5], "texture": "#0"},
				"south": {"uv": [9.75, 4.75, 10.75, 5], "texture": "#0"},
				"west": {"uv": [8.75, 4.5, 10.25, 4.75], "texture": "#0"},
				"up": {"uv": [7, 6.5, 6, 5], "texture": "#0"},
				"down": {"uv": [1, 6.25, 0, 7.75], "texture": "#0"}
			}
		},
		{
			"name": "voxel",
			"from": [11, 8, 6],
			"to": [12, 9, 10],
			"faces": {
				"north": {"uv": [10.75, 8.5, 11, 8.75], "texture": "#0"},
				"east": {"uv": [9.75, 5, 10.75, 5.25], "texture": "#0"},
				"south": {"uv": [10.75, 8.75, 11, 9], "texture": "#0"},
				"west": {"uv": [9.75, 6.5, 10.75, 6.75], "texture": "#0"},
				"up": {"uv": [10.25, 1, 10, 0], "texture": "#0"},
				"down": {"uv": [0.5, 10, 0.25, 11], "texture": "#0"}
			}
		},
		{
			"name": "voxel",
			"from": [4, 8, 6],
			"to": [5, 9, 10],
			"faces": {
				"north": {"uv": [9.5, 10.75, 9.75, 11], "texture": "#0"},
				"east": {"uv": [9.75, 6.75, 10.75, 7], "texture": "#0"},
				"south": {"uv": [10.75, 9.5, 11, 9.75], "texture": "#0"},
				"west": {"uv": [10, 1, 11, 1.25], "texture": "#0"},
				"up": {"uv": [0.75, 11, 0.5, 10], "texture": "#0"},
				"down": {"uv": [1, 10, 0.75, 11], "texture": "#0"}
			}
		},
		{
			"name": "voxel",
			"from": [10, 8, 5],
			"to": [11, 9, 11],
			"faces": {
				"north": {"uv": [10.75, 9.75, 11, 10], "texture": "#0"},
				"east": {"uv": [4.75, 8.75, 6.25, 9], "texture": "#0"},
				"south": {"uv": [10.75, 10, 11, 10.25], "texture": "#0"},
				"west": {"uv": [8.75, 5.25, 10.25, 5.5], "texture": "#0"},
				"up": {"uv": [6.5, 10.25, 6.25, 8.75], "texture": "#0"},
				"down": {"uv": [6.75, 8.75, 6.5, 10.25], "texture": "#0"}
			}
		},
		{
			"name": "voxel",
			"from": [5, 8, 5],
			"to": [6, 9, 11],
			"faces": {
				"north": {"uv": [10.75, 10.25, 11, 10.5], "texture": "#0"},
				"east": {"uv": [8.75, 5.5, 10.25, 5.75], "texture": "#0"},
				"south": {"uv": [10.75, 10.5, 11, 10.75], "texture": "#0"},
				"west": {"uv": [8.75, 5.75, 10.25, 6], "texture": "#0"},
				"up": {"uv": [7, 10.25, 6.75, 8.75], "texture": "#0"},
				"down": {"uv": [9, 8.5, 8.75, 10], "texture": "#0"}
			}
		},
		{
			"name": "voxel",
			"from": [7, 7, 4],
			"to": [9, 9, 12],
			"faces": {
				"north": {"uv": [4, 4.5, 4.5, 5], "texture": "#0"},
				"east": {"uv": [7, 3.5, 9, 4], "texture": "#0"},
				"south": {"uv": [10, 1.25, 10.5, 1.75], "texture": "#0"},
				"west": {"uv": [7, 4.75, 9, 5.25], "texture": "#0"},
				"up": {"uv": [3, 9, 2.5, 7], "texture": "#0"},
				"down": {"uv": [3.5, 7, 3, 9], "texture": "#0"}
			}
		},
		{
			"name": "voxel",
			"from": [9, 6, 3],
			"to": [11, 7, 4],
			"faces": {
				"north": {"uv": [6.5, 4.75, 7, 5], "texture": "#0"},
				"east": {"uv": [10.75, 10.75, 11, 11], "texture": "#0"},
				"south": {"uv": [10.25, 4.5, 10.75, 4.75], "texture": "#0"},
				"west": {"uv": [0, 11, 0.25, 11.25], "texture": "#0"},
				"up": {"uv": [10.75, 6, 10.25, 5.75], "texture": "#0"},
				"down": {"uv": [11, 3.5, 10.5, 3.75], "texture": "#0"}
			}
		},
		{
			"name": "voxel",
			"from": [5, 6, 3],
			"to": [7, 7, 4],
			"faces": {
				"north": {"uv": [5.5, 10.5, 6, 10.75], "texture": "#0"},
				"east": {"uv": [11, 0, 11.25, 0.25], "texture": "#0"},
				"south": {"uv": [10.5, 6, 11, 6.25], "texture": "#0"},
				"west": {"uv": [0.25, 11, 0.5, 11.25], "texture": "#0"},
				"up": {"uv": [11, 6.5, 10.5, 6.25], "texture": "#0"},
				"down": {"uv": [11, 7, 10.5, 7.25], "texture": "#0"}
			}
		},
		{
			"name": "voxel",
			"from": [12, 5, 7],
			"to": [13, 7, 9],
			"faces": {
				"north": {"uv": [6, 10.5, 6.25, 11], "texture": "#0"},
				"east": {"uv": [10, 1.75, 10.5, 2.25], "texture": "#0"},
				"south": {"uv": [8, 10.5, 8.25, 11], "texture": "#0"},
				"west": {"uv": [10, 2.25, 10.5, 2.75], "texture": "#0"},
				"up": {"uv": [8.5, 11, 8.25, 10.5], "texture": "#0"},
				"down": {"uv": [8.75, 10.5, 8.5, 11], "texture": "#0"}
			}
		},
		{
			"name": "voxel",
			"from": [3, 5, 7],
			"to": [4, 7, 9],
			"faces": {
				"north": {"uv": [10.5, 9.5, 10.75, 10], "texture": "#0"},
				"east": {"uv": [10, 2.75, 10.5, 3.25], "texture": "#0"},
				"south": {"uv": [9.75, 10.5, 10, 11], "texture": "#0"},
				"west": {"uv": [10, 3.25, 10.5, 3.75], "texture": "#0"},
				"up": {"uv": [10.25, 11, 10, 10.5], "texture": "#0"},
				"down": {"uv": [10.5, 10.5, 10.25, 11], "texture": "#0"}
			}
		},
		{
			"name": "voxel",
			"from": [9, 4, 4],
			"to": [10, 9, 12],
			"faces": {
				"north": {"uv": [9.5, 2, 9.75, 3.25], "texture": "#0"},
				"east": {"uv": [4.5, 0, 6.5, 1.25], "texture": "#0"},
				"south": {"uv": [4.75, 9.5, 5, 10.75], "texture": "#0"},
				"west": {"uv": [4.5, 1.25, 6.5, 2.5], "texture": "#0"},
				"up": {"uv": [8.25, 10.5, 8, 8.5], "texture": "#0"},
				"down": {"uv": [8.5, 8.5, 8.25, 10.5], "texture": "#0"}
			}
		},
		{
			"name": "voxel",
			"from": [6, 4, 4],
			"to": [7, 9, 12],
			"faces": {
				"north": {"uv": [5, 9.5, 5.25, 10.75], "texture": "#0"},
				"east": {"uv": [2, 4.5, 4, 5.75], "texture": "#0"},
				"south": {"uv": [5.25, 9.5, 5.5, 10.75], "texture": "#0"},
				"west": {"uv": [4.5, 2.5, 6.5, 3.75], "texture": "#0"},
				"up": {"uv": [8.75, 10.5, 8.5, 8.5], "texture": "#0"},
				"down": {"uv": [1.25, 8.75, 1, 10.75], "texture": "#0"}
			}
		},
		{
			"name": "voxel",
			"from": [10, 3, 12],
			"to": [11, 4, 13],
			"faces": {
				"north": {"uv": [11, 0.25, 11.25, 0.5], "texture": "#0"},
				"east": {"uv": [0.5, 11, 0.75, 11.25], "texture": "#0"},
				"south": {"uv": [11, 0.5, 11.25, 0.75], "texture": "#0"},
				"west": {"uv": [0.75, 11, 1, 11.25], "texture": "#0"},
				"up": {"uv": [11.25, 1, 11, 0.75], "texture": "#0"},
				"down": {"uv": [11.25, 1, 11, 1.25], "texture": "#0"}
			}
		},
		{
			"name": "voxel",
			"from": [5, 3, 12],
			"to": [6, 4, 13],
			"faces": {
				"north": {"uv": [1.25, 11, 1.5, 11.25], "texture": "#0"},
				"east": {"uv": [1.5, 11, 1.75, 11.25], "texture": "#0"},
				"south": {"uv": [11, 1.75, 11.25, 2], "texture": "#0"},
				"west": {"uv": [2, 11, 2.25, 11.25], "texture": "#0"},
				"up": {"uv": [11.25, 2.25, 11, 2], "texture": "#0"},
				"down": {"uv": [2.5, 11, 2.25, 11.25], "texture": "#0"}
			}
		},
		{
			"name": "voxel",
			"from": [12, 3, 9],
			"to": [13, 4, 10],
			"faces": {
				"north": {"uv": [11, 2.5, 11.25, 2.75], "texture": "#0"},
				"east": {"uv": [11, 2.75, 11.25, 3], "texture": "#0"},
				"south": {"uv": [11, 3, 11.25, 3.25], "texture": "#0"},
				"west": {"uv": [11, 3.25, 11.25, 3.5], "texture": "#0"},
				"up": {"uv": [3.75, 11.25, 3.5, 11], "texture": "#0"},
				"down": {"uv": [11.25, 3.5, 11, 3.75], "texture": "#0"}
			}
		},
		{
			"name": "voxel",
			"from": [3, 3, 9],
			"to": [4, 4, 10],
			"faces": {
				"north": {"uv": [3.75, 11, 4, 11.25], "texture": "#0"},
				"east": {"uv": [11, 4, 11.25, 4.25], "texture": "#0"},
				"south": {"uv": [11, 4.25, 11.25, 4.5], "texture": "#0"},
				"west": {"uv": [11, 4.5, 11.25, 4.75], "texture": "#0"},
				"up": {"uv": [11.25, 5, 11, 4.75], "texture": "#0"},
				"down": {"uv": [5.25, 11, 5, 11.25], "texture": "#0"}
			}
		},
		{
			"name": "voxel",
			"from": [12, 3, 6],
			"to": [13, 5, 9],
			"faces": {
				"north": {"uv": [10.5, 10.5, 10.75, 11], "texture": "#0"},
				"east": {"uv": [8.75, 6, 9.5, 6.5], "texture": "#0"},
				"south": {"uv": [10.75, 0, 11, 0.5], "texture": "#0"},
				"west": {"uv": [9, 0, 9.75, 0.5], "texture": "#0"},
				"up": {"uv": [7, 11, 6.75, 10.25], "texture": "#0"},
				"down": {"uv": [10.75, 1.25, 10.5, 2], "texture": "#0"}
			}
		},
		{
			"name": "voxel",
			"from": [3, 3, 6],
			"to": [4, 5, 9],
			"faces": {
				"north": {"uv": [10.75, 0.5, 11, 1], "texture": "#0"},
				"east": {"uv": [9, 0.5, 9.75, 1], "texture": "#0"},
				"south": {"uv": [1, 10.75, 1.25, 11.25], "texture": "#0"},
				"west": {"uv": [9, 1, 9.75, 1.5], "texture": "#0"},
				"up": {"uv": [10.75, 2.75, 10.5, 2], "texture": "#0"},
				"down": {"uv": [2.75, 10.5, 2.5, 11.25], "texture": "#0"}
			}
		},
		{
			"name": "voxel",
			"from": [10, 3, 4],
			"to": [11, 8, 12],
			"faces": {
				"north": {"uv": [9.5, 8.5, 9.75, 9.75], "texture": "#0"},
				"east": {"uv": [4.5, 3.75, 6.5, 5], "texture": "#0"},
				"south": {"uv": [9.75, 0, 10, 1.25], "texture": "#0"},
				"west": {"uv": [0, 5, 2, 6.25], "texture": "#0"},
				"up": {"uv": [1.5, 10.75, 1.25, 8.75], "texture": "#0"},
				"down": {"uv": [1.75, 8.75, 1.5, 10.75], "texture": "#0"}
			}
		},
		{
			"name": "voxel",
			"from": [5, 3, 4],
			"to": [6, 8, 12],
			"faces": {
				"north": {"uv": [9.75, 1.25, 10, 2.5], "texture": "#0"},
				"east": {"uv": [4, 5, 6, 6.25], "texture": "#0"},
				"south": {"uv": [9.75, 2.5, 10, 3.75], "texture": "#0"},
				"west": {"uv": [2, 5.75, 4, 7], "texture": "#0"},
				"up": {"uv": [2, 10.75, 1.75, 8.75], "texture": "#0"},
				"down": {"uv": [3.75, 8.75, 3.5, 10.75], "texture": "#0"}
			}
		},
		{
			"name": "voxel",
			"from": [9, 3, 3],
			"to": [10, 4, 12],
			"faces": {
				"north": {"uv": [5.25, 11, 5.5, 11.25], "texture": "#0"},
				"east": {"uv": [7, 4, 9.25, 4.25], "texture": "#0"},
				"south": {"uv": [11, 5.25, 11.25, 5.5], "texture": "#0"},
				"west": {"uv": [7.5, 6.75, 9.75, 7], "texture": "#0"},
				"up": {"uv": [7.25, 9.75, 7, 7.5], "texture": "#0"},
				"down": {"uv": [7.5, 7.5, 7.25, 9.75], "texture": "#0"}
			}
		},
		{
			"name": "voxel",
			"from": [6, 3, 3],
			"to": [7, 4, 12],
			"faces": {
				"north": {"uv": [11, 5.5, 11.25, 5.75], "texture": "#0"},
				"east": {"uv": [7.5, 7.5, 9.75, 7.75], "texture": "#0"},
				"south": {"uv": [11, 5.75, 11.25, 6], "texture": "#0"},
				"west": {"uv": [7.5, 7.75, 9.75, 8], "texture": "#0"},
				"up": {"uv": [0.25, 10, 0, 7.75], "texture": "#0"},
				"down": {"uv": [0.5, 7.75, 0.25, 10], "texture": "#0"}
			}
		},
		{
			"name": "voxel",
			"from": [12, 2, 5],
			"to": [13, 3, 9],
			"faces": {
				"north": {"uv": [6, 11, 6.25, 11.25], "texture": "#0"},
				"east": {"uv": [10, 7.5, 11, 7.75], "texture": "#0"},
				"south": {"uv": [11, 6, 11.25, 6.25], "texture": "#0"},
				"west": {"uv": [10, 7.75, 11, 8], "texture": "#0"},
				"up": {"uv": [10.25, 9, 10, 8], "texture": "#0"},
				"down": {"uv": [9, 10, 8.75, 11], "texture": "#0"}
			}
		},
		{
			"name": "voxel",
			"from": [3, 2, 5],
			"to": [4, 3, 9],
			"faces": {
				"north": {"uv": [11, 6.25, 11.25, 6.5], "texture": "#0"},
				"east": {"uv": [10, 9, 11, 9.25], "texture": "#0"},
				"south": {"uv": [11, 6.5, 11.25, 6.75], "texture": "#0"},
				"west": {"uv": [10, 9.25, 11, 9.5], "texture": "#0"},
				"up": {"uv": [9.25, 11, 9, 10], "texture": "#0"},
				"down": {"uv": [9.5, 10, 9.25, 11], "texture": "#0"}
			}
		},
		{
			"name": "voxel",
			"from": [11, 2, 4],
			"to": [12, 8, 12],
			"faces": {
				"north": {"uv": [2.5, 9, 2.75, 10.5], "texture": "#0"},
				"east": {"uv": [2.5, 0, 4.5, 1.5], "texture": "#0"},
				"south": {"uv": [2.75, 9, 3, 10.5], "texture": "#0"},
				"west": {"uv": [2.5, 1.5, 4.5, 3], "texture": "#0"},
				"up": {"uv": [4, 10.75, 3.75, 8.75], "texture": "#0"},
				"down": {"uv": [4.25, 8.75, 4, 10.75], "texture": "#0"}
			}
		},
		{
			"name": "voxel",
			"from": [4, 2, 4],
			"to": [5, 8, 12],
			"faces": {
				"north": {"uv": [3, 9, 3.25, 10.5], "texture": "#0"},
				"east": {"uv": [2.5, 3, 4.5, 4.5], "texture": "#0"},
				"south": {"uv": [3.25, 9, 3.5, 10.5], "texture": "#0"},
				"west": {"uv": [0, 3.5, 2, 5], "texture": "#0"},
				"up": {"uv": [4.5, 10.75, 4.25, 8.75], "texture": "#0"},
				"down": {"uv": [4.75, 8.75, 4.5, 10.75], "texture": "#0"}
			}
		},
		{
			"name": "voxel",
			"from": [9, 2, 3],
			"to": [11, 3, 12],
			"faces": {
				"north": {"uv": [10.5, 7.25, 11, 7.5], "texture": "#0"},
				"east": {"uv": [7.5, 8, 9.75, 8.25], "texture": "#0"},
				"south": {"uv": [1.25, 10.75, 1.75, 11], "texture": "#0"},
				"west": {"uv": [8.25, 7, 10.5, 7.25], "texture": "#0"},
				"up": {"uv": [7, 4.25, 6.5, 2], "texture": "#0"},
				"down": {"uv": [6.5, 6.5, 6, 8.75], "texture": "#0"}
			}
		},
		{
			"name": "voxel",
			"from": [5, 2, 3],
			"to": [7, 3, 12],
			"faces": {
				"north": {"uv": [10.75, 1.25, 11.25, 1.5], "texture": "#0"},
				"east": {"uv": [8.25, 7.25, 10.5, 7.5], "texture": "#0"},
				"south": {"uv": [10.75, 1.5, 11.25, 1.75], "texture": "#0"},
				"west": {"uv": [7.5, 8.25, 9.75, 8.5], "texture": "#0"},
				"up": {"uv": [7, 8.75, 6.5, 6.5], "texture": "#0"},
				"down": {"uv": [2.5, 7, 2, 9.25], "texture": "#0"}
			}
		},
		{
			"name": "voxel",
			"from": [10, 1, 12],
			"to": [12, 3, 13],
			"faces": {
				"north": {"uv": [10, 9.5, 10.5, 10], "texture": "#0"},
				"east": {"uv": [1.75, 10.75, 2, 11.25], "texture": "#0"},
				"south": {"uv": [9.75, 10, 10.25, 10.5], "texture": "#0"},
				"west": {"uv": [10.75, 1.75, 11, 2.25], "texture": "#0"},
				"up": {"uv": [2.5, 11, 2, 10.75], "texture": "#0"},
				"down": {"uv": [11.25, 2.25, 10.75, 2.5], "texture": "#0"}
			}
		},
		{
			"name": "voxel",
			"from": [4, 1, 12],
			"to": [6, 3, 13],
			"faces": {
				"north": {"uv": [10.25, 0, 10.75, 0.5], "texture": "#0"},
				"east": {"uv": [10.75, 2.5, 11, 3], "texture": "#0"},
				"south": {"uv": [10.25, 0.5, 10.75, 1], "texture": "#0"},
				"west": {"uv": [10.75, 3, 11, 3.5], "texture": "#0"},
				"up": {"uv": [4, 11, 3.5, 10.75], "texture": "#0"},
				"down": {"uv": [11.25, 3.75, 10.75, 4], "texture": "#0"}
			}
		},
		{
			"name": "voxel",
			"from": [12, 1, 9],
			"to": [13, 3, 12],
			"faces": {
				"north": {"uv": [4, 10.75, 4.25, 11.25], "texture": "#0"},
				"east": {"uv": [9, 1.5, 9.75, 2], "texture": "#0"},
				"south": {"uv": [10.75, 4, 11, 4.5], "texture": "#0"},
				"west": {"uv": [9, 3.5, 9.75, 4], "texture": "#0"},
				"up": {"uv": [3, 11.25, 2.75, 10.5], "texture": "#0"},
				"down": {"uv": [10.75, 2.75, 10.5, 3.5], "texture": "#0"}
			}
		},
		{
			"name": "voxel",
			"from": [3, 1, 9],
			"to": [4, 3, 12],
			"faces": {
				"north": {"uv": [4.25, 10.75, 4.5, 11.25], "texture": "#0"},
				"east": {"uv": [4.75, 9, 5.5, 9.5], "texture": "#0"},
				"south": {"uv": [4.5, 10.75, 4.75, 11.25], "texture": "#0"},
				"west": {"uv": [9, 4.75, 9.75, 5.25], "texture": "#0"},
				"up": {"uv": [3.25, 11.25, 3, 10.5], "texture": "#0"},
				"down": {"uv": [3.5, 10.5, 3.25, 11.25], "texture": "#0"}
			}
		},
		{
			"name": "voxel",
			"from": [7, 1, 2],
			"to": [9, 3, 3],
			"faces": {
				"north": {"uv": [10.25, 4, 10.75, 4.5], "texture": "#0"},
				"east": {"uv": [10.75, 4.5, 11, 5], "texture": "#0"},
				"south": {"uv": [10.25, 5.25, 10.75, 5.75], "texture": "#0"},
				"west": {"uv": [4.75, 10.75, 5, 11.25], "texture": "#0"},
				"up": {"uv": [5.5, 11, 5, 10.75], "texture": "#0"},
				"down": {"uv": [11.25, 5, 10.75, 5.25], "texture": "#0"}
			}
		},
		{
			"name": "voxel",
			"from": [9, 0, 12],
			"to": [10, 6, 13],
			"faces": {
				"north": {"uv": [5.5, 9, 5.75, 10.5], "texture": "#0"},
				"east": {"uv": [5.75, 9, 6, 10.5], "texture": "#0"},
				"south": {"uv": [6, 9, 6.25, 10.5], "texture": "#0"},
				"west": {"uv": [9, 8.5, 9.25, 10], "texture": "#0"},
				"up": {"uv": [7, 11.25, 6.75, 11], "texture": "#0"},
				"down": {"uv": [11.25, 6.75, 11, 7], "texture": "#0"}
			}
		},
		{
			"name": "voxel",
			"from": [6, 0, 12],
			"to": [7, 6, 13],
			"faces": {
				"north": {"uv": [2, 9.25, 2.25, 10.75], "texture": "#0"},
				"east": {"uv": [9.25, 2, 9.5, 3.5], "texture": "#0"},
				"south": {"uv": [2.25, 9.25, 2.5, 10.75], "texture": "#0"},
				"west": {"uv": [9.25, 8.5, 9.5, 10], "texture": "#0"},
				"up": {"uv": [7.25, 11.25, 7, 11], "texture": "#0"},
				"down": {"uv": [11.25, 7, 11, 7.25], "texture": "#0"}
			}
		},
		{
			"name": "voxel",
			"from": [12, 0, 4],
			"to": [13, 2, 9],
			"faces": {
				"north": {"uv": [10.75, 5.25, 11, 5.75], "texture": "#0"},
				"east": {"uv": [7, 7, 8.25, 7.5], "texture": "#0"},
				"south": {"uv": [5.5, 10.75, 5.75, 11.25], "texture": "#0"},
				"west": {"uv": [7.5, 5.25, 8.75, 5.75], "texture": "#0"},
				"up": {"uv": [7.25, 11, 7, 9.75], "texture": "#0"},
				"down": {"uv": [7.5, 9.75, 7.25, 11], "texture": "#0"}
			}
		},
		{
			"name": "voxel",
			"from": [3, 0, 4],
			"to": [4, 2, 9],
			"faces": {
				"north": {"uv": [5.75, 10.75, 6, 11.25], "texture": "#0"},
				"east": {"uv": [7.5, 5.75, 8.75, 6.25], "texture": "#0"},
				"south": {"uv": [6.25, 10.75, 6.5, 11.25], "texture": "#0"},
				"west": {"uv": [7.5, 6.25, 8.75, 6.75], "texture": "#0"},
				"up": {"uv": [10, 8.75, 9.75, 7.5], "texture": "#0"},
				"down": {"uv": [10, 8.75, 9.75, 10], "texture": "#0"}
			}
		},
		{
			"name": "voxel",
			"from": [11, 0, 3],
			"to": [12, 2, 12],
			"faces": {
				"north": {"uv": [6.5, 10.75, 6.75, 11.25], "texture": "#0"},
				"east": {"uv": [6.5, 4.25, 8.75, 4.75], "texture": "#0"},
				"south": {"uv": [10.75, 6.5, 11, 7], "texture": "#0"},
				"west": {"uv": [7, 2, 9.25, 2.5], "texture": "#0"},
				"up": {"uv": [0.75, 10, 0.5, 7.75], "texture": "#0"},
				"down": {"uv": [1, 7.75, 0.75, 10], "texture": "#0"}
			}
		},
		{
			"name": "voxel",
			"from": [7, 0, 3],
			"to": [9, 7, 13],
			"faces": {
				"north": {"uv": [3.5, 7, 4, 8.75], "texture": "#0"},
				"east": {"uv": [0, 0, 2.5, 1.75], "texture": "#0"},
				"south": {"uv": [7, 5.25, 7.5, 7], "texture": "#0"},
				"west": {"uv": [0, 1.75, 2.5, 3.5], "texture": "#0"},
				"up": {"uv": [1.5, 8.75, 1, 6.25], "texture": "#0"},
				"down": {"uv": [2, 6.25, 1.5, 8.75], "texture": "#0"}
			}
		},
		{
			"name": "voxel",
			"from": [4, 0, 3],
			"to": [5, 2, 12],
			"faces": {
				"north": {"uv": [7.5, 10.75, 7.75, 11.25], "texture": "#0"},
				"east": {"uv": [7, 2.5, 9.25, 3], "texture": "#0"},
				"south": {"uv": [7.75, 10.75, 8, 11.25], "texture": "#0"},
				"west": {"uv": [7, 3, 9.25, 3.5], "texture": "#0"},
				"up": {"uv": [7.75, 10.75, 7.5, 8.5], "texture": "#0"},
				"down": {"uv": [8, 8.5, 7.75, 10.75], "texture": "#0"}
			}
		},
		{
			"name": "voxel",
			"from": [9, 0, 2],
			"to": [11, 2, 12],
			"faces": {
				"north": {"uv": [6.25, 10.25, 6.75, 10.75], "texture": "#0"},
				"east": {"uv": [6.5, 0, 9, 0.5], "texture": "#0"},
				"south": {"uv": [10.25, 8, 10.75, 8.5], "texture": "#0"},
				"west": {"uv": [6.5, 0.5, 9, 1], "texture": "#0"},
				"up": {"uv": [4.5, 8.75, 4, 6.25], "texture": "#0"},
				"down": {"uv": [5, 6.25, 4.5, 8.75], "texture": "#0"}
			}
		},
		{
			"name": "voxel",
			"from": [5, 0, 2],
			"to": [7, 2, 12],
			"faces": {
				"north": {"uv": [10.25, 8.5, 10.75, 9], "texture": "#0"},
				"east": {"uv": [6.5, 1, 9, 1.5], "texture": "#0"},
				"south": {"uv": [10.25, 10, 10.75, 10.5], "texture": "#0"},
				"west": {"uv": [6.5, 1.5, 9, 2], "texture": "#0"},
				"up": {"uv": [5.5, 8.75, 5, 6.25], "texture": "#0"},
				"down": {"uv": [6, 6.25, 5.5, 8.75], "texture": "#0"}
			}
		}
	],
	"display": {
		"head": {
			"translation": [0, 7.25, 0],
			"scale": [1.8, 1.8, 1.8]
		}
	},
	"groups": [
		{
			"name": "voxel_file",
			"origin": [8, 8, 8],
			"color": 0,
			"children": [0, 1, 2, 3, 4, 5, 6, 7, 8, 9, 10, 11, 12, 13, 14, 15, 16, 17, 18, 19, 20, 21, 22, 23, 24, 25, 26, 27, 28, 29, 30, 31, 32, 33, 34, 35, 36, 37, 38, 39, 40, 41, 42, 43]
		}
	]
}