{
	"credit": "Made with Blockbench",
	"textures": {
		"0": "gc/sp/100",
		"particle": "gc/sp/100"
	},
	"elements": [
		{
			"from": [0, 0, 0],
			"to": [30, 3, 1],
			"faces": {
				"north": {"uv": [0, 14.4, 16, 16], "texture": "#0"}
			}
		}
	],
	"gui_light": "front",
	"display": {
		"thirdperson_righthand": {
			"scale": [0, 0, 0]
		},
		"thirdperson_lefthand": {
			"scale": [0, 0, 0]
		},
		"firstperson_righthand": {
			"scale": [0, 0, 0]
		},
		"firstperson_lefthand": {
			"scale": [0, 0, 0]
		},
		"ground": {
			"scale": [0, 0, 0]
		},
		"gui": {
			"rotation": [0, -180, 0],
			"translation": [-51.5, 49, 0],
			"scale": [2.7, 2.7, 2.7]
		}
	}
}