{
	"credit": "Made with Blockbench",
	"textures": {
		"0": "item/basketball",
		"particle": "item/basketball"
	},
	"elements": [
		{
			"from": [4, 0, 7],
			"to": [9, 5, 12],
			"faces": {
				"north": {"uv": [0, 0, 16, 16], "texture": "#0"},
				"east": {"uv": [0, 0, 16, 16], "texture": "#0"},
				"south": {"uv": [0, 0, 16, 16], "texture": "#0"},
				"west": {"uv": [0, 0, 16, 16], "texture": "#0"},
				"up": {"uv": [0, 0, 16, 16], "texture": "#0"},
				"down": {"uv": [0, 0, 16, 16], "texture": "#0"}
			}
		}
	],
	"display": {
		"head": {
			"translation": [3, -40, -3],
			"scale": [2, 2, 2]
		}
	}
}