{
  "parent": "minecraft:block/button",
  "textures": {
    "layer0": "minecraft:block/oak_button"
  },
    "overrides": [
		{ "predicate": { "custom_model_data": 1 }, "model": "minecraft:armor/white"},
		{ "predicate": { "custom_model_data": 2 }, "model": "minecraft:armor/red"},
		{ "predicate": { "custom_model_data": 3 }, "model": "minecraft:armor/blue"},
		{ "predicate": { "custom_model_data": 4 }, "model": "minecraft:armor/green"},
		{ "predicate": { "custom_model_data": 5 }, "model": "minecraft:armor/yellow"},
		{ "predicate": { "custom_model_data": 6 }, "model": "minecraft:armor/invisible"}
    ]
}