{
	"credit": "Made with Blockbench",
	"textures": {
		"0": "gc/ui/particle",
		"particle": "gc/ui/particle"
	},
	"elements": [
		{
			"from": [0, 0, 0],
			"to": [16, 16, 1],
			"faces": {
				"north": {"uv": [0, 0, 16, 16], "texture": "#0"}
			}
		}
	],
	"gui_light": "front",
	"display": {
		"thirdperson_righthand": {
			"scale": [0, 0, 0]
		},
		"thirdperson_lefthand": {
			"scale": [0, 0, 0]
		},
		"firstperson_righthand": {
			"rotation": [0, -180, 0],
			"translation": [-8.9, -1.25, -15.75],
			"scale": [0.25, 0.25, 0.5]
		},
		"firstperson_lefthand": {
			"rotation": [0, -180, 0],
			"translation": [-8.9, -2.75, -15.75],
			"scale": [0.25, 0.25, 0.5]
		},
		"gui": {
			"rotation": [0, -180, 0]
		},
		"head": {
			"scale": [0, 0, 0]
		}
	}
}