{
	"credit": "Made with Blockbench",
	"texture_size": [32, 32],
	"textures": {
		"0": "gc/guns/bowcaster",
		"particle": "gc/guns/bowcaster"
	},
	"elements": [
		{
			"from": [7, 1, -2],
			"to": [8, 3, -1],
			"rotation": {"angle": 0, "axis": "y", "origin": [0, 0, 16]},
			"faces": {
				"north": {"uv": [6.5, 9.5, 6, 10.5], "texture": "#0"},
				"east": {"uv": [10, 5.5, 9.5, 6.5], "texture": "#0"},
				"south": {"uv": [9, 1, 8.5, 2], "texture": "#0"},
				"west": {"uv": [7, 9.5, 6.5, 10.5], "texture": "#0"},
				"up": {"uv": [4.5, 10.5, 4, 11], "texture": "#0"},
				"down": {"uv": [5.5, 11, 5, 10.5], "texture": "#0"}
			}
		},
		{
			"from": [5, 2, -1],
			"to": [10, 3, 0],
			"rotation": {"angle": 0, "axis": "y", "origin": [0, 0, 16]},
			"faces": {
				"north": {"uv": [9, 5.5, 6.5, 6], "texture": "#0"},
				"east": {"uv": [8.5, 10.5, 8, 11], "texture": "#0"},
				"south": {"uv": [9, 5, 6.5, 5.5], "texture": "#0"},
				"west": {"uv": [9, 10.5, 8.5, 11], "texture": "#0"},
				"up": {"uv": [9, 6, 6.5, 6.5], "texture": "#0"},
				"down": {"uv": [9, 7, 6.5, 6.5], "texture": "#0"}
			}
		},
		{
			"from": [10, 2, 0],
			"to": [12, 3, 1],
			"rotation": {"angle": 0, "axis": "y", "origin": [0, 0, 16]},
			"faces": {
				"north": {"uv": [11, 0, 10, 0.5], "texture": "#0"},
				"east": {"uv": [9.5, 10.5, 9, 11], "texture": "#0"},
				"south": {"uv": [10.5, 6.5, 9.5, 7], "texture": "#0"},
				"west": {"uv": [10, 10.5, 9.5, 11], "texture": "#0"},
				"up": {"uv": [11, 0.5, 10, 1], "texture": "#0"},
				"down": {"uv": [11, 1.5, 10, 1], "texture": "#0"}
			}
		},
		{
			"from": [12, 2, 1],
			"to": [14, 3, 2],
			"rotation": {"angle": 0, "axis": "y", "origin": [0, 0, 16]},
			"faces": {
				"north": {"uv": [11, 2, 10, 2.5], "texture": "#0"},
				"east": {"uv": [11, 10, 10.5, 10.5], "texture": "#0"},
				"south": {"uv": [11, 1.5, 10, 2], "texture": "#0"},
				"west": {"uv": [11, 10.5, 10.5, 11], "texture": "#0"},
				"up": {"uv": [11, 2.5, 10, 3], "texture": "#0"},
				"down": {"uv": [11, 4.5, 10, 4], "texture": "#0"}
			}
		},
		{
			"from": [14, 1.5, 0.5],
			"to": [16, 3.5, 2.5],
			"rotation": {"angle": 0, "axis": "y", "origin": [0, 0, 16]},
			"faces": {
				"north": {"uv": [1, 7.5, 0, 8.5], "texture": "#0"},
				"east": {"uv": [7.5, 7, 6.5, 8], "texture": "#0"},
				"south": {"uv": [6.5, 7, 5.5, 8], "texture": "#0"},
				"west": {"uv": [8.5, 1, 7.5, 2], "texture": "#0"},
				"up": {"uv": [8.5, 7, 7.5, 8], "texture": "#0"},
				"down": {"uv": [3, 9, 2, 8], "texture": "#0"}
			}
		},
		{
			"from": [3, 2, 0],
			"to": [5, 3, 1],
			"rotation": {"angle": 0, "axis": "y", "origin": [0, 0, 16]},
			"faces": {
				"north": {"uv": [11, 8.5, 10, 9], "texture": "#0"},
				"east": {"uv": [11.5, 1, 11, 1.5], "texture": "#0"},
				"south": {"uv": [11, 8, 10, 8.5], "texture": "#0"},
				"west": {"uv": [2, 11, 1.5, 11.5], "texture": "#0"},
				"up": {"uv": [11, 9, 10, 9.5], "texture": "#0"},
				"down": {"uv": [11, 10, 10, 9.5], "texture": "#0"}
			}
		},
		{
			"from": [1, 2, 1],
			"to": [3, 3, 2],
			"rotation": {"angle": 0, "axis": "y", "origin": [0, 0, 16]},
			"faces": {
				"north": {"uv": [11, 5.5, 10, 6], "texture": "#0"},
				"east": {"uv": [11.5, 0, 11, 0.5], "texture": "#0"},
				"south": {"uv": [11, 4.5, 10, 5], "texture": "#0"},
				"west": {"uv": [11.5, 0.5, 11, 1], "texture": "#0"},
				"up": {"uv": [11, 6, 10, 6.5], "texture": "#0"},
				"down": {"uv": [11, 8, 10, 7.5], "texture": "#0"}
			}
		},
		{
			"from": [-1, 1.5, 0.5],
			"to": [1, 3.5, 2.5],
			"rotation": {"angle": 0, "axis": "y", "origin": [0, 0, 16]},
			"faces": {
				"north": {"uv": [9, 3, 8, 4], "texture": "#0"},
				"east": {"uv": [4, 8, 3, 9], "texture": "#0"},
				"south": {"uv": [9, 2, 8, 3], "texture": "#0"},
				"west": {"uv": [6.5, 8, 5.5, 9], "texture": "#0"},
				"up": {"uv": [7.5, 8, 6.5, 9], "texture": "#0"},
				"down": {"uv": [8.5, 9, 7.5, 8], "texture": "#0"}
			}
		},
		{
			"from": [7, 3, -4],
			"to": [8, 4, 6],
			"rotation": {"angle": 0, "axis": "y", "origin": [0, 0, 16]},
			"faces": {
				"north": {"uv": [7, 10.5, 6.5, 11], "texture": "#0"},
				"east": {"uv": [7, 0, 2, 0.5], "texture": "#0"},
				"south": {"uv": [6.5, 10.5, 6, 11], "texture": "#0"},
				"west": {"uv": [7, 0.5, 2, 1], "texture": "#0"},
				"up": {"uv": [2.5, 1, 2, 6], "texture": "#0"},
				"down": {"uv": [3, 6, 2.5, 1], "texture": "#0"}
			}
		},
		{
			"from": [7, 4, -3],
			"to": [8, 6, -2],
			"rotation": {"angle": 0, "axis": "y", "origin": [0, 0, 16]},
			"faces": {
				"north": {"uv": [10, 8.5, 9.5, 9.5], "texture": "#0"},
				"east": {"uv": [9, 9.5, 8.5, 10.5], "texture": "#0"},
				"south": {"uv": [8.5, 9.5, 8, 10.5], "texture": "#0"},
				"west": {"uv": [10, 9.5, 9.5, 10.5], "texture": "#0"},
				"up": {"uv": [11, 7, 10.5, 7.5], "texture": "#0"},
				"down": {"uv": [8, 11, 7.5, 10.5], "texture": "#0"}
			}
		},
		{
			"from": [7, 1, -1],
			"to": [8, 2, 3],
			"rotation": {"angle": 0, "axis": "y", "origin": [0, 0, 16]},
			"faces": {
				"north": {"uv": [7.5, 10.5, 7, 11], "texture": "#0"},
				"east": {"uv": [9, 0, 7, 0.5], "texture": "#0"},
				"south": {"uv": [11, 6.5, 10.5, 7], "texture": "#0"},
				"west": {"uv": [9, 0.5, 7, 1], "texture": "#0"},
				"up": {"uv": [2.5, 6, 2, 8], "texture": "#0"},
				"down": {"uv": [3, 8, 2.5, 6], "texture": "#0"}
			}
		},
		{
			"from": [7, 0, 3],
			"to": [8, 1, 6],
			"rotation": {"angle": 0, "axis": "y", "origin": [0, 0, 16]},
			"faces": {
				"north": {"uv": [2, 10.5, 1.5, 11], "texture": "#0"},
				"east": {"uv": [10, 4, 8.5, 4.5], "texture": "#0"},
				"south": {"uv": [4, 7.5, 3.5, 8], "texture": "#0"},
				"west": {"uv": [10, 4.5, 8.5, 5], "texture": "#0"},
				"up": {"uv": [3.5, 9, 3, 10.5], "texture": "#0"},
				"down": {"uv": [4, 10.5, 3.5, 9], "texture": "#0"}
			}
		},
		{
			"from": [7, 0, 6],
			"to": [8, 4, 8],
			"rotation": {"angle": 0, "axis": "y", "origin": [0, 0, 16]},
			"faces": {
				"north": {"uv": [5.5, 7, 5, 9], "texture": "#0"},
				"east": {"uv": [2, 3, 1, 5], "texture": "#0"},
				"south": {"uv": [4.5, 7, 4, 9], "texture": "#0"},
				"west": {"uv": [4, 2, 3, 4], "texture": "#0"},
				"up": {"uv": [8, 9.5, 7.5, 10.5], "texture": "#0"},
				"down": {"uv": [10, 8.5, 9.5, 7.5], "texture": "#0"}
			}
		},
		{
			"from": [7, 1, 8],
			"to": [8, 4, 12],
			"rotation": {"angle": 0, "axis": "y", "origin": [0, 0, 16]},
			"faces": {
				"north": {"uv": [5.5, 9, 5, 10.5], "texture": "#0"},
				"east": {"uv": [2, 0, 0, 1.5], "texture": "#0"},
				"south": {"uv": [4.5, 9, 4, 10.5], "texture": "#0"},
				"west": {"uv": [2, 1.5, 0, 3], "texture": "#0"},
				"up": {"uv": [5, 7.5, 4.5, 9.5], "texture": "#0"},
				"down": {"uv": [0.5, 10.5, 0, 8.5], "texture": "#0"}
			}
		},
		{
			"from": [6, 4, 9],
			"to": [9, 5, 11],
			"rotation": {"angle": 0, "axis": "y", "origin": [0, 0, 16]},
			"faces": {
				"north": {"uv": [11, 3.5, 9.5, 4], "texture": "#0"},
				"east": {"uv": [4, 10.5, 3, 11], "texture": "#0"},
				"south": {"uv": [11, 3, 9.5, 3.5], "texture": "#0"},
				"west": {"uv": [11.5, 5, 10.5, 5.5], "texture": "#0"},
				"up": {"uv": [6.5, 5, 5, 6], "texture": "#0"},
				"down": {"uv": [6.5, 7, 5, 6], "texture": "#0"}
			}
		},
		{
			"from": [7, 2, 12],
			"to": [8, 3, 21],
			"rotation": {"angle": 0, "axis": "y", "origin": [0, 0, 16]},
			"faces": {
				"north": {"uv": [4, 11, 3.5, 11.5], "texture": "#0"},
				"east": {"uv": [7.5, 1, 3, 1.5], "texture": "#0"},
				"south": {"uv": [11.5, 3, 11, 3.5], "texture": "#0"},
				"west": {"uv": [7.5, 1.5, 3, 2], "texture": "#0"},
				"up": {"uv": [0.5, 3, 0, 7.5], "texture": "#0"},
				"down": {"uv": [1, 7.5, 0.5, 3], "texture": "#0"}
			}
		},
		{
			"from": [7, -1, 20],
			"to": [8, 2, 21],
			"rotation": {"angle": 0, "axis": "y", "origin": [0, 0, 16]},
			"faces": {
				"north": {"uv": [2, 9, 1.5, 10.5], "texture": "#0"},
				"east": {"uv": [1.5, 9, 1, 10.5], "texture": "#0"},
				"south": {"uv": [1, 9, 0.5, 10.5], "texture": "#0"},
				"west": {"uv": [9, 7.5, 8.5, 9], "texture": "#0"},
				"up": {"uv": [11.5, 3.5, 11, 4], "texture": "#0"},
				"down": {"uv": [4.5, 11.5, 4, 11], "texture": "#0"}
			}
		},
		{
			"from": [7, -1, 17],
			"to": [8, 0, 20],
			"rotation": {"angle": 0, "axis": "y", "origin": [0, 0, 16]},
			"faces": {
				"north": {"uv": [5, 11, 4.5, 11.5], "texture": "#0"},
				"east": {"uv": [10.5, 5, 9, 5.5], "texture": "#0"},
				"south": {"uv": [11.5, 4, 11, 4.5], "texture": "#0"},
				"west": {"uv": [7, 9, 5.5, 9.5], "texture": "#0"},
				"up": {"uv": [9.5, 5.5, 9, 7], "texture": "#0"},
				"down": {"uv": [7.5, 10.5, 7, 9], "texture": "#0"}
			}
		},
		{
			"from": [7, 0, 14],
			"to": [8, 1, 17],
			"rotation": {"angle": 0, "axis": "y", "origin": [0, 0, 16]},
			"faces": {
				"north": {"uv": [5.5, 11, 5, 11.5], "texture": "#0"},
				"east": {"uv": [10.5, 7, 9, 7.5], "texture": "#0"},
				"south": {"uv": [11.5, 4.5, 11, 5], "texture": "#0"},
				"west": {"uv": [9, 9, 7.5, 9.5], "texture": "#0"},
				"up": {"uv": [9.5, 7.5, 9, 9], "texture": "#0"},
				"down": {"uv": [9.5, 10.5, 9, 9], "texture": "#0"}
			}
		},
		{
			"from": [7, -2, 13],
			"to": [8, 1, 14],
			"rotation": {"angle": 0, "axis": "y", "origin": [0, 0, 16]},
			"faces": {
				"north": {"uv": [5, 9.5, 4.5, 11], "texture": "#0"},
				"east": {"uv": [10, 1.5, 9.5, 3], "texture": "#0"},
				"south": {"uv": [10, 0, 9.5, 1.5], "texture": "#0"},
				"west": {"uv": [6, 9.5, 5.5, 11], "texture": "#0"},
				"up": {"uv": [6, 11, 5.5, 11.5], "texture": "#0"},
				"down": {"uv": [11.5, 6, 11, 5.5], "texture": "#0"}
			}
		},
		{
			"from": [7, -2, 12],
			"to": [8, 2, 13],
			"rotation": {"angle": 0, "axis": "y", "origin": [0, 0, 16]},
			"faces": {
				"north": {"uv": [9.5, 2, 9, 4], "texture": "#0"},
				"east": {"uv": [2.5, 9, 2, 11], "texture": "#0"},
				"south": {"uv": [9.5, 0, 9, 2], "texture": "#0"},
				"west": {"uv": [3, 9, 2.5, 11], "texture": "#0"},
				"up": {"uv": [6.5, 11, 6, 11.5], "texture": "#0"},
				"down": {"uv": [11.5, 6.5, 11, 6], "texture": "#0"}
			}
		},
		{
			"from": [7, -1, 11],
			"to": [8, 1, 12],
			"rotation": {"angle": 0, "axis": "y", "origin": [0, 0, 16]},
			"faces": {
				"north": {"uv": [1, 10.5, 0.5, 11.5], "texture": "#0"},
				"east": {"uv": [0.5, 10.5, 0, 11.5], "texture": "#0"},
				"south": {"uv": [10.5, 10, 10, 11], "texture": "#0"},
				"west": {"uv": [1.5, 10.5, 1, 11.5], "texture": "#0"},
				"up": {"uv": [7, 11, 6.5, 11.5], "texture": "#0"},
				"down": {"uv": [11.5, 7, 11, 6.5], "texture": "#0"}
			}
		},
		{
			"from": [7, 5, 6],
			"to": [8, 6, 14],
			"rotation": {"angle": 0, "axis": "y", "origin": [0, 0, 16]},
			"faces": {
				"north": {"uv": [2.5, 11, 2, 11.5], "texture": "#0"},
				"east": {"uv": [8, 2, 4, 2.5], "texture": "#0"},
				"south": {"uv": [11.5, 1.5, 11, 2], "texture": "#0"},
				"west": {"uv": [8, 2.5, 4, 3], "texture": "#0"},
				"up": {"uv": [3.5, 4, 3, 8], "texture": "#0"},
				"down": {"uv": [4.5, 7, 4, 3], "texture": "#0"}
			}
		},
		{
			"from": [9, 5, 7],
			"to": [10, 6, 14],
			"rotation": {"angle": 0, "axis": "y", "origin": [0, 0, 16]},
			"faces": {
				"north": {"uv": [3, 11, 2.5, 11.5], "texture": "#0"},
				"east": {"uv": [8, 3, 4.5, 3.5], "texture": "#0"},
				"south": {"uv": [11.5, 2, 11, 2.5], "texture": "#0"},
				"west": {"uv": [8, 3.5, 4.5, 4], "texture": "#0"},
				"up": {"uv": [4, 4, 3.5, 7.5], "texture": "#0"},
				"down": {"uv": [5, 7.5, 4.5, 4], "texture": "#0"}
			}
		},
		{
			"from": [5, 5, 7],
			"to": [6, 6, 14],
			"rotation": {"angle": 0, "axis": "y", "origin": [0, 0, 16]},
			"faces": {
				"north": {"uv": [3.5, 11, 3, 11.5], "texture": "#0"},
				"east": {"uv": [8.5, 4, 5, 4.5], "texture": "#0"},
				"south": {"uv": [11.5, 2.5, 11, 3], "texture": "#0"},
				"west": {"uv": [8.5, 4.5, 5, 5], "texture": "#0"},
				"up": {"uv": [1.5, 5, 1, 8.5], "texture": "#0"},
				"down": {"uv": [2, 8.5, 1.5, 5], "texture": "#0"}
			}
		}
	],
	"display": {
		"thirdperson_righthand": {
			"translation": [0.5, 7.25, -2.25]
		},
		"thirdperson_lefthand": {
			"translation": [-0.5, 7.25, -2.25]
		},
		"firstperson_righthand": {
			"translation": [2.5, 6.25, 0],
			"scale": [1, 1, 0.8]
		},
		"firstperson_lefthand": {
			"translation": [2.5, 6.25, 0],
			"scale": [1, 1, 0.8]
		},
		"gui": {
			"rotation": [29, 135, 0],
			"translation": [0.25, 3.5, 0],
			"scale": [0.7, 0.7, 0.7]
		}
	}
}