{
	"credit": "Made with Blockbench",
	"texture_size": [32, 32],
	"textures": {
		"0": "gc/guns/dh-17",
		"particle": "gc/guns/dh-17"
	},
	"elements": [
		{
			"from": [7, 3, 3],
			"to": [9, 5, 16],
			"faces": {
				"north": {"uv": [5, 5, 6, 6], "texture": "#0"},
				"east": {"uv": [0, 0, 6.5, 1], "texture": "#0"},
				"south": {"uv": [6, 2, 7, 3], "texture": "#0"},
				"west": {"uv": [0, 1, 6.5, 2], "texture": "#0"},
				"up": {"uv": [1, 8.5, 0, 2], "texture": "#0"},
				"down": {"uv": [2, 2, 1, 8.5], "texture": "#0"}
			}
		},
		{
			"from": [7.5, 4.5, 6],
			"to": [8.5, 5.5, 14],
			"faces": {
				"north": {"uv": [2.5, 7, 3, 7.5], "texture": "#0"},
				"east": {"uv": [2, 2, 6, 2.5], "texture": "#0"},
				"south": {"uv": [7, 2.5, 7.5, 3], "texture": "#0"},
				"west": {"uv": [2, 2.5, 6, 3], "texture": "#0"},
				"up": {"uv": [2.5, 7, 2, 3], "texture": "#0"},
				"down": {"uv": [3, 3, 2.5, 7], "texture": "#0"}
			}
		},
		{
			"from": [8, 5, 10],
			"to": [8, 6, 13],
			"faces": {
				"north": {"uv": [0, 0, 0, 0.5], "texture": "#0"},
				"east": {"uv": [5.5, 6, 7, 6.5], "texture": "#0"},
				"south": {"uv": [0, 0, 0, 0.5], "texture": "#0"},
				"west": {"uv": [6, 5.5, 7.5, 6], "texture": "#0"},
				"up": {"uv": [0, 1.5, 0, 0], "texture": "#0"},
				"down": {"uv": [0, 0, 0, 1.5], "texture": "#0"}
			}
		},
		{
			"from": [7.5, 6, 9],
			"to": [8.5, 7, 15],
			"faces": {
				"north": {"uv": [3, 7, 3.5, 7.5], "texture": "#0"},
				"east": {"uv": [3, 3, 6, 3.5], "texture": "#0"},
				"south": {"uv": [3.5, 7, 4, 7.5], "texture": "#0"},
				"west": {"uv": [3, 3.5, 6, 4], "texture": "#0"},
				"up": {"uv": [3.5, 7, 3, 4], "texture": "#0"},
				"down": {"uv": [4, 4, 3.5, 7], "texture": "#0"}
			}
		},
		{
			"from": [7.5, 1, 11],
			"to": [8.5, 2, 14],
			"faces": {
				"north": {"uv": [4, 7, 4.5, 7.5], "texture": "#0"},
				"east": {"uv": [6, 3, 7.5, 3.5], "texture": "#0"},
				"south": {"uv": [7, 4, 7.5, 4.5], "texture": "#0"},
				"west": {"uv": [6, 3.5, 7.5, 4], "texture": "#0"},
				"up": {"uv": [6.5, 5.5, 6, 4], "texture": "#0"},
				"down": {"uv": [5.5, 6, 5, 7.5], "texture": "#0"}
			}
		},
		{
			"from": [7.5, 2, 9],
			"to": [8.5, 3, 13],
			"faces": {
				"north": {"uv": [2, 7, 2.5, 7.5], "texture": "#0"},
				"east": {"uv": [4, 4, 6, 4.5], "texture": "#0"},
				"south": {"uv": [7, 2, 7.5, 2.5], "texture": "#0"},
				"west": {"uv": [4, 4.5, 6, 5], "texture": "#0"},
				"up": {"uv": [4.5, 7, 4, 5], "texture": "#0"},
				"down": {"uv": [5, 5, 4.5, 7], "texture": "#0"}
			}
		},
		{
			"from": [7.5, 3.5, 1],
			"to": [8.5, 4.5, 3],
			"faces": {
				"north": {"uv": [4.5, 7, 5, 7.5], "texture": "#0"},
				"east": {"uv": [6.5, 0, 7.5, 0.5], "texture": "#0"},
				"south": {"uv": [7, 4.5, 7.5, 5], "texture": "#0"},
				"west": {"uv": [6.5, 0.5, 7.5, 1], "texture": "#0"},
				"up": {"uv": [7, 2, 6.5, 1], "texture": "#0"},
				"down": {"uv": [7, 4, 6.5, 5], "texture": "#0"}
			}
		},
		{
			"from": [7.5, 0, 12],
			"to": [8.5, 1, 14],
			"faces": {
				"north": {"uv": [5.5, 7, 6, 7.5], "texture": "#0"},
				"east": {"uv": [6.5, 5, 7.5, 5.5], "texture": "#0"},
				"south": {"uv": [6, 7, 6.5, 7.5], "texture": "#0"},
				"west": {"uv": [5.5, 6.5, 6.5, 7], "texture": "#0"},
				"up": {"uv": [7, 7.5, 6.5, 6.5], "texture": "#0"},
				"down": {"uv": [7.5, 1, 7, 2], "texture": "#0"}
			}
		}
	],
	"display": {
		"thirdperson_righthand": {
			"translation": [0, 5.5, -2]
		},
		"thirdperson_lefthand": {
			"translation": [0, 5.5, -2]
		},
		"firstperson_righthand": {
			"translation": [0, 7, -0.25],
			"scale": [1, 1, 0.82]
		},
		"firstperson_lefthand": {
			"translation": [0, 7, -0.25],
			"scale": [1, 1, 0.82]
		},
		"ground": {
			"translation": [0, 4.75, 0]
		},
		"gui": {
			"rotation": [29, 135, 0],
			"translation": [-0.5, 2.5, 0]
		}
	}
}