{
	"credit": "Made with Blockbench",
	"textures": {
		"0": "gc/guns/dl44",
		"particle": "gc/guns/dl44"
	},
	"elements": [
		{
			"from": [7, 2, 6],
			"to": [8, 5, 8],
			"rotation": {"angle": 0, "axis": "y", "origin": [16, 0, 16]},
			"faces": {
				"north": {"uv": [8, 7, 9, 10], "texture": "#0"},
				"east": {"uv": [6, 4, 8, 7], "texture": "#0"},
				"south": {"uv": [8, 4, 9, 7], "texture": "#0"},
				"west": {"uv": [4, 4, 6, 7], "texture": "#0"},
				"up": {"uv": [7, 10, 8, 12], "texture": "#0"},
				"down": {"uv": [10, 9, 11, 7], "texture": "#0"}
			}
		},
		{
			"from": [7, 2, 8],
			"to": [8, 3, 9],
			"rotation": {"angle": 0, "axis": "y", "origin": [16, 0, 16]},
			"faces": {
				"north": {"uv": [7, 12, 8, 13], "texture": "#0"},
				"east": {"uv": [12, 7, 13, 8], "texture": "#0"},
				"south": {"uv": [12, 5, 13, 6], "texture": "#0"},
				"west": {"uv": [12, 6, 13, 7], "texture": "#0"},
				"up": {"uv": [12, 8, 13, 9], "texture": "#0"},
				"down": {"uv": [12, 10, 13, 9], "texture": "#0"}
			}
		},
		{
			"from": [7, 3, 9],
			"to": [8, 4, 10],
			"rotation": {"angle": 0, "axis": "y", "origin": [16, 0, 16]},
			"faces": {
				"north": {"uv": [11, 12, 12, 13], "texture": "#0"},
				"east": {"uv": [12, 11, 13, 12], "texture": "#0"},
				"south": {"uv": [10, 12, 11, 13], "texture": "#0"},
				"west": {"uv": [12, 10, 13, 11], "texture": "#0"},
				"up": {"uv": [12, 12, 13, 13], "texture": "#0"},
				"down": {"uv": [0, 14, 1, 13], "texture": "#0"}
			}
		},
		{
			"from": [7, 2, 10],
			"to": [8, 5, 12],
			"rotation": {"angle": 0, "axis": "y", "origin": [16, 0, 16]},
			"faces": {
				"north": {"uv": [9, 7, 10, 10], "texture": "#0"},
				"east": {"uv": [6, 7, 8, 10], "texture": "#0"},
				"south": {"uv": [9, 4, 10, 7], "texture": "#0"},
				"west": {"uv": [4, 7, 6, 10], "texture": "#0"},
				"up": {"uv": [11, 4, 12, 6], "texture": "#0"},
				"down": {"uv": [11, 8, 12, 6], "texture": "#0"}
			}
		},
		{
			"from": [7, 4, 12],
			"to": [8, 5, 13],
			"rotation": {"angle": 0, "axis": "y", "origin": [16, 0, 16]},
			"faces": {
				"north": {"uv": [13, 5, 14, 6], "texture": "#0"},
				"east": {"uv": [6, 13, 7, 14], "texture": "#0"},
				"south": {"uv": [13, 4, 14, 5], "texture": "#0"},
				"west": {"uv": [5, 13, 6, 14], "texture": "#0"},
				"up": {"uv": [13, 6, 14, 7], "texture": "#0"},
				"down": {"uv": [7, 14, 8, 13], "texture": "#0"}
			}
		},
		{
			"from": [7, 0, 12],
			"to": [8, 3, 13],
			"rotation": {"angle": 0, "axis": "y", "origin": [16, 0, 16]},
			"faces": {
				"north": {"uv": [5, 10, 6, 13], "texture": "#0"},
				"east": {"uv": [6, 10, 7, 13], "texture": "#0"},
				"south": {"uv": [4, 10, 5, 13], "texture": "#0"},
				"west": {"uv": [10, 4, 11, 7], "texture": "#0"},
				"up": {"uv": [13, 1, 14, 2], "texture": "#0"},
				"down": {"uv": [13, 3, 14, 2], "texture": "#0"}
			}
		},
		{
			"from": [7, 0, 11],
			"to": [8, 2, 12],
			"rotation": {"angle": 0, "axis": "y", "origin": [16, 0, 16]},
			"faces": {
				"north": {"uv": [11, 10, 12, 12], "texture": "#0"},
				"east": {"uv": [12, 0, 13, 2], "texture": "#0"},
				"south": {"uv": [8, 11, 9, 13], "texture": "#0"},
				"west": {"uv": [9, 11, 10, 13], "texture": "#0"},
				"up": {"uv": [13, 3, 14, 4], "texture": "#0"},
				"down": {"uv": [4, 14, 5, 13], "texture": "#0"}
			}
		},
		{
			"from": [7, 4, 8],
			"to": [8, 5, 10],
			"rotation": {"angle": 0, "axis": "y", "origin": [16, 0, 16]},
			"faces": {
				"north": {"uv": [12, 2, 13, 3], "texture": "#0"},
				"east": {"uv": [10, 9, 12, 10], "texture": "#0"},
				"south": {"uv": [11, 8, 12, 9], "texture": "#0"},
				"west": {"uv": [8, 10, 10, 11], "texture": "#0"},
				"up": {"uv": [10, 10, 11, 12], "texture": "#0"},
				"down": {"uv": [11, 2, 12, 0], "texture": "#0"}
			}
		},
		{
			"from": [7, 5, 3],
			"to": [8, 6, 12],
			"rotation": {"angle": 0, "axis": "y", "origin": [16, 0, 16]},
			"faces": {
				"north": {"uv": [12, 4, 13, 5], "texture": "#0"},
				"east": {"uv": [0, 1, 9, 2], "texture": "#0"},
				"south": {"uv": [12, 3, 13, 4], "texture": "#0"},
				"west": {"uv": [2, 0, 11, 1], "texture": "#0"},
				"up": {"uv": [0, 4, 1, 13], "texture": "#0"},
				"down": {"uv": [1, 13, 2, 4], "texture": "#0"}
			}
		},
		{
			"from": [6.5, 4.5, 0],
			"to": [8.5, 6.5, 3],
			"rotation": {"angle": 0, "axis": "y", "origin": [16, 0, 16]},
			"faces": {
				"north": {"uv": [12, 4, 13, 5], "texture": "#0"},
				"east": {"uv": [8, 1, 11, 2], "texture": "#0"},
				"south": {"uv": [12, 3, 13, 4], "texture": "#0"},
				"west": {"uv": [0, 0, 3, 1], "texture": "#0"},
				"up": {"uv": [0, 2, 1, 5], "texture": "#0"},
				"down": {"uv": [1, 5, 2, 2], "texture": "#0"}
			}
		},
		{
			"from": [8, 6, 4],
			"to": [9, 7, 14],
			"rotation": {"angle": 0, "axis": "y", "origin": [16, 0, 16]},
			"faces": {
				"north": {"uv": [1, 13, 2, 14], "texture": "#0"},
				"east": {"uv": [2, 3, 12, 4], "texture": "#0"},
				"south": {"uv": [13, 0, 14, 1], "texture": "#0"},
				"west": {"uv": [2, 2, 12, 3], "texture": "#0"},
				"up": {"uv": [2, 4, 3, 14], "texture": "#0"},
				"down": {"uv": [3, 14, 4, 4], "texture": "#0"}
			}
		}
	],
	"display": {
		"thirdperson_righthand": {
			"translation": [0, 5.5, -1]
		},
		"thirdperson_lefthand": {
			"translation": [0, 5.5, -1]
		},
		"firstperson_righthand": {
			"translation": [-0.5, 7, 1],
			"scale": [1, 1, 0.9]
		},
		"firstperson_lefthand": {
			"translation": [-0.5, 7, 1],
			"scale": [1, 1, 0.9]
		},
		"gui": {
			"rotation": [29, 135, 0],
			"translation": [0, 2.75, 0],
			"scale": [1.2, 1.2, 1.2]
		}
	}
}