{
	"credit": "Made with Blockbench",
	"textures": {
		"0": "gc/guns/dt-12",
		"particle": "gc/guns/dt-12"
	},
	"elements": [
		{
			"from": [7, 5, 4],
			"to": [8, 6, 14],
			"rotation": {"angle": 0, "axis": "y", "origin": [16, 0, 16]},
			"faces": {
				"north": {"uv": [12, 6, 13, 7], "texture": "#0"},
				"east": {"uv": [0, 0, 10, 1], "texture": "#0"},
				"south": {"uv": [12, 7, 13, 8], "texture": "#0"},
				"west": {"uv": [0, 1, 10, 2], "texture": "#0"},
				"up": {"uv": [1, 12, 0, 2], "texture": "#0"},
				"down": {"uv": [2, 2, 1, 12], "texture": "#0"}
			}
		},
		{
			"from": [6.5, 4.5, 1],
			"to": [8.5, 6.5, 4],
			"rotation": {"angle": 0, "axis": "y", "origin": [16, 0, 16]},
			"faces": {
				"north": {"uv": [6, 10, 8, 12], "texture": "#0"},
				"east": {"uv": [8, 6, 11, 8], "texture": "#0"},
				"south": {"uv": [8, 10, 10, 12], "texture": "#0"},
				"west": {"uv": [7, 8, 10, 10], "texture": "#0"},
				"up": {"uv": [12, 3, 10, 0], "texture": "#0"},
				"down": {"uv": [6, 10, 4, 13], "texture": "#0"}
			}
		},
		{
			"from": [7, 4, 6],
			"to": [8, 5, 14],
			"rotation": {"angle": 0, "axis": "y", "origin": [16, 0, 16]},
			"faces": {
				"north": {"uv": [8, 12, 9, 13], "texture": "#0"},
				"east": {"uv": [2, 2, 10, 3], "texture": "#0"},
				"south": {"uv": [9, 12, 10, 13], "texture": "#0"},
				"west": {"uv": [2, 3, 10, 4], "texture": "#0"},
				"up": {"uv": [3, 12, 2, 4], "texture": "#0"},
				"down": {"uv": [4, 4, 3, 12], "texture": "#0"}
			}
		},
		{
			"from": [7, 3, 8],
			"to": [8, 4, 12],
			"rotation": {"angle": 0, "axis": "y", "origin": [16, 0, 16]},
			"faces": {
				"north": {"uv": [12, 11, 13, 12], "texture": "#0"},
				"east": {"uv": [10, 3, 14, 4], "texture": "#0"},
				"south": {"uv": [12, 12, 13, 13], "texture": "#0"},
				"west": {"uv": [10, 8, 14, 9], "texture": "#0"},
				"up": {"uv": [11, 13, 10, 9], "texture": "#0"},
				"down": {"uv": [12, 4, 11, 8], "texture": "#0"}
			}
		},
		{
			"from": [6.5, 4.5, 8],
			"to": [8.5, 5.5, 12],
			"rotation": {"angle": 0, "axis": "y", "origin": [16, 0, 16]},
			"faces": {
				"north": {"uv": [12, 2, 14, 3], "texture": "#0"},
				"east": {"uv": [12, 0, 16, 1], "texture": "#0"},
				"south": {"uv": [6, 12, 8, 13], "texture": "#0"},
				"west": {"uv": [12, 1, 16, 2], "texture": "#0"},
				"up": {"uv": [6, 8, 4, 4], "texture": "#0"},
				"down": {"uv": [8, 4, 6, 8], "texture": "#0"}
			}
		},
		{
			"from": [7, 2, 9],
			"to": [8, 3, 13],
			"rotation": {"angle": 0, "axis": "y", "origin": [16, 0, 16]},
			"faces": {
				"north": {"uv": [4, 13, 5, 14], "texture": "#0"},
				"east": {"uv": [11, 9, 15, 10], "texture": "#0"},
				"south": {"uv": [13, 4, 14, 5], "texture": "#0"},
				"west": {"uv": [11, 10, 15, 11], "texture": "#0"},
				"up": {"uv": [12, 15, 11, 11], "texture": "#0"},
				"down": {"uv": [1, 12, 0, 16], "texture": "#0"}
			}
		},
		{
			"from": [7, 0, 10],
			"to": [8, 2, 13],
			"rotation": {"angle": 0, "axis": "y", "origin": [16, 0, 16]},
			"faces": {
				"north": {"uv": [3, 12, 4, 14], "texture": "#0"},
				"east": {"uv": [4, 8, 7, 10], "texture": "#0"},
				"south": {"uv": [12, 4, 13, 6], "texture": "#0"},
				"west": {"uv": [8, 4, 11, 6], "texture": "#0"},
				"up": {"uv": [2, 15, 1, 12], "texture": "#0"},
				"down": {"uv": [3, 12, 2, 15], "texture": "#0"}
			}
		}
	],
	"display": {
		"thirdperson_righthand": {
			"translation": [0.5, 4.75, -1]
		},
		"thirdperson_lefthand": {
			"translation": [0.5, 4.75, -1]
		},
		"firstperson_righthand": {
			"translation": [-0.5, 7, 1],
			"scale": [1, 1, 0.81]
		},
		"firstperson_lefthand": {
			"translation": [-0.5, 7, 1],
			"scale": [1, 1, 0.81]
		},
		"ground": {
			"translation": [0, 5.5, 0]
		},
		"gui": {
			"rotation": [29, 135, 0],
			"translation": [0, 2.75, 0],
			"scale": [1.2, 1.2, 1.2]
		}
	}
}