{
	"credit": "Made with Blockbench",
	"textures": {
		"0": "gc/guns/e11",
		"particle": "gc/guns/e11"
	},
	"elements": [
		{
			"from": [7, 3, 1],
			"to": [9, 5, 16],
			"faces": {
				"north": {"uv": [0, 10, 2, 12], "texture": "#0"},
				"east": {"uv": [0, 2, 15, 4], "texture": "#0"},
				"south": {"uv": [2, 10, 4, 12], "texture": "#0"},
				"west": {"uv": [0, 0, 15, 2], "texture": "#0"},
				"up": {"uv": [15, 6, 0, 4], "rotation": 270, "texture": "#0"},
				"down": {"uv": [15, 6, 0, 8], "rotation": 90, "texture": "#0"}
			}
		},
		{
			"from": [7.5, 4.5, 8],
			"to": [8.5, 5.5, 14],
			"faces": {
				"north": {"uv": [14, 12, 15, 13], "texture": "#0"},
				"east": {"uv": [6, 8, 12, 9], "texture": "#0"},
				"south": {"uv": [14, 13, 15, 14], "texture": "#0"},
				"west": {"uv": [0, 8, 6, 9], "texture": "#0"},
				"up": {"uv": [6, 10, 0, 9], "rotation": 270, "texture": "#0"},
				"down": {"uv": [12, 9, 6, 10], "rotation": 90, "texture": "#0"}
			}
		},
		{
			"from": [7.5, 5.5, 10],
			"to": [8.5, 6.5, 13],
			"faces": {
				"north": {"uv": [14, 14, 15, 15], "texture": "#0"},
				"east": {"uv": [12, 8, 15, 9], "texture": "#0"},
				"south": {"uv": [0, 15, 1, 16], "texture": "#0"},
				"west": {"uv": [8, 12, 11, 13], "texture": "#0"},
				"up": {"uv": [15, 10, 12, 9], "rotation": 270, "texture": "#0"},
				"down": {"uv": [15, 10, 12, 11], "rotation": 90, "texture": "#0"}
			}
		},
		{
			"from": [7.5, 2, 8],
			"to": [8.5, 3, 11],
			"faces": {
				"north": {"uv": [15, 0, 16, 1], "texture": "#0"},
				"east": {"uv": [12, 11, 15, 12], "texture": "#0"},
				"south": {"uv": [1, 15, 2, 16], "texture": "#0"},
				"west": {"uv": [11, 12, 14, 13], "texture": "#0"},
				"up": {"uv": [11, 14, 8, 13], "rotation": 270, "texture": "#0"},
				"down": {"uv": [14, 13, 11, 14], "rotation": 90, "texture": "#0"}
			}
		},
		{
			"from": [7.5, 2, 0],
			"to": [8.5, 3, 4],
			"faces": {
				"north": {"uv": [15, 1, 16, 2], "texture": "#0"},
				"east": {"uv": [8, 10, 12, 11], "texture": "#0"},
				"south": {"uv": [2, 15, 3, 16], "texture": "#0"},
				"west": {"uv": [4, 10, 8, 11], "texture": "#0"},
				"up": {"uv": [8, 12, 4, 11], "rotation": 270, "texture": "#0"},
				"down": {"uv": [12, 11, 8, 12], "rotation": 90, "texture": "#0"}
			}
		},
		{
			"from": [7.5, 5, 2],
			"to": [8.5, 6, 2],
			"faces": {
				"north": {"uv": [15, 2, 16, 3], "texture": "#0"},
				"east": {"uv": [0, 0, 0, 1], "texture": "#0"},
				"south": {"uv": [3, 15, 4, 16], "texture": "#0"},
				"west": {"uv": [0, 0, 0, 1], "texture": "#0"},
				"up": {"uv": [0, 1, 0, 0], "rotation": 270, "texture": "#0"},
				"down": {"uv": [0, 0, 0, 1], "rotation": 90, "texture": "#0"}
			}
		},
		{
			"from": [5, 3, 7],
			"to": [7, 4, 9],
			"faces": {
				"north": {"uv": [2, 14, 4, 15], "texture": "#0"},
				"east": {"uv": [4, 14, 6, 15], "texture": "#0"},
				"south": {"uv": [6, 14, 8, 15], "texture": "#0"},
				"west": {"uv": [0, 14, 2, 15], "texture": "#0"},
				"up": {"uv": [2, 14, 0, 12], "rotation": 270, "texture": "#0"},
				"down": {"uv": [4, 12, 2, 14], "rotation": 90, "texture": "#0"}
			}
		},
		{
			"from": [7.5, 0, 9],
			"to": [8.5, 2, 11],
			"faces": {
				"north": {"uv": [8, 14, 9, 16], "texture": "#0"},
				"east": {"uv": [6, 12, 8, 14], "texture": "#0"},
				"south": {"uv": [9, 14, 10, 16], "texture": "#0"},
				"west": {"uv": [4, 12, 6, 14], "texture": "#0"},
				"up": {"uv": [12, 15, 10, 14], "rotation": 270, "texture": "#0"},
				"down": {"uv": [14, 14, 12, 15], "rotation": 90, "texture": "#0"}
			}
		}
	],
	"display": {
		"thirdperson_righthand": {
			"translation": [0, 5.5, -0.5]
		},
		"thirdperson_lefthand": {
			"translation": [0, 5.5, -0.5]
		},
		"firstperson_righthand": {
			"translation": [0, 7, -0.25],
			"scale": [1, 1, 0.82]
		},
		"firstperson_lefthand": {
			"translation": [0, 7, -0.25],
			"scale": [1, 1, 0.82]
		},
		"ground": {
			"translation": [0, 7.5, 0]
		},
		"gui": {
			"rotation": [29, 135, 0],
			"translation": [-0.5, 2.5, 0]
		}
	}
}