{
	"credit": "Made with Blockbench",
	"texture_size": [32, 32],
	"textures": {
		"0": "gc/guns/ee3",
		"particle": "gc/guns/ee3"
	},
	"elements": [
		{
			"from": [7, 3, -4],
			"to": [10, 6, 10],
			"faces": {
				"north": {"uv": [6, 3.5, 7.5, 5], "texture": "#0"},
				"east": {"uv": [0, 0, 7, 1.5], "texture": "#0"},
				"south": {"uv": [4, 6.5, 5.5, 8], "texture": "#0"},
				"west": {"uv": [0, 1.5, 7, 3], "texture": "#0"},
				"up": {"uv": [1.5, 10, 0, 3], "texture": "#0"},
				"down": {"uv": [3, 3, 1.5, 10], "texture": "#0"}
			}
		},
		{
			"from": [8, 4, -5],
			"to": [9, 5, -4],
			"faces": {
				"north": {"uv": [8, 5.5, 8.5, 6], "texture": "#0"},
				"east": {"uv": [8, 7.5, 8.5, 8], "texture": "#0"},
				"south": {"uv": [8, 8, 8.5, 8.5], "texture": "#0"},
				"west": {"uv": [8.5, 1, 9, 1.5], "texture": "#0"},
				"up": {"uv": [9, 2, 8.5, 1.5], "texture": "#0"},
				"down": {"uv": [9, 2, 8.5, 2.5], "texture": "#0"}
			}
		},
		{
			"from": [8, 6, 8],
			"to": [9, 7, 9],
			"faces": {
				"north": {"uv": [8.5, 4, 9, 4.5], "texture": "#0"},
				"east": {"uv": [8.5, 4.5, 9, 5], "texture": "#0"},
				"south": {"uv": [8.5, 5, 9, 5.5], "texture": "#0"},
				"west": {"uv": [8.5, 5.5, 9, 6], "texture": "#0"},
				"up": {"uv": [9, 6.5, 8.5, 6], "texture": "#0"},
				"down": {"uv": [7, 8.5, 6.5, 9], "texture": "#0"}
			}
		},
		{
			"from": [8, 6, 2],
			"to": [9, 7, 3],
			"faces": {
				"north": {"uv": [8.5, 6.5, 9, 7], "texture": "#0"},
				"east": {"uv": [8.5, 7, 9, 7.5], "texture": "#0"},
				"south": {"uv": [8.5, 7.5, 9, 8], "texture": "#0"},
				"west": {"uv": [8, 8.5, 8.5, 9], "texture": "#0"},
				"up": {"uv": [9, 8.5, 8.5, 8], "texture": "#0"},
				"down": {"uv": [9, 8.5, 8.5, 9], "texture": "#0"}
			}
		},
		{
			"from": [8, 7, 0],
			"to": [9, 8, 11],
			"faces": {
				"north": {"uv": [9, 1, 9.5, 1.5], "texture": "#0"},
				"east": {"uv": [3, 6, 8.5, 6.5], "texture": "#0"},
				"south": {"uv": [9, 1.5, 9.5, 2], "texture": "#0"},
				"west": {"uv": [6, 3, 11.5, 3.5], "texture": "#0"},
				"up": {"uv": [3.5, 12, 3, 6.5], "texture": "#0"},
				"down": {"uv": [4, 6.5, 3.5, 12], "texture": "#0"}
			}
		},
		{
			"from": [8, 3, 10],
			"to": [9, 4, 14],
			"faces": {
				"north": {"uv": [9, 2, 9.5, 2.5], "texture": "#0"},
				"east": {"uv": [6, 5, 8, 5.5], "texture": "#0"},
				"south": {"uv": [9, 4, 9.5, 4.5], "texture": "#0"},
				"west": {"uv": [6, 5.5, 8, 6], "texture": "#0"},
				"up": {"uv": [7, 8.5, 6.5, 6.5], "texture": "#0"},
				"down": {"uv": [7.5, 0, 7, 2], "texture": "#0"}
			}
		},
		{
			"from": [8, 2, 13],
			"to": [9, 3, 14],
			"faces": {
				"north": {"uv": [8, 9, 8.5, 9.5], "texture": "#0"},
				"east": {"uv": [9, 8, 9.5, 8.5], "texture": "#0"},
				"south": {"uv": [8.5, 9, 9, 9.5], "texture": "#0"},
				"west": {"uv": [9, 8.5, 9.5, 9], "texture": "#0"},
				"up": {"uv": [9.5, 9.5, 9, 9], "texture": "#0"},
				"down": {"uv": [10, 0, 9.5, 0.5], "texture": "#0"}
			}
		},
		{
			"from": [8, 0, 11],
			"to": [9, 1, 14],
			"faces": {
				"north": {"uv": [4.5, 9, 5, 9.5], "texture": "#0"},
				"east": {"uv": [8, 2.5, 9.5, 3], "texture": "#0"},
				"south": {"uv": [9, 4.5, 9.5, 5], "texture": "#0"},
				"west": {"uv": [8, 3.5, 9.5, 4], "texture": "#0"},
				"up": {"uv": [4.5, 9.5, 4, 8], "texture": "#0"},
				"down": {"uv": [8.5, 4, 8, 5.5], "texture": "#0"}
			}
		},
		{
			"from": [8, 1, 9],
			"to": [9, 3, 11],
			"faces": {
				"north": {"uv": [7.5, 1, 8, 2], "texture": "#0"},
				"east": {"uv": [7, 2, 8, 3], "texture": "#0"},
				"south": {"uv": [4.5, 8, 5, 9], "texture": "#0"},
				"west": {"uv": [7, 6.5, 8, 7.5], "texture": "#0"},
				"up": {"uv": [5.5, 9, 5, 8], "texture": "#0"},
				"down": {"uv": [8.5, 6.5, 8, 7.5], "texture": "#0"}
			}
		},
		{
			"from": [8, 2, 8],
			"to": [9, 3, 9],
			"faces": {
				"north": {"uv": [5, 9, 5.5, 9.5], "texture": "#0"},
				"east": {"uv": [9, 5, 9.5, 5.5], "texture": "#0"},
				"south": {"uv": [9, 5.5, 9.5, 6], "texture": "#0"},
				"west": {"uv": [9, 6, 9.5, 6.5], "texture": "#0"},
				"up": {"uv": [7, 9.5, 6.5, 9], "texture": "#0"},
				"down": {"uv": [9.5, 6.5, 9, 7], "texture": "#0"}
			}
		},
		{
			"from": [8, 0, 14],
			"to": [9, 3, 20],
			"faces": {
				"north": {"uv": [7.5, 3.5, 8, 5], "texture": "#0"},
				"east": {"uv": [3, 3, 6, 4.5], "texture": "#0"},
				"south": {"uv": [8, 1, 8.5, 2.5], "texture": "#0"},
				"west": {"uv": [3, 4.5, 6, 6], "texture": "#0"},
				"up": {"uv": [6, 9.5, 5.5, 6.5], "texture": "#0"},
				"down": {"uv": [6.5, 6.5, 6, 9.5], "texture": "#0"}
			}
		},
		{
			"from": [8, -1, 16],
			"to": [9, 0, 20],
			"faces": {
				"north": {"uv": [9, 7, 9.5, 7.5], "texture": "#0"},
				"east": {"uv": [7.5, 0, 9.5, 0.5], "texture": "#0"},
				"south": {"uv": [9, 7.5, 9.5, 8], "texture": "#0"},
				"west": {"uv": [7.5, 0.5, 9.5, 1], "texture": "#0"},
				"up": {"uv": [7.5, 9.5, 7, 7.5], "texture": "#0"},
				"down": {"uv": [8, 7.5, 7.5, 9.5], "texture": "#0"}
			}
		}
	],
	"display": {
		"thirdperson_righthand": {
			"translation": [-0.5, 7.25, -2.5]
		},
		"thirdperson_lefthand": {
			"translation": [-0.5, 6, -1.5]
		},
		"firstperson_righthand": {
			"translation": [0, 6.75, 0],
			"scale": [1, 1, 0.9]
		},
		"firstperson_lefthand": {
			"translation": [0, 6.75, 0],
			"scale": [1, 1, 0.9]
		},
		"gui": {
			"rotation": [29, 135, 0],
			"translation": [0.5, 3, 0],
			"scale": [0.8, 0.8, 0.8]
		}
	}
}