{
	"credit": "Made with Blockbench",
	"texture_size": [32, 32],
	"textures": {
		"0": "gc/guns/relbyv10_gas",
		"particle": "gc/guns/relbyv10_gas"
	},
	"elements": [
		{
			"from": [8, 1, 10],
			"to": [9, 3, 15],
			"faces": {
				"north": {"uv": [8, 1, 8.5, 2], "texture": "#0"},
				"east": {"uv": [5, 2, 7.5, 3], "texture": "#0"},
				"south": {"uv": [8, 5, 8.5, 6], "texture": "#0"},
				"west": {"uv": [5, 3, 7.5, 4], "texture": "#0"},
				"up": {"uv": [5, 8.5, 4.5, 6], "texture": "#0"},
				"down": {"uv": [5.5, 6, 5, 8.5], "texture": "#0"}
			}
		},
		{
			"from": [8, -1, 10],
			"to": [9, 1, 12],
			"faces": {
				"north": {"uv": [3.5, 9, 4, 10], "texture": "#0"},
				"east": {"uv": [7, 7.5, 8, 8.5], "texture": "#0"},
				"south": {"uv": [9, 3.5, 9.5, 4.5], "texture": "#0"},
				"west": {"uv": [8, 0, 9, 1], "texture": "#0"},
				"up": {"uv": [4.5, 10, 4, 9], "texture": "#0"},
				"down": {"uv": [9.5, 4.5, 9, 5.5], "texture": "#0"}
			}
		},
		{
			"from": [8, 0, -2],
			"to": [9, 3, -1],
			"faces": {
				"north": {"uv": [8.5, 2.5, 9, 4], "texture": "#0"},
				"east": {"uv": [4.5, 8.5, 5, 10], "texture": "#0"},
				"south": {"uv": [5, 8.5, 5.5, 10], "texture": "#0"},
				"west": {"uv": [5.5, 8.5, 6, 10], "texture": "#0"},
				"up": {"uv": [9, 9.5, 8.5, 9], "texture": "#0"},
				"down": {"uv": [9.5, 9, 9, 9.5], "texture": "#0"}
			}
		},
		{
			"from": [8, 1, 8],
			"to": [9, 2, 10],
			"faces": {
				"north": {"uv": [9, 7, 9.5, 7.5], "texture": "#0"},
				"east": {"uv": [8.5, 1.5, 9.5, 2], "texture": "#0"},
				"south": {"uv": [9, 7.5, 9.5, 8], "texture": "#0"},
				"west": {"uv": [6.5, 8.5, 7.5, 9], "texture": "#0"},
				"up": {"uv": [8, 9.5, 7.5, 8.5], "texture": "#0"},
				"down": {"uv": [9, 7.5, 8.5, 8.5], "texture": "#0"}
			}
		},
		{
			"from": [8, 2, 7],
			"to": [9, 3, 9],
			"faces": {
				"north": {"uv": [8, 9, 8.5, 9.5], "texture": "#0"},
				"east": {"uv": [8.5, 8.5, 9.5, 9], "texture": "#0"},
				"south": {"uv": [9, 8, 9.5, 8.5], "texture": "#0"},
				"west": {"uv": [9, 0, 10, 0.5], "texture": "#0"},
				"up": {"uv": [9.5, 3.5, 9, 2.5], "texture": "#0"},
				"down": {"uv": [3.5, 9, 3, 10], "texture": "#0"}
			}
		},
		{
			"from": [8, 4, 8],
			"to": [9, 5, 12],
			"faces": {
				"north": {"uv": [9, 6, 9.5, 6.5], "texture": "#0"},
				"east": {"uv": [6, 5.5, 8, 6], "texture": "#0"},
				"south": {"uv": [6.5, 9, 7, 9.5], "texture": "#0"},
				"west": {"uv": [7, 6.5, 9, 7], "texture": "#0"},
				"up": {"uv": [3.5, 9, 3, 7], "texture": "#0"},
				"down": {"uv": [4, 7, 3.5, 9], "texture": "#0"}
			}
		},
		{
			"from": [8, 3, 12],
			"to": [9, 5, 15],
			"faces": {
				"north": {"uv": [8.5, 5, 9, 6], "texture": "#0"},
				"east": {"uv": [3, 6, 4.5, 7], "texture": "#0"},
				"south": {"uv": [6, 8.5, 6.5, 9.5], "texture": "#0"},
				"west": {"uv": [6, 4, 7.5, 5], "texture": "#0"},
				"up": {"uv": [0.5, 10, 0, 8.5], "texture": "#0"},
				"down": {"uv": [1, 8.5, 0.5, 10], "texture": "#0"}
			}
		},
		{
			"from": [7.5, 3, -5],
			"to": [9.5, 5, 8],
			"faces": {
				"north": {"uv": [7, 0, 8, 1], "texture": "#0"},
				"east": {"uv": [0, 0, 6.5, 1], "texture": "#0"},
				"south": {"uv": [7, 1, 8, 2], "texture": "#0"},
				"west": {"uv": [0, 1, 6.5, 2], "texture": "#0"},
				"up": {"uv": [1, 8.5, 0, 2], "texture": "#0"},
				"down": {"uv": [2, 2, 1, 8.5], "texture": "#0"}
			}
		},
		{
			"from": [7.5, 3, 8],
			"to": [9.5, 4, 12],
			"faces": {
				"north": {"uv": [8, 4, 9, 4.5], "texture": "#0"},
				"east": {"uv": [7, 7, 9, 7.5], "texture": "#0"},
				"south": {"uv": [8.5, 1, 9.5, 1.5], "texture": "#0"},
				"west": {"uv": [7.5, 2, 9.5, 2.5], "texture": "#0"},
				"up": {"uv": [6, 6, 5, 4], "texture": "#0"},
				"down": {"uv": [3, 6, 2, 8], "texture": "#0"}
			}
		},
		{
			"from": [8, 5, -6],
			"to": [9, 6, -3],
			"faces": {
				"north": {"uv": [9, 6.5, 9.5, 7], "texture": "#0"},
				"east": {"uv": [7.5, 4.5, 9, 5], "texture": "#0"},
				"south": {"uv": [7, 9, 7.5, 9.5], "texture": "#0"},
				"west": {"uv": [7.5, 6, 9, 6.5], "texture": "#0"},
				"up": {"uv": [8.5, 4, 8, 2.5], "texture": "#0"},
				"down": {"uv": [8.5, 7.5, 8, 9], "texture": "#0"}
			}
		},
		{
			"from": [7, 2.5, -10],
			"to": [10, 5.5, -4],
			"faces": {
				"north": {"uv": [6.5, 11, 8, 12.5], "texture": "#0"},
				"east": {"uv": [0.5, 11, 3.5, 12.5], "texture": "#0"},
				"south": {"uv": [6.5, 12.5, 8, 14], "texture": "#0"},
				"west": {"uv": [0.5, 12.5, 3.5, 14], "texture": "#0"},
				"up": {"uv": [6.5, 14, 5, 11], "texture": "#0"},
				"down": {"uv": [5, 11, 3.5, 14], "texture": "#0"}
			}
		},
		{
			"from": [8, 5, 9],
			"to": [9, 6, 13],
			"faces": {
				"north": {"uv": [9, 0.5, 9.5, 1], "texture": "#0"},
				"east": {"uv": [6, 5, 8, 5.5], "texture": "#0"},
				"south": {"uv": [9, 5.5, 9.5, 6], "texture": "#0"},
				"west": {"uv": [5.5, 6, 7.5, 6.5], "texture": "#0"},
				"up": {"uv": [7, 2, 6.5, 0], "texture": "#0"},
				"down": {"uv": [6, 6.5, 5.5, 8.5], "texture": "#0"}
			}
		},
		{
			"from": [8, 0, 15],
			"to": [9, 4, 18],
			"faces": {
				"north": {"uv": [6, 6.5, 6.5, 8.5], "texture": "#0"},
				"east": {"uv": [2, 2, 3.5, 4], "texture": "#0"},
				"south": {"uv": [6.5, 6.5, 7, 8.5], "texture": "#0"},
				"west": {"uv": [3.5, 2, 5, 4], "texture": "#0"},
				"up": {"uv": [2.5, 9.5, 2, 8], "texture": "#0"},
				"down": {"uv": [3, 8, 2.5, 9.5], "texture": "#0"}
			}
		},
		{
			"from": [8, -1, 18],
			"to": [9, 3, 21],
			"faces": {
				"north": {"uv": [4, 7, 4.5, 9], "texture": "#0"},
				"east": {"uv": [2, 4, 3.5, 6], "texture": "#0"},
				"south": {"uv": [7.5, 2.5, 8, 4.5], "texture": "#0"},
				"west": {"uv": [3.5, 4, 5, 6], "texture": "#0"},
				"up": {"uv": [1.5, 10, 1, 8.5], "texture": "#0"},
				"down": {"uv": [2, 8.5, 1.5, 10], "texture": "#0"}
			}
		}
	],
	"display": {
		"thirdperson_righthand": {
			"translation": [-0.5, 5.5, -2.25]
		},
		"thirdperson_lefthand": {
			"translation": [-0.5, 5.5, -2.25]
		},
		"firstperson_righthand": {
			"translation": [-0.5, 7.25, 0.25],
			"scale": [1, 1, 0.73]
		},
		"firstperson_lefthand": {
			"translation": [-0.5, 7.25, 0.25],
			"scale": [1, 1, 0.73]
		},
		"ground": {
			"translation": [0, 7.75, 0]
		},
		"gui": {
			"rotation": [29, 135, 0],
			"translation": [0.5, 3, 0],
			"scale": [0.7, 0.7, 0.7]
		}
	}
}