{
	"credit": "Made with Blockbench",
	"texture_size": [32, 32],
	"textures": {
		"0": "gc/guns/tl-50",
		"particle": "gc/guns/tl-50"
	},
	"elements": [
		{
			"from": [7, 4, 0],
			"to": [9, 6, 9],
			"faces": {
				"north": {"uv": [1, 6.5, 2, 7.5], "texture": "#0"},
				"east": {"uv": [2, 2, 6.5, 3], "texture": "#0"},
				"south": {"uv": [6.5, 2, 7.5, 3], "texture": "#0"},
				"west": {"uv": [2, 3, 6.5, 4], "texture": "#0"},
				"up": {"uv": [3, 8.5, 2, 4], "texture": "#0"},
				"down": {"uv": [4, 4, 3, 8.5], "texture": "#0"}
			}
		},
		{
			"from": [7.5, 2, 9],
			"to": [8.5, 3, 11],
			"faces": {
				"north": {"uv": [6.5, 7.5, 7, 8], "texture": "#0"},
				"east": {"uv": [7, 5.5, 8, 6], "texture": "#0"},
				"south": {"uv": [7.5, 6.5, 8, 7], "texture": "#0"},
				"west": {"uv": [6, 7, 7, 7.5], "texture": "#0"},
				"up": {"uv": [7.5, 7, 7, 6], "texture": "#0"},
				"down": {"uv": [7.5, 7, 7, 8], "texture": "#0"}
			}
		},
		{
			"from": [7.5, 3, 3],
			"to": [8.5, 4, 6],
			"faces": {
				"north": {"uv": [1, 8, 1.5, 8.5], "texture": "#0"},
				"east": {"uv": [7, 1.5, 8.5, 2], "texture": "#0"},
				"south": {"uv": [1.5, 8, 2, 8.5], "texture": "#0"},
				"west": {"uv": [7, 4, 8.5, 4.5], "texture": "#0"},
				"up": {"uv": [5.5, 8, 5, 6.5], "texture": "#0"},
				"down": {"uv": [6, 6.5, 5.5, 8], "texture": "#0"}
			}
		},
		{
			"from": [7.5, 4.6, -1],
			"to": [8.5, 5.6, 0],
			"faces": {
				"north": {"uv": [8, 2, 8.5, 2.5], "texture": "#0"},
				"east": {"uv": [8, 2.5, 8.5, 3], "texture": "#0"},
				"south": {"uv": [8, 3, 8.5, 3.5], "texture": "#0"},
				"west": {"uv": [8, 3.5, 8.5, 4], "texture": "#0"},
				"up": {"uv": [4.5, 8.5, 4, 8], "texture": "#0"},
				"down": {"uv": [5, 8, 4.5, 8.5], "texture": "#0"}
			}
		},
		{
			"from": [7.5, 6, 1],
			"to": [8.5, 7, 1],
			"faces": {
				"north": {"uv": [8, 4.5, 8.5, 5], "texture": "#0"},
				"east": {"uv": [0, 0, 0, 0.5], "texture": "#0"},
				"south": {"uv": [5, 8, 5.5, 8.5], "texture": "#0"},
				"west": {"uv": [0, 0, 0, 0.5], "texture": "#0"},
				"up": {"uv": [0.5, 0, 0, 0], "texture": "#0"},
				"down": {"uv": [0.5, 0, 0, 0], "texture": "#0"}
			}
		},
		{
			"from": [7.5, 5, 9],
			"to": [8.5, 6, 11],
			"faces": {
				"north": {"uv": [7.5, 7, 8, 7.5], "texture": "#0"},
				"east": {"uv": [7.5, 0.5, 8.5, 1], "texture": "#0"},
				"south": {"uv": [7.5, 7.5, 8, 8], "texture": "#0"},
				"west": {"uv": [1, 7.5, 2, 8], "texture": "#0"},
				"up": {"uv": [8, 3, 7.5, 2], "texture": "#0"},
				"down": {"uv": [6.5, 7.5, 6, 8.5], "texture": "#0"}
			}
		},
		{
			"from": [7.5, 2, 9],
			"to": [8.5, 3, 11],
			"color": 7,
			"faces": {
				"north": {"uv": [0, 0, 0.5, 0.5], "texture": "#missing"},
				"east": {"uv": [0, 0, 1, 0.5], "texture": "#missing"},
				"south": {"uv": [0, 0, 0.5, 0.5], "texture": "#missing"},
				"west": {"uv": [0, 0, 1, 0.5], "texture": "#missing"},
				"up": {"uv": [0, 0, 0.5, 1], "texture": "#missing"},
				"down": {"uv": [0, 0, 0.5, 1], "texture": "#missing"}
			}
		},
		{
			"from": [7.5, 0, 11],
			"to": [8.5, 3, 13],
			"faces": {
				"north": {"uv": [4, 6.5, 4.5, 8], "texture": "#0"},
				"east": {"uv": [4.5, 0, 5.5, 1.5], "texture": "#0"},
				"south": {"uv": [4.5, 6.5, 5, 8], "texture": "#0"},
				"west": {"uv": [5.5, 0, 6.5, 1.5], "texture": "#0"},
				"up": {"uv": [0.5, 8.5, 0, 7.5], "texture": "#0"},
				"down": {"uv": [1, 7.5, 0.5, 8.5], "texture": "#0"}
			}
		},
		{
			"from": [7, 3, 9],
			"to": [9, 5, 18],
			"faces": {
				"north": {"uv": [0, 6.5, 1, 7.5], "texture": "#0"},
				"east": {"uv": [0, 0, 4.5, 1], "texture": "#0"},
				"south": {"uv": [6.5, 0.5, 7.5, 1.5], "texture": "#0"},
				"west": {"uv": [0, 1, 4.5, 2], "texture": "#0"},
				"up": {"uv": [1, 6.5, 0, 2], "texture": "#0"},
				"down": {"uv": [2, 2, 1, 6.5], "texture": "#0"}
			}
		},
		{
			"from": [7, 2, 13],
			"to": [9, 3, 18],
			"faces": {
				"north": {"uv": [7, 4.5, 8, 5], "texture": "#0"},
				"east": {"uv": [4.5, 1.5, 7, 2], "texture": "#0"},
				"south": {"uv": [7, 5, 8, 5.5], "texture": "#0"},
				"west": {"uv": [6.5, 0, 9, 0.5], "texture": "#0"},
				"up": {"uv": [5, 6.5, 4, 4], "texture": "#0"},
				"down": {"uv": [6, 4, 5, 6.5], "texture": "#0"}
			}
		},
		{
			"from": [7, 3, 6],
			"to": [9, 4, 9],
			"faces": {
				"north": {"uv": [7.5, 1, 8.5, 1.5], "texture": "#0"},
				"east": {"uv": [6.5, 3, 8, 3.5], "texture": "#0"},
				"south": {"uv": [7.5, 6, 8.5, 6.5], "texture": "#0"},
				"west": {"uv": [6.5, 3.5, 8, 4], "texture": "#0"},
				"up": {"uv": [7, 5.5, 6, 4], "texture": "#0"},
				"down": {"uv": [7, 5.5, 6, 7], "texture": "#0"}
			}
		}
	],
	"display": {
		"thirdperson_righthand": {
			"translation": [0, 5.25, -4]
		},
		"thirdperson_lefthand": {
			"translation": [0, 5.25, -4]
		},
		"firstperson_righthand": {
			"translation": [0, 7, 0.5],
			"scale": [1, 1, 0.83]
		},
		"firstperson_lefthand": {
			"translation": [0, 7, 0.5],
			"scale": [1, 1, 0.83]
		},
		"ground": {
			"translation": [0, 6.25, 0]
		},
		"gui": {
			"rotation": [29, 135, 0],
			"translation": [-0.5, 2.5, 0]
		}
	}
}