{
	"credit": "Made with Blockbench",
	"textures": {
		"0": "gc/guns/x-8",
		"particle": "gc/guns/x-8"
	},
	"elements": [
		{
			"from": [7, 5, 1],
			"to": [8, 6, 13],
			"rotation": {"angle": 0, "axis": "y", "origin": [16, 0, 16]},
			"faces": {
				"north": {"uv": [7, 5, 8, 6], "texture": "#0"},
				"east": {"uv": [0, 0, 12, 1], "texture": "#0"},
				"south": {"uv": [8, 5, 9, 6], "texture": "#0"},
				"west": {"uv": [0, 1, 12, 2], "texture": "#0"},
				"up": {"uv": [1, 14, 0, 2], "texture": "#0"},
				"down": {"uv": [2, 2, 1, 14], "texture": "#0"}
			}
		},
		{
			"from": [7, 4, 4],
			"to": [8, 5, 13],
			"rotation": {"angle": 0, "axis": "y", "origin": [16, 0, 16]},
			"faces": {
				"north": {"uv": [5, 13, 6, 14], "texture": "#0"},
				"east": {"uv": [6, 6, 15, 7], "texture": "#0"},
				"south": {"uv": [13, 5, 14, 6], "texture": "#0"},
				"west": {"uv": [7, 2, 16, 3], "texture": "#0"},
				"up": {"uv": [7, 16, 6, 7], "texture": "#0"},
				"down": {"uv": [8, 7, 7, 16], "texture": "#0"}
			}
		},
		{
			"from": [7, 3, 5],
			"to": [8, 4, 10],
			"rotation": {"angle": 0, "axis": "y", "origin": [16, 0, 16]},
			"faces": {
				"north": {"uv": [4, 13, 5, 14], "texture": "#0"},
				"east": {"uv": [7, 3, 12, 4], "texture": "#0"},
				"south": {"uv": [13, 4, 14, 5], "texture": "#0"},
				"west": {"uv": [7, 4, 12, 5], "texture": "#0"},
				"up": {"uv": [9, 12, 8, 7], "texture": "#0"},
				"down": {"uv": [10, 7, 9, 12], "texture": "#0"}
			}
		},
		{
			"from": [7, 2, 6],
			"to": [8, 3, 8],
			"rotation": {"angle": 0, "axis": "y", "origin": [16, 0, 16]},
			"faces": {
				"north": {"uv": [9, 15, 10, 16], "texture": "#0"},
				"east": {"uv": [10, 14, 12, 15], "texture": "#0"},
				"south": {"uv": [9, 14, 10, 15], "texture": "#0"},
				"west": {"uv": [10, 15, 12, 16], "texture": "#0"},
				"up": {"uv": [14, 16, 13, 14], "texture": "#0"},
				"down": {"uv": [13, 14, 12, 16], "texture": "#0"}
			}
		},
		{
			"from": [7, 0, 12],
			"to": [8, 3, 13],
			"rotation": {"angle": 0, "axis": "y", "origin": [16, 0, 16]},
			"faces": {
				"north": {"uv": [10, 11, 11, 14], "texture": "#0"},
				"east": {"uv": [11, 11, 12, 14], "texture": "#0"},
				"south": {"uv": [12, 3, 13, 6], "texture": "#0"},
				"west": {"uv": [12, 7, 13, 10], "texture": "#0"},
				"up": {"uv": [12, 6, 11, 5], "texture": "#0"},
				"down": {"uv": [14, 3, 13, 4], "texture": "#0"}
			}
		},
		{
			"from": [7, 0, 13],
			"to": [8, 2, 14],
			"rotation": {"angle": 0, "axis": "y", "origin": [16, 0, 16]},
			"faces": {
				"north": {"uv": [12, 12, 13, 14], "texture": "#0"},
				"east": {"uv": [13, 0, 14, 2], "texture": "#0"},
				"south": {"uv": [2, 13, 3, 15], "texture": "#0"},
				"west": {"uv": [3, 13, 4, 15], "texture": "#0"},
				"up": {"uv": [10, 6, 9, 5], "texture": "#0"},
				"down": {"uv": [11, 5, 10, 6], "texture": "#0"}
			}
		},
		{
			"from": [7, 1, 11],
			"to": [8, 2, 12],
			"rotation": {"angle": 0, "axis": "y", "origin": [16, 0, 16]},
			"faces": {
				"north": {"uv": [13, 7, 14, 8], "texture": "#0"},
				"east": {"uv": [13, 8, 14, 9], "texture": "#0"},
				"south": {"uv": [13, 9, 14, 10], "texture": "#0"},
				"west": {"uv": [13, 10, 14, 11], "texture": "#0"},
				"up": {"uv": [14, 12, 13, 11], "texture": "#0"},
				"down": {"uv": [14, 12, 13, 13], "texture": "#0"}
			}
		},
		{
			"from": [7, 2, 10],
			"to": [8, 4, 12],
			"rotation": {"angle": 0, "axis": "y", "origin": [16, 0, 16]},
			"faces": {
				"north": {"uv": [12, 0, 13, 2], "texture": "#0"},
				"east": {"uv": [10, 7, 12, 9], "texture": "#0"},
				"south": {"uv": [8, 12, 9, 14], "texture": "#0"},
				"west": {"uv": [10, 9, 12, 11], "texture": "#0"},
				"up": {"uv": [10, 14, 9, 12], "texture": "#0"},
				"down": {"uv": [13, 10, 12, 12], "texture": "#0"}
			}
		},
		{
			"from": [8, 6, 6],
			"to": [10, 8, 11],
			"rotation": {"angle": 0, "axis": "y", "origin": [16, 0, 16]},
			"faces": {
				"north": {"uv": [2, 11, 4, 13], "texture": "#0"},
				"east": {"uv": [2, 2, 7, 4], "texture": "#0"},
				"south": {"uv": [4, 11, 6, 13], "texture": "#0"},
				"west": {"uv": [2, 4, 7, 6], "texture": "#0"},
				"up": {"uv": [4, 11, 2, 6], "texture": "#0"},
				"down": {"uv": [6, 6, 4, 11], "texture": "#0"}
			}
		}
	],
	"display": {
		"thirdperson_righthand": {
			"translation": [0.5, 4.75, -1]
		},
		"thirdperson_lefthand": {
			"translation": [-0.5, 4.75, -1]
		},
		"firstperson_righthand": {
			"translation": [-0.5, 7, 1],
			"scale": [1, 1, 0.9]
		},
		"firstperson_lefthand": {
			"translation": [-0.5, 7, 1],
			"scale": [1, 1, 0.9]
		},
		"ground": {
			"translation": [0, 5.75, 0]
		},
		"gui": {
			"rotation": [29, 135, 0],
			"translation": [0, 2.75, 0],
			"scale": [1.2, 1.2, 1.2]
		}
	}
}