{
	"credit": "Made with Blockbench",
	"texture_size": [32, 32],
	"textures": {
		"0": "gc/lightsabers/luke_saber",
		"particle": "gc/lightsabers/luke_saber"
	},
	"elements": [
		{
			"from": [7, 0, 7],
			"to": [9, 28, 9],
			"faces": {
				"north": {"uv": [0, 0, 1, 14], "texture": "#0"},
				"east": {"uv": [1, 0, 2, 14], "texture": "#0"},
				"south": {"uv": [2, 0, 3, 14], "texture": "#0"},
				"west": {"uv": [3, 0, 4, 14], "texture": "#0"},
				"up": {"uv": [7, 1, 6, 0], "texture": "#0"},
				"down": {"uv": [7, 1, 6, 2], "texture": "#0"}
			}
		},
		{
			"from": [7, -8, 7],
			"to": [9, 0, 9],
			"faces": {
				"north": {"uv": [4, 0, 5, 4], "texture": "#0"},
				"east": {"uv": [4, 4, 5, 8], "texture": "#0"},
				"south": {"uv": [5, 0, 6, 4], "texture": "#0"},
				"west": {"uv": [5, 4, 6, 8], "texture": "#0"},
				"up": {"uv": [7, 3, 6, 2], "texture": "#0"},
				"down": {"uv": [7, 3, 6, 4], "texture": "#0"}
			}
		}
	],
	"display": {
		"thirdperson_righthand": {
			"rotation": [0, 0, 48],
			"translation": [-7.25, 4.5, 1.25],
			"scale": [0.8, 0.8, 0.8]
		},
		"thirdperson_lefthand": {
			"rotation": [0, 0, 48],
			"translation": [-7.25, 4.5, 1.25],
			"scale": [0.8, 0.8, 0.8]
		},
		"firstperson_righthand": {
			"rotation": [0, 0, 79],
			"translation": [-5, 3, 1.25],
			"scale": [0.8, 0.8, 0.8]
		},
		"firstperson_lefthand": {
			"rotation": [0, 0, 79],
			"translation": [-5, 3, 1.25],
			"scale": [0.8, 0.8, 0.8]
		},
		"gui": {
			"rotation": [0, 26, 41],
			"translation": [0.5, -0.75, 0],
			"scale": [0.76, 0.5, 0.79]
		}
	}
}